Order ID,Order Date,Customer Name,Country,Region,Category,Product Name,Quantity,Sales ($),Profit ($)
ORD-10000,2023-02-27,John Jones,Australia,Oceania,Furniture,Desk,3,1846.59,526.91
ORD-10001,2023-10-30,James Smith,United States,North America,Electronics,Smartphone,4,1577.18,300.14
ORD-10002,2023-11-29,Robert Miller,Australia,Oceania,Furniture,Sofa,10,2947.33,954.52
ORD-10003,2023-12-24,James Garcia,United Kingdom,Europe,Clothing,Jeans,4,577.75,231.67
ORD-10004,2023-07-03,Jessica Martinez,United States,North America,Clothing,T-Shirt,12,956.7,322.84
ORD-10005,2023-10-10,David Martinez,United States,North America,Clothing,Sweater,4,446.38,140.05
ORD-10006,2023-02-10,Emma Johnson,Germany,Europe,Software,Cloud Storage,8,1671.37,1079.59
ORD-10007,2023-12-10,David Johnson,United Kingdom,Europe,Furniture,Dining Table,12,3256.41,789.52
ORD-10008,2023-12-19,Robert Brown,Australia,Oceania,Clothing,T-Shirt,4,507.34,274.73
ORD-10009,2023-04-19,Olivia Garcia,United States,North America,Furniture,Sofa,7,5034.95,1402.59
ORD-10010,2023-05-07,Robert Rodriguez,United Kingdom,Europe,Clothing,Sweater,7,957.02,401.78
ORD-10011,2023-09-18,Emily Johnson,United Kingdom,Europe,Electronics,Smartphone,3,2426.46,530.94
ORD-10012,2023-07-17,James Martinez,United States,North America,Software,Video Editor,5,1463.85,1235.95
ORD-10013,2023-02-28,Robert Jones,Australia,Oceania,Clothing,T-Shirt,5,382.6,166.86
ORD-10014,2023-05-15,Robert Williams,Australia,Oceania,Electronics,Headphones,14,11492.56,2199.05
ORD-10015,2023-03-24,Robert Rodriguez,Canada,North America,Electronics,Smartwatch,6,3978.22,464.58
ORD-10016,2023-06-07,Emma Smith,Canada,North America,Furniture,Dining Table,2,319.91,79.08
ORD-10017,2023-09-30,Michael Williams,Canada,North America,Software,Video Editor,3,348.79,296.11
ORD-10018,2023-10-04,Emma Jones,United Kingdom,Europe,Software,Cloud Storage,8,2199.23,1496.78
ORD-10019,2023-06-23,John Martinez,United States,North America,Furniture,Dining Table,4,420.13,122.5
ORD-10020,2023-01-17,Jessica Johnson,United States,North America,Furniture,Bookshelf,11,4837.69,1247.38
ORD-10021,2023-10-23,Emily Brown,Japan,Asia,Software,Design Tool,4,294.33,224.75
ORD-10022,2023-08-28,John Johnson,France,Europe,Electronics,Tablet,12,6075.21,1392.75
ORD-10023,2023-10-02,Emily Williams,United Kingdom,Europe,Software,Office Suite,5,828.29,703.88
ORD-10024,2023-10-09,Sarah Smith,Canada,North America,Electronics,Smartphone,15,14118.66,1912.47
ORD-10025,2023-04-20,James Smith,France,Europe,Furniture,Sofa,1,789.72,160.35
ORD-10026,2023-05-27,James Rodriguez,France,Europe,Software,Office Suite,4,496.71,440.82
ORD-10027,2023-02-01,Jessica Smith,Japan,Asia,Electronics,Smartwatch,8,5423.94,1236.16
ORD-10028,2023-02-11,Michael Johnson,Japan,Asia,Electronics,Laptop,7,1931.17,451.01
ORD-10029,2023-01-21,Olivia Johnson,Japan,Asia,Software,Video Editor,10,1806.96,1579.07
ORD-10030,2023-06-10,Emma Jones,Australia,Oceania,Software,Office Suite,11,2325.13,1587.81
ORD-10031,2023-01-05,Emily Martinez,United States,North America,Electronics,Smartphone,9,3364.31,470.26
ORD-10032,2023-05-06,Jessica Jones,United States,North America,Furniture,Sofa,14,6723.54,1415.33
ORD-10033,2023-12-01,Robert Smith,Canada,North America,Clothing,T-Shirt,15,561.87,188.02
ORD-10034,2023-03-21,David Jones,Japan,Asia,Furniture,Bookshelf,4,2324.99,745.35
ORD-10035,2023-01-27,Sarah Miller,Germany,Europe,Clothing,T-Shirt,1,63.36,21.49
ORD-10036,2023-08-15,Robert Miller,United Kingdom,Europe,Electronics,Smartphone,2,2284.61,465.27
ORD-10037,2023-07-09,Olivia Rodriguez,United States,North America,Furniture,Sofa,3,387.84,86.46
ORD-10038,2023-01-21,Jessica Brown,Canada,North America,Furniture,Office Chair,6,3876.49,1266.94
ORD-10039,2023-03-21,Emma Williams,Japan,Asia,Furniture,Sofa,1,225.55,75.54
ORD-10040,2023-12-09,Emma Jones,France,Europe,Furniture,Office Chair,7,4973.62,1600.11
ORD-10041,2023-08-24,Jessica Jones,Canada,North America,Furniture,Desk,1,562.02,129.09
ORD-10042,2023-05-23,Jessica Rodriguez,United States,North America,Software,Video Editor,6,1708.86,933.27
ORD-10043,2023-10-25,David Smith,United Kingdom,Europe,Electronics,Smartwatch,7,3590.8,782.67
ORD-10044,2023-03-01,James Martinez,Japan,Asia,Furniture,Bookshelf,1,596.15,89.62
ORD-10045,2023-12-18,Emma Garcia,Japan,Asia,Software,Antivirus,11,3082.12,2309.32
ORD-10046,2023-06-03,Robert Jones,United States,North America,Software,Cloud Storage,7,1570.11,1133.25
ORD-10047,2023-07-14,Michael Martinez,Australia,Oceania,Clothing,Sneakers,9,1155.46,451.97
ORD-10048,2023-10-24,Olivia Garcia,Canada,North America,Software,Design Tool,8,1751.25,1233.7
ORD-10049,2023-03-28,Sarah Jones,Canada,North America,Clothing,T-Shirt,14,2012.64,745.6
ORD-10050,2023-04-12,Michael Smith,Canada,North America,Electronics,Laptop,8,6334.7,1363.69
ORD-10051,2023-10-22,Emma Miller,Australia,Oceania,Software,Design Tool,4,347.57,269.38
ORD-10052,2023-02-24,James Brown,Canada,North America,Furniture,Dining Table,8,1081.22,216.07
ORD-10053,2023-03-10,Emily Rodriguez,France,Europe,Clothing,Sneakers,10,1259.51,714.91
ORD-10054,2023-08-17,Michael Davis,Japan,Asia,Software,Cloud Storage,13,1453.53,1097.51
ORD-10055,2023-09-06,Emma Jones,Japan,Asia,Software,Antivirus,12,1457.18,886.97
ORD-10056,2023-02-11,Michael Williams,Japan,Asia,Furniture,Sofa,12,2483.56,478.81
ORD-10057,2023-10-05,Emily Miller,Germany,Europe,Electronics,Laptop,14,8276.11,1950.89
ORD-10058,2023-01-11,Olivia Miller,Australia,Oceania,Software,Antivirus,6,747.92,490.63
ORD-10059,2023-08-03,Robert Rodriguez,Canada,North America,Furniture,Sofa,4,1164.22,287.71
ORD-10060,2023-12-14,James Williams,Australia,Oceania,Software,Office Suite,10,1835.31,1583.45
ORD-10061,2023-01-14,Sarah Miller,Australia,Oceania,Furniture,Sofa,3,405.6,91.59
ORD-10062,2023-06-22,James Jones,Germany,Europe,Software,Cloud Storage,14,986.67,500.98
ORD-10063,2023-04-25,Sarah Smith,Germany,Europe,Electronics,Laptop,4,4124.76,796.91
ORD-10064,2023-12-09,Sarah Martinez,France,Europe,Furniture,Sofa,12,3352.45,750.21
ORD-10065,2023-02-28,Michael Jones,Australia,Oceania,Electronics,Smartwatch,1,1125.33,209.73
ORD-10066,2023-07-23,Emma Johnson,France,Europe,Furniture,Office Chair,12,7688.84,2460.88
ORD-10067,2023-10-17,John Garcia,United States,North America,Software,Cloud Storage,2,352.98,224.67
ORD-10068,2023-09-08,Sarah Miller,Canada,North America,Clothing,Sneakers,12,478.67,168.89
ORD-10069,2023-05-19,Olivia Rodriguez,Australia,Oceania,Software,Design Tool,7,1795.04,1322.93
ORD-10070,2023-02-14,David Davis,United Kingdom,Europe,Furniture,Sofa,10,5272.32,1190.48
ORD-10071,2023-06-16,Michael Davis,Canada,North America,Furniture,Bookshelf,13,3651.01,751.86
ORD-10072,2023-10-12,John Rodriguez,Germany,Europe,Furniture,Office Chair,4,2416.21,598.53
ORD-10073,2023-09-01,Emily Davis,Australia,Oceania,Electronics,Smartphone,5,1913.38,389.89
ORD-10074,2023-07-08,Emily Rodriguez,Japan,Asia,Clothing,Sneakers,12,1098.61,445.53
ORD-10075,2023-05-09,Emma Johnson,Germany,Europe,Furniture,Bookshelf,2,1240.03,421.83
ORD-10076,2023-04-21,Emily Jones,United Kingdom,Europe,Clothing,T-Shirt,14,633.29,233.21
ORD-10077,2023-12-29,Robert Williams,United States,North America,Clothing,T-Shirt,1,91.94,46.82
ORD-10078,2023-09-09,Sarah Smith,Canada,North America,Clothing,Sneakers,8,618.09,219.61
ORD-10079,2023-09-02,Sarah Johnson,Canada,North America,Software,Design Tool,2,388.51,300.93
ORD-10080,2023-10-16,David Johnson,Canada,North America,Furniture,Office Chair,9,5715.99,1550.54
ORD-10081,2023-09-25,James Davis,United Kingdom,Europe,Software,Cloud Storage,14,2759.84,1853.32
ORD-10082,2023-11-09,Sarah Brown,United States,North America,Furniture,Bookshelf,11,1725.14,341.53
ORD-10083,2023-01-02,James Davis,United Kingdom,Europe,Software,Cloud Storage,1,107.87,84.44
ORD-10084,2023-02-06,Emma Jones,France,Europe,Furniture,Sofa,2,962.39,269.01
ORD-10085,2023-03-14,Sarah Smith,Canada,North America,Furniture,Bookshelf,10,6242.7,1647.08
ORD-10086,2023-08-28,David Miller,United States,North America,Clothing,Sweater,9,757.74,245.61
ORD-10087,2023-06-15,Olivia Jones,France,Europe,Electronics,Smartphone,4,4640.03,1045.83
ORD-10088,2023-12-11,David Martinez,United States,North America,Electronics,Laptop,8,5559.3,924.7
ORD-10089,2023-08-12,Emily Johnson,Japan,Asia,Software,Cloud Storage,7,933.29,716.82
ORD-10090,2023-07-30,Emily Jones,Germany,Europe,Software,Video Editor,1,163.71,102.45
ORD-10091,2023-07-26,Robert Smith,Canada,North America,Software,Design Tool,1,96.9,62.47
ORD-10092,2023-08-15,John Brown,Australia,Oceania,Clothing,Sweater,3,421.79,181.97
ORD-10093,2023-01-15,Olivia Brown,United States,North America,Furniture,Bookshelf,9,986.15,228.39
ORD-10094,2023-02-28,Emily Johnson,Canada,North America,Furniture,Sofa,15,9024.33,2272.1
ORD-10095,2023-09-05,Emily Brown,Canada,North America,Software,Video Editor,3,437.69,380.24
ORD-10096,2023-02-05,David Miller,United Kingdom,Europe,Clothing,Sweater,5,633.36,243.75
ORD-10097,2023-10-24,Emily Williams,Japan,Asia,Software,Video Editor,8,1090.25,785.82
ORD-10098,2023-06-14,Emma Brown,France,Europe,Software,Office Suite,14,3414.41,1766.82
ORD-10099,2023-07-15,James Williams,Australia,Oceania,Software,Antivirus,3,526.72,387.7
ORD-10100,2023-08-14,Sarah Rodriguez,Canada,North America,Software,Antivirus,12,1032.47,875.92
ORD-10101,2023-08-29,David Garcia,United States,North America,Software,Antivirus,14,1849.98,1424.01
ORD-10102,2023-11-17,Emily Rodriguez,Germany,Europe,Electronics,Smartwatch,2,793.02,160.71
ORD-10103,2023-02-16,James Johnson,United Kingdom,Europe,Electronics,Tablet,3,2636.1,620.84
ORD-10104,2023-01-29,David Garcia,Canada,North America,Clothing,Sneakers,3,155.24,65.76
ORD-10105,2023-03-29,Michael Johnson,United Kingdom,Europe,Software,Video Editor,11,1212.28,1048.78
ORD-10106,2023-11-23,David Davis,France,Europe,Clothing,T-Shirt,15,1869.03,1066.03
ORD-10107,2023-02-07,Emily Garcia,United Kingdom,Europe,Clothing,Sneakers,12,630.15,348.85
ORD-10108,2023-09-05,Sarah Brown,France,Europe,Software,Video Editor,6,1162.22,1042.6
ORD-10109,2023-12-04,James Jones,Canada,North America,Electronics,Smartwatch,14,12181.25,2578.77
ORD-10110,2023-09-12,David Brown,Japan,Asia,Clothing,Jeans,11,491.89,184.55
ORD-10111,2023-12-04,Michael Johnson,Canada,North America,Electronics,Headphones,13,7967.24,1489.36
ORD-10112,2023-06-01,Jessica Miller,United States,North America,Furniture,Desk,3,1951.68,634.87
ORD-10113,2023-05-20,Michael Jones,Japan,Asia,Software,Cloud Storage,12,3211.19,2638.61
ORD-10114,2023-03-14,Emma Miller,United States,North America,Clothing,T-Shirt,13,926.83,351.58
ORD-10115,2023-12-11,David Martinez,Germany,Europe,Software,Cloud Storage,2,437.42,301.2
ORD-10116,2023-06-17,Olivia Brown,Japan,Asia,Electronics,Tablet,15,13291.97,2623.65
ORD-10117,2023-01-20,David Davis,United States,North America,Electronics,Smartphone,4,4326.49,520.69
ORD-10118,2023-12-23,Robert Miller,Australia,Oceania,Furniture,Sofa,11,1862.47,461.65
ORD-10119,2023-01-17,Jessica Brown,Germany,Europe,Software,Design Tool,4,1055.45,569.67
ORD-10120,2023-11-27,Jessica Smith,Japan,Asia,Software,Cloud Storage,4,1168.21,1027.56
ORD-10121,2023-12-06,Emma Martinez,United States,North America,Electronics,Smartphone,13,6502.4,1614.7
ORD-10122,2023-02-05,Robert Brown,United Kingdom,Europe,Furniture,Desk,6,3852.35,1185.48
ORD-10123,2023-03-16,Michael Rodriguez,Germany,Europe,Clothing,Jeans,2,211.87,65.2
ORD-10124,2023-05-02,Olivia Garcia,Canada,North America,Electronics,Laptop,5,1025.09,216.56
ORD-10125,2023-02-02,Emily Davis,Australia,Oceania,Clothing,Sweater,10,341.77,154.19
ORD-10126,2023-12-04,Robert Jones,United States,North America,Software,Antivirus,1,299.65,251.38
ORD-10127,2023-09-09,Emily Johnson,United States,North America,Electronics,Headphones,10,3057.51,363.63
ORD-10128,2023-10-08,Jessica Miller,Japan,Asia,Clothing,Sneakers,9,888.35,292.94
ORD-10129,2023-12-02,Robert Brown,Canada,North America,Software,Design Tool,15,1606.85,1021.27
ORD-10130,2023-02-18,Jessica Miller,France,Europe,Clothing,Jacket,6,863.8,437.12
ORD-10131,2023-02-13,Sarah Miller,United States,North America,Electronics,Headphones,13,3726.08,406.13
ORD-10132,2023-06-18,Sarah Miller,Japan,Asia,Clothing,Sneakers,14,1946.84,614.1
ORD-10133,2023-06-30,Sarah Martinez,Germany,Europe,Furniture,Desk,11,4812.86,1537.49
ORD-10134,2023-07-08,Sarah Jones,Japan,Asia,Furniture,Sofa,14,6897.46,2093.29
ORD-10135,2023-11-26,Robert Smith,Australia,Oceania,Clothing,T-Shirt,3,166.58,88.07
ORD-10136,2023-01-04,Michael Williams,Germany,Europe,Software,Antivirus,3,705.73,627.2
ORD-10137,2023-04-21,James Miller,Japan,Asia,Software,Cloud Storage,3,427.54,337.17
ORD-10138,2023-11-02,Sarah Smith,Japan,Asia,Furniture,Desk,13,6922.33,1971.44
ORD-10139,2023-08-06,Emily Martinez,Australia,Oceania,Software,Design Tool,5,519.46,366.19
ORD-10140,2023-05-26,Olivia Davis,United States,North America,Clothing,T-Shirt,208,14847.92,7123.99
ORD-10141,2023-03-12,David Jones,Canada,North America,Clothing,T-Shirt,1,84.66,36.34
ORD-10142,2023-12-27,Emma Rodriguez,Japan,Asia,Clothing,T-Shirt,7,924.21,288.99
ORD-10143,2023-06-10,Olivia Miller,United States,North America,Software,Design Tool,5,393.97,200.27
ORD-10144,2023-11-13,Emily Garcia,Canada,North America,Electronics,Tablet,14,3656.19,604.56
ORD-10145,2023-07-22,David Garcia,United States,North America,Furniture,Bookshelf,13,2830.01,713.44
ORD-10146,2023-04-10,Jessica Garcia,Japan,Asia,Furniture,Desk,2,405.02,76.73
ORD-10147,2023-12-02,Sarah Williams,Canada,North America,Software,Design Tool,13,2482.14,1816.4
ORD-10148,2023-11-26,Olivia Garcia,Japan,Asia,Clothing,Jeans,8,231.02,99.95
ORD-10149,2023-10-30,John Garcia,Germany,Europe,Electronics,Headphones,8,4996.08,542.24
ORD-10150,2023-11-27,Sarah Martinez,United States,North America,Software,Design Tool,10,1885.79,1540.18
ORD-10151,2023-10-20,Emma Garcia,France,Europe,Software,Video Editor,3,868.29,590.62
ORD-10152,2023-06-25,Sarah Rodriguez,Canada,North America,Furniture,Office Chair,4,2381.34,829.18
ORD-10153,2023-03-23,Jessica Garcia,Japan,Asia,Clothing,Sneakers,7,844.76,425.48
ORD-10154,2023-11-28,Jessica Johnson,Australia,Oceania,Clothing,T-Shirt,9,973.7,375.11
ORD-10155,2023-11-05,Michael Garcia,Australia,Oceania,Electronics,Smartwatch,11,3283.5,500.65
ORD-10156,2023-12-06,James Williams,Australia,Oceania,Electronics,Headphones,9,4909.62,1073.98
ORD-10157,2023-12-26,Robert Johnson,Australia,Oceania,Software,Video Editor,6,327.35,204.12
ORD-10158,2023-09-06,Emma Brown,Germany,Europe,Furniture,Desk,2,614.11,188.91
ORD-10159,2023-09-27,John Garcia,Japan,Asia,Furniture,Dining Table,7,1455.84,271.03
ORD-10160,2023-03-26,Emily Smith,Japan,Asia,Software,Cloud Storage,11,2528.86,2245.21
ORD-10161,2023-08-18,Emma Rodriguez,Canada,North America,Furniture,Bookshelf,13,8437.77,2791.17
ORD-10162,2023-10-20,Emily Davis,Australia,Oceania,Clothing,Sneakers,9,797.13,470.21
ORD-10163,2023-11-06,Michael Jones,Canada,North America,Electronics,Tablet,14,7556.82,1814.73
ORD-10164,2023-03-05,David Johnson,Japan,Asia,Furniture,Bookshelf,8,5869.71,1053.44
ORD-10165,2023-08-19,Jessica Smith,United Kingdom,Europe,Software,Antivirus,7,1228.51,730.12
ORD-10166,2023-04-25,John Garcia,Germany,Europe,Electronics,Headphones,13,3943.57,417.01
ORD-10167,2023-12-23,Michael Davis,France,Europe,Software,Video Editor,1,276.46,140.33
ORD-10168,2023-10-08,Olivia Rodriguez,United Kingdom,Europe,Software,Antivirus,13,1586.33,984.26
ORD-10169,2023-11-24,Olivia Davis,France,Europe,Electronics,Smartphone,14,15405.66,2919.54
ORD-10170,2023-10-22,Emma Williams,Japan,Asia,Clothing,Sneakers,1,99.93,37.19
ORD-10171,2023-12-09,Sarah Rodriguez,Australia,Oceania,Clothing,T-Shirt,9,816.58,437.62
ORD-10172,2023-07-19,Emily Smith,United States,North America,Software,Cloud Storage,5,1184.15,761.22
ORD-10173,2023-12-03,Sarah Martinez,United Kingdom,Europe,Clothing,Jeans,1,65.8,26.42
ORD-10174,2023-12-17,Emily Davis,Canada,North America,Furniture,Desk,2,1202.46,407.3
ORD-10175,2023-01-23,Emma Smith,United Kingdom,Europe,Clothing,Jacket,9,645.92,351.78
ORD-10176,2023-11-28,Emma Jones,United States,North America,Clothing,T-Shirt,14,1473.43,562.8
ORD-10177,2023-07-24,Emily Miller,France,Europe,Clothing,Jeans,8,879.75,360.88
ORD-10178,2023-02-12,James Johnson,Germany,Europe,Software,Video Editor,14,1331.6,822.27
ORD-10179,2023-12-05,David Jones,Germany,Europe,Software,Video Editor,12,1878.35,1457.42
ORD-10180,2023-06-30,Olivia Miller,United States,North America,Clothing,T-Shirt,2,214.51,90.49
ORD-10181,2023-12-14,Michael Smith,Australia,Oceania,Furniture,Dining Table,11,7116.1,1116.94
ORD-10182,2023-11-27,Jessica Garcia,Canada,North America,Software,Video Editor,1,201.27,155.3
ORD-10183,2023-08-16,Sarah Martinez,Germany,Europe,Furniture,Dining Table,6,2271.74,635.89
ORD-10184,2023-01-14,Michael Davis,United States,North America,Software,Video Editor,2,230.89,139.48
ORD-10185,2023-05-27,Emily Brown,Japan,Asia,Electronics,Laptop,14,3188.56,401.43
ORD-10186,2023-12-16,Jessica Garcia,United States,North America,Electronics,Smartwatch,9,4093.92,593.59
ORD-10187,2023-12-25,Michael Garcia,Australia,Oceania,Furniture,Office Chair,4,2617.78,516.61
ORD-10188,2023-10-11,Olivia Garcia,Germany,Europe,Software,Video Editor,3,608.96,325.48
ORD-10189,2023-09-03,Robert Miller,Australia,Oceania,Software,Video Editor,2,162.66,101.96
ORD-10190,2023-12-15,Robert Garcia,France,Europe,Furniture,Dining Table,11,5625.95,1707.79
ORD-10191,2023-01-29,Sarah Rodriguez,Japan,Asia,Furniture,Bookshelf,3,640.13,215.69
ORD-10192,2023-05-26,Sarah Jones,Japan,Asia,Furniture,Dining Table,5,938.1,197.53
ORD-10193,2023-11-25,Michael Martinez,Japan,Asia,Furniture,Desk,11,5908.49,1952.17
ORD-10194,2023-01-22,John Johnson,Japan,Asia,Electronics,Smartwatch,5,4168.43,896.4
ORD-10195,2023-01-16,Emily Rodriguez,Australia,Oceania,Clothing,Jacket,8,414.67,224.84
ORD-10196,2023-02-07,John Williams,France,Europe,Software,Design Tool,8,1328.88,845.27
ORD-10197,2023-06-13,Jessica Miller,Canada,North America,Furniture,Bookshelf,9,4438.4,949.03
ORD-10198,2023-08-19,Emma Williams,Germany,Europe,Electronics,Smartphone,5,5713.27,1311.91
ORD-10199,2023-03-23,Jessica Martinez,Canada,North America,Clothing,Jeans,13,529.29,316.93
ORD-10200,2023-09-12,John Johnson,Germany,Europe,Software,Video Editor,8,2333.37,1367.49
ORD-10201,2023-05-25,Emily Martinez,United States,North America,Software,Cloud Storage,9,468.4,254.34
ORD-10202,2023-07-07,James Garcia,Germany,Europe,Electronics,Tablet,1,748.8,96.74
ORD-10203,2023-07-17,Robert Davis,United States,North America,Clothing,Sweater,11,1093.79,370.36
ORD-10204,2023-06-23,Robert Garcia,Germany,Europe,Furniture,Desk,10,4563.86,1141.04
ORD-10205,2023-06-20,Emily Rodriguez,United Kingdom,Europe,Software,Office Suite,10,2732.83,1519.21
ORD-10206,2023-03-25,James Martinez,Germany,Europe,Clothing,Sweater,6,515.71,233.57
ORD-10207,2023-06-03,Emily Smith,Japan,Asia,Clothing,Jacket,11,376.73,160.1
ORD-10208,2023-12-19,John Martinez,Australia,Oceania,Software,Cloud Storage,11,2702.99,2190.68
ORD-10209,2023-01-27,Olivia Davis,Australia,Oceania,Furniture,Dining Table,11,6653.11,2028.67
ORD-10210,2023-12-15,Emma Smith,Canada,North America,Electronics,Laptop,1,613.09,99.82
ORD-10211,2023-07-30,Robert Martinez,United Kingdom,Europe,Software,Antivirus,12,1014.25,591.24
ORD-10212,2023-09-02,Robert Miller,Australia,Oceania,Clothing,Jeans,8,1108.61,446.44
ORD-10213,2023-12-15,David Martinez,Canada,North America,Software,Office Suite,4,479.01,296.7
ORD-10214,2023-05-28,Emma Davis,Germany,Europe,Clothing,Sneakers,6,557.18,323.36
ORD-10215,2023-03-04,Olivia Rodriguez,Germany,Europe,Software,Design Tool,14,1907.97,1543.98
ORD-10216,2023-05-28,Sarah Garcia,United States,North America,Software,Cloud Storage,12,2037.24,1183.28
ORD-10217,2023-12-23,David Williams,Japan,Asia,Electronics,Smartwatch,12,9194.06,1253.78
ORD-10218,2023-04-26,Emma Smith,Japan,Asia,Electronics,Tablet,6,5419.36,623.67
ORD-10219,2023-10-09,Michael Miller,United States,North America,Software,Design Tool,11,1098.5,972.79
ORD-10220,2023-01-31,Sarah Martinez,Australia,Oceania,Furniture,Dining Table,12,7274.19,2453.83
ORD-10221,2023-08-02,Michael Smith,United Kingdom,Europe,Software,Design Tool,3,852.46,754.3
ORD-10222,2023-01-05,David Martinez,United States,North America,Electronics,Headphones,5,3135.33,615.14
ORD-10223,2023-09-16,Emily Jones,United Kingdom,Europe,Furniture,Office Chair,6,1282.48,310.08
ORD-10224,2023-01-08,Jessica Jones,United Kingdom,Europe,Furniture,Desk,10,6993.03,2303.56
ORD-10225,2023-06-17,Sarah Miller,Japan,Asia,Electronics,Laptop,328,213635.19,51352.3
ORD-10226,2023-05-17,Jessica Jones,Canada,North America,Electronics,Headphones,11,5802.83,785.97
ORD-10227,2023-06-07,Michael Miller,France,Europe,Clothing,T-Shirt,11,1530.07,594.45
ORD-10228,2023-03-10,Emily Williams,United Kingdom,Europe,Software,Video Editor,6,923.77,664.83
ORD-10229,2023-12-07,Emma Brown,Japan,Asia,Electronics,Smartwatch,8,5636.65,869.55
ORD-10230,2023-02-01,Robert Rodriguez,United States,North America,Furniture,Dining Table,9,1844.07,397.62
ORD-10231,2023-12-15,Emma Martinez,United States,North America,Software,Antivirus,15,2663.91,2193.67
ORD-10232,2023-08-01,Emily Martinez,Japan,Asia,Electronics,Smartwatch,8,6851.25,1001.83
ORD-10233,2023-01-02,Emma Martinez,Germany,Europe,Electronics,Smartphone,7,3582.29,392.49
ORD-10234,2023-08-30,John Jones,United States,North America,Software,Office Suite,13,1090.14,824.81
ORD-10235,2023-07-11,James Davis,France,Europe,Software,Design Tool,2,441.37,337.52
ORD-10236,2023-06-28,Sarah Williams,Australia,Oceania,Software,Video Editor,252,58455.06,34434.48
ORD-10237,2023-12-11,Robert Miller,France,Europe,Software,Office Suite,4,660.63,371.31
ORD-10238,2023-02-27,John Miller,Australia,Oceania,Electronics,Laptop,4,882.62,166.9
ORD-10239,2023-12-27,John Brown,Australia,Oceania,Electronics,Tablet,8,3168.45,420.11
ORD-10240,2023-03-13,Robert Jones,United States,North America,Furniture,Dining Table,6,3025.39,921.25
ORD-10241,2023-06-04,Michael Rodriguez,United Kingdom,Europe,Furniture,Sofa,5,1463.04,382.36
ORD-10242,2023-03-31,James Rodriguez,Australia,Oceania,Software,Antivirus,6,1712.38,1316.03
ORD-10243,2023-12-23,James Miller,Germany,Europe,Furniture,Bookshelf,7,1601.01,412.4
ORD-10244,2023-06-03,Michael Davis,United Kingdom,Europe,Electronics,Smartwatch,7,8163.23,1498.71
ORD-10245,2023-05-11,Emma Garcia,United Kingdom,Europe,Electronics,Tablet,14,7554.84,1362.48
ORD-10246,2023-05-18,James Martinez,United States,North America,Electronics,Smartphone,4,3979.53,748.7
ORD-10247,2023-09-03,Emma Garcia,United Kingdom,Europe,Clothing,T-Shirt,4,567.32,333.94
ORD-10248,2023-09-03,Emma Martinez,Canada,North America,Furniture,Sofa,15,4012.98,860.07
ORD-10249,2023-10-01,Jessica Jones,France,Europe,Clothing,Jacket,9,1212.89,533.43
ORD-10250,2023-08-29,Jessica Brown,Australia,Oceania,Clothing,Jacket,7,181.6,101.56
ORD-10251,2023-05-14,Robert Martinez,United States,North America,Software,Cloud Storage,3,297.14,175.91
ORD-10252,2023-09-13,Robert Garcia,United Kingdom,Europe,Clothing,Sneakers,12,1241.04,554.97
ORD-10253,2023-06-30,Michael Williams,Canada,North America,Software,Office Suite,15,4085.12,3660.8
ORD-10254,2023-01-18,Sarah Smith,Japan,Asia,Electronics,Tablet,3,3104.02,418.16
ORD-10255,2023-04-22,Robert Davis,United States,North America,Clothing,T-Shirt,10,1029.05,597.03
ORD-10256,2023-09-07,John Smith,Australia,Oceania,Software,Antivirus,1,182.35,111.21
ORD-10257,2023-09-15,James Williams,United States,North America,Electronics,Smartphone,9,2757.08,355.08
ORD-10258,2023-07-01,David Miller,Canada,North America,Electronics,Headphones,7,4423.63,603.74
ORD-10259,2023-12-17,Sarah Smith,Germany,Europe,Electronics,Tablet,7,3822.2,655.13
ORD-10260,2023-03-29,Sarah Davis,Australia,Oceania,Software,Cloud Storage,10,2943.32,2618.19
ORD-10261,2023-04-28,Emma Martinez,United States,North America,Software,Cloud Storage,1,281.04,217.46
ORD-10262,2023-10-16,John Williams,Japan,Asia,Clothing,T-Shirt,4,385.26,202.52
ORD-10263,2023-02-09,David Williams,France,Europe,Furniture,Dining Table,14,9724.54,2775.45
ORD-10264,2023-03-13,Sarah Rodriguez,France,Europe,Clothing,T-Shirt,2,153.64,84.75
ORD-10265,2023-11-11,Olivia Miller,Canada,North America,Clothing,T-Shirt,11,610.86,365.16
ORD-10266,2023-10-11,James Miller,Germany,Europe,Furniture,Dining Table,11,4026.56,1225.82
ORD-10267,2023-02-07,Sarah Jones,United Kingdom,Europe,Furniture,Sofa,12,7784.68,1407.9
ORD-10268,2023-02-24,Sarah Smith,Germany,Europe,Clothing,Sneakers,6,713.85,236.05
ORD-10269,2023-08-18,Robert Rodriguez,France,Europe,Software,Antivirus,1,72.4,52.25
ORD-10270,2023-06-16,James Smith,Canada,North America,Clothing,Sneakers,7,849.04,439.34
ORD-10271,2023-10-20,Robert Williams,United Kingdom,Europe,Software,Office Suite,3,351.69,213.6
ORD-10272,2023-08-11,David Miller,United Kingdom,Europe,Clothing,Sneakers,13,390.0,146.45
ORD-10273,2023-09-11,Olivia Martinez,Australia,Oceania,Furniture,Sofa,2,389.69,58.98
ORD-10274,2023-11-14,James Garcia,Canada,North America,Software,Cloud Storage,7,1777.08,1499.51
ORD-10275,2023-06-03,Jessica Martinez,United Kingdom,Europe,Furniture,Sofa,6,1346.08,309.12
ORD-10276,2023-12-22,Emily Martinez,Australia,Oceania,Furniture,Bookshelf,7,2073.47,636.91
ORD-10277,2023-04-13,Olivia Rodriguez,Japan,Asia,Furniture,Dining Table,1,767.1,185.89
ORD-10278,2023-05-30,Sarah Miller,France,Europe,Software,Office Suite,11,1382.79,831.16
ORD-10279,2023-07-13,Sarah Davis,France,Europe,Software,Video Editor,7,1285.14,1117.3
ORD-10280,2023-10-06,John Garcia,France,Europe,Electronics,Smartphone,13,5338.35,1066.09
ORD-10281,2023-01-23,Olivia Miller,Japan,Asia,Clothing,Sneakers,2,42.74,16.14
ORD-10282,2023-10-13,Olivia Martinez,Japan,Asia,Furniture,Sofa,6,2242.76,682.85
ORD-10283,2023-03-19,Jessica Smith,Japan,Asia,Software,Antivirus,5,769.97,681.19
ORD-10284,2023-03-14,Jessica Jones,Australia,Oceania,Clothing,Sneakers,13,609.61,271.2
ORD-10285,2023-12-23,Emily Garcia,France,Europe,Electronics,Headphones,1,1000.7,117.34
ORD-10286,2023-02-25,Michael Brown,Australia,Oceania,Furniture,Dining Table,3,995.08,234.12
ORD-10287,2023-07-27,Michael Williams,Canada,North America,Software,Design Tool,1,234.35,199.96
ORD-10288,2023-07-19,John Brown,France,Europe,Furniture,Bookshelf,13,7704.21,2382.15
ORD-10289,2023-10-02,Michael Garcia,Canada,North America,Clothing,Jeans,8,278.51,139.59
ORD-10290,2023-06-10,Olivia Miller,Australia,Oceania,Software,Video Editor,2,273.96,229.64
ORD-10291,2023-12-11,David Martinez,Canada,North America,Electronics,Laptop,6,1642.53,239.49
ORD-10292,2023-03-14,Robert Miller,Australia,Oceania,Software,Video Editor,3,581.1,388.88
ORD-10293,2023-12-22,Michael Rodriguez,Japan,Asia,Furniture,Sofa,5,991.04,211.01
ORD-10294,2023-07-03,John Davis,United States,North America,Furniture,Desk,14,5162.65,1354.25
ORD-10295,2023-12-17,Emily Miller,France,Europe,Software,Design Tool,3,212.0,108.62
ORD-10296,2023-01-17,David Brown,Germany,Europe,Clothing,Jeans,13,1032.87,539.94
ORD-10297,2023-09-19,Sarah Martinez,Japan,Asia,Electronics,Headphones,13,9363.4,2328.06
ORD-10298,2023-01-22,Emily Rodriguez,Canada,North America,Furniture,Sofa,2,1230.38,345.41
ORD-10299,2023-01-17,Emily Jones,Canada,North America,Clothing,T-Shirt,8,1059.9,355.3
ORD-10300,2023-10-29,Jessica Martinez,United Kingdom,Europe,Software,Office Suite,10,848.09,494.14
ORD-10301,2023-10-19,Jessica Rodriguez,United States,North America,Clothing,Sweater,9,377.0,223.82
ORD-10302,2023-05-17,Robert Johnson,Japan,Asia,Furniture,Sofa,15,2122.5,436.1
ORD-10303,2023-03-09,Emma Williams,Australia,Oceania,Clothing,Jeans,13,1685.61,704.27
ORD-10304,2023-05-18,James Miller,Australia,Oceania,Software,Antivirus,11,2735.15,2208.78
ORD-10305,2023-05-23,Jessica Davis,Australia,Oceania,Software,Cloud Storage,10,506.18,409.83
ORD-10306,2023-08-23,Jessica Johnson,Australia,Oceania,Software,Office Suite,7,1793.48,1251.64
ORD-10307,2023-06-22,Robert Martinez,Germany,Europe,Furniture,Dining Table,14,6156.31,1346.68
ORD-10308,2023-01-24,Sarah Davis,United States,North America,Electronics,Smartphone,15,15758.01,-12606.41
ORD-10309,2023-12-19,Michael Jones,United Kingdom,Europe,Furniture,Bookshelf,2,1116.42,223.37
ORD-10310,2023-03-26,John Miller,Australia,Oceania,Clothing,Jeans,167,17570.58,8980.49
ORD-10311,2023-04-26,Robert Davis,Japan,Asia,Electronics,Smartphone,12,6129.03,723.77
ORD-10312,2023-03-09,Emily Johnson,Australia,Oceania,Furniture,Sofa,2,1223.07,208.52
ORD-10313,2023-03-12,James Williams,Germany,Europe,Furniture,Office Chair,9,4448.73,1210.34
ORD-10314,2023-04-20,Michael Miller,Germany,Europe,Software,Office Suite,2,548.3,304.86
ORD-10315,2023-07-16,Jessica Miller,Australia,Oceania,Clothing,Jeans,4,224.02,72.87
ORD-10316,2023-11-08,David Smith,Japan,Asia,Clothing,Jeans,9,890.1,317.4
ORD-10317,2023-01-28,Emma Davis,Australia,Oceania,Software,Antivirus,4,699.58,515.99
ORD-10318,2023-07-04,Jessica Williams,United States,North America,Software,Video Editor,7,989.47,765.04
ORD-10319,2023-02-07,John Martinez,Canada,North America,Electronics,Smartphone,5,1882.65,448.8
ORD-10320,2023-09-17,David Rodriguez,France,Europe,Software,Design Tool,12,1806.83,1366.35
ORD-10321,2023-05-23,Sarah Jones,United Kingdom,Europe,Electronics,Smartwatch,15,5450.36,1205.67
ORD-10322,2023-10-28,Sarah Jones,France,Europe,Software,Office Suite,1,111.12,96.66
ORD-10323,2023-11-08,John Jones,Japan,Asia,Furniture,Office Chair,1,595.53,172.88
ORD-10324,2023-09-25,Robert Jones,Germany,Europe,Furniture,Bookshelf,3,1874.53,608.64
ORD-10325,2023-01-16,Jessica Miller,United States,North America,Clothing,Sweater,2,108.37,64.21
ORD-10326,2023-08-22,Robert Garcia,France,Europe,Electronics,Tablet,14,10433.23,1618.75
ORD-10327,2023-10-21,Sarah Brown,United States,North America,Electronics,Smartphone,14,14785.05,2020.86
ORD-10328,2023-03-18,Michael Smith,France,Europe,Software,Office Suite,6,672.39,582.52
ORD-10329,2023-02-09,Olivia Garcia,Canada,North America,Electronics,Smartwatch,11,12067.42,1531.38
ORD-10330,2023-07-25,Sarah Davis,United States,North America,Clothing,Jacket,6,187.38,81.89
ORD-10331,2023-10-16,David Martinez,Germany,Europe,Furniture,Sofa,6,3085.1,767.18
ORD-10332,2023-10-07,Emma Williams,United Kingdom,Europe,Electronics,Tablet,1,394.65,59.97
ORD-10333,2023-06-21,John Miller,United States,North America,Clothing,T-Shirt,4,355.5,132.05
ORD-10334,2023-03-14,David Johnson,United States,North America,Electronics,Laptop,15,15566.69,2521.16
ORD-10335,2023-02-13,Olivia Johnson,France,Europe,Furniture,Sofa,2,1028.65,167.11
ORD-10336,2023-05-02,David Jones,United Kingdom,Europe,Clothing,Sneakers,12,1537.76,611.84
ORD-10337,2023-02-08,Emma Williams,United Kingdom,Europe,Electronics,Laptop,2,645.19,109.62
ORD-10338,2023-07-03,Emma Davis,Japan,Asia,Clothing,Sneakers,5,654.11,213.98
ORD-10339,2023-12-27,Olivia Smith,Germany,Europe,Furniture,Bookshelf,3,491.55,98.13
ORD-10340,2023-01-26,David Jones,Japan,Asia,Furniture,Office Chair,7,4887.55,1276.58
ORD-10341,2023-08-25,Sarah Williams,United States,North America,Electronics,Smartphone,1,1021.89,252.8
ORD-10342,2023-07-25,Jessica Johnson,Canada,North America,Clothing,T-Shirt,1,149.63,53.77
ORD-10343,2023-03-07,Sarah Garcia,Canada,North America,Electronics,Smartphone,8,1625.36,387.84
ORD-10344,2023-07-22,Emily Smith,Australia,Oceania,Software,Design Tool,3,415.46,358.68
ORD-10345,2023-03-18,John Martinez,France,Europe,Furniture,Bookshelf,8,3107.16,808.29
ORD-10346,2023-07-16,Michael Miller,Germany,Europe,Furniture,Dining Table,4,2166.11,672.43
ORD-10347,2023-07-03,Emily Rodriguez,France,Europe,Software,Cloud Storage,15,2871.19,1804.95
ORD-10348,2023-06-13,Olivia Brown,United States,North America,Electronics,Headphones,1,999.09,170.6
ORD-10349,2023-04-30,Michael Johnson,Japan,Asia,Furniture,Desk,5,2367.91,729.9
ORD-10350,2023-04-23,Olivia Miller,Canada,North America,Clothing,Jeans,3,152.25,60.2
ORD-10351,2023-10-30,John Garcia,Germany,Europe,Furniture,Dining Table,4,2742.75,855.96
ORD-10352,2023-06-08,Michael Davis,Japan,Asia,Electronics,Smartphone,1,394.25,52.36
ORD-10353,2023-06-19,Olivia Brown,United States,North America,Furniture,Bookshelf,12,2690.66,835.41
ORD-10354,2023-01-12,Michael Martinez,United States,North America,Furniture,Office Chair,14,6557.69,1462.22
ORD-10355,2023-12-06,James Martinez,Australia,Oceania,Electronics,Headphones,5,2443.67,602.07
ORD-10356,2023-11-24,Emily Garcia,France,Europe,Furniture,Dining Table,12,8672.64,2365.39
ORD-10357,2023-10-29,Michael Miller,Australia,Oceania,Clothing,Jacket,3,129.31,38.86
ORD-10358,2023-07-20,Olivia Smith,Japan,Asia,Furniture,Dining Table,6,4468.36,1534.91
ORD-10359,2023-02-23,Emily Williams,Japan,Asia,Clothing,T-Shirt,4,260.34,103.06
ORD-10360,2023-12-29,Jessica Davis,United States,North America,Electronics,Headphones,4,1648.07,181.57
ORD-10361,2023-01-01,John Miller,United States,North America,Software,Design Tool,3,813.41,567.14
ORD-10362,2023-07-12,Sarah Davis,Japan,Asia,Furniture,Desk,8,1212.77,387.06
ORD-10363,2023-05-14,Sarah Johnson,Germany,Europe,Clothing,Jeans,15,1032.14,536.3
ORD-10364,2023-06-23,Olivia Martinez,United States,North America,Software,Antivirus,7,1999.27,1131.58
ORD-10365,2023-01-28,Sarah Garcia,United Kingdom,Europe,Furniture,Desk,7,4116.26,1211.86
ORD-10366,2023-12-05,David Jones,Germany,Europe,Furniture,Office Chair,1,375.03,97.48
ORD-10367,2023-07-04,John Miller,United States,North America,Electronics,Headphones,14,11831.7,2248.41
ORD-10368,2023-04-16,Michael Jones,United States,North America,Electronics,Tablet,14,3797.98,826.94
ORD-10369,2023-05-16,Sarah Rodriguez,Australia,Oceania,Software,Office Suite,6,1628.24,1054.71
ORD-10370,2023-08-14,Emily Jones,Germany,Europe,Furniture,Bookshelf,10,1431.48,430.08
ORD-10371,2023-12-09,Jessica Rodriguez,United States,North America,Software,Video Editor,4,753.6,630.25
ORD-10372,2023-10-02,Emily Martinez,France,Europe,Furniture,Sofa,5,776.34,256.62
ORD-10373,2023-10-20,Robert Martinez,Japan,Asia,Furniture,Office Chair,13,5386.26,1830.32
ORD-10374,2023-04-09,Michael Smith,United Kingdom,Europe,Software,Antivirus,11,1747.33,1570.69
ORD-10375,2023-11-01,David Garcia,Canada,North America,Electronics,Smartphone,7,5139.28,939.5
ORD-10376,2023-08-23,John Martinez,Japan,Asia,Software,Antivirus,7,611.87,444.61
ORD-10377,2023-02-24,Olivia Johnson,United States,North America,Clothing,Sweater,15,970.54,410.8
ORD-10378,2023-10-20,Olivia Davis,France,Europe,Electronics,Laptop,5,2865.61,552.31
ORD-10379,2023-01-20,James Garcia,France,Europe,Furniture,Office Chair,12,5191.83,1057.66
ORD-10380,2023-06-05,David Jones,Germany,Europe,Software,Antivirus,14,1497.85,928.95
ORD-10381,2023-06-14,David Miller,Canada,North America,Electronics,Laptop,8,2975.68,665.35
ORD-10382,2023-09-22,Jessica Smith,Canada,North America,Furniture,Office Chair,5,2983.49,688.22
ORD-10383,2023-10-19,John Williams,Japan,Asia,Furniture,Desk,14,1964.75,307.71
ORD-10384,2023-12-27,Emma Jones,Germany,Europe,Clothing,Sneakers,9,644.42,371.78
ORD-10385,2023-07-10,Emily Martinez,United Kingdom,Europe,Software,Office Suite,14,2361.04,1701.21
ORD-10386,2023-05-13,Sarah Jones,Canada,North America,Electronics,Tablet,1,321.05,59.66
ORD-10387,2023-04-24,Emma Brown,Canada,North America,Clothing,Sneakers,9,203.46,108.67
ORD-10388,2023-08-31,Michael Williams,United States,North America,Electronics,Laptop,5,3943.81,952.24
ORD-10389,2023-11-26,David Miller,Australia,Oceania,Software,Cloud Storage,8,904.0,620.76
ORD-10390,2023-11-16,James Martinez,Canada,North America,Electronics,Smartphone,9,10794.61,2644.39
ORD-10391,2023-11-28,Olivia Martinez,Japan,Asia,Clothing,Jacket,11,374.59,119.55
ORD-10392,2023-06-16,David Jones,Australia,Oceania,Clothing,Jeans,3,261.74,97.39
ORD-10393,2023-11-04,James Garcia,Canada,North America,Furniture,Office Chair,11,4929.77,1030.92
ORD-10394,2023-07-18,John Martinez,France,Europe,Furniture,Bookshelf,12,7192.3,2066.09
ORD-10395,2023-12-10,Jessica Rodriguez,France,Europe,Clothing,Jeans,14,1476.86,690.39
ORD-10396,2023-03-07,David Rodriguez,France,Europe,Furniture,Bookshelf,11,1787.61,395.16
ORD-10397,2023-08-04,Jessica Garcia,Germany,Europe,Clothing,Sweater,5,401.44,134.62
ORD-10398,2023-10-26,Olivia Martinez,Australia,Oceania,Electronics,Tablet,15,5314.06,626.91
ORD-10399,2023-06-02,James Smith,Japan,Asia,Furniture,Desk,4,1359.48,472.34
ORD-10400,2023-03-15,Jessica Williams,France,Europe,Electronics,Tablet,6,4875.51,616.87
ORD-10401,2023-08-20,David Brown,United States,North America,Furniture,Dining Table,13,2741.76,841.84
ORD-10402,2023-11-11,James Miller,United Kingdom,Europe,Software,Design Tool,8,1166.63,600.92
ORD-10403,2023-01-08,Jessica Rodriguez,Germany,Europe,Furniture,Office Chair,11,1131.75,335.81
ORD-10404,2023-06-09,Michael Johnson,Germany,Europe,Software,Video Editor,10,1265.29,665.69
ORD-10405,2023-08-22,Robert Martinez,Germany,Europe,Clothing,Sneakers,15,1639.22,557.56
ORD-10406,2023-07-03,Emma Williams,France,Europe,Software,Antivirus,4,424.32,379.32
ORD-10407,2023-10-29,Robert Williams,United States,North America,Electronics,Headphones,12,9996.81,1055.71
ORD-10408,2023-10-01,Olivia Smith,Germany,Europe,Electronics,Smartphone,11,11307.19,1212.53
ORD-10409,2023-07-14,Sarah Rodriguez,France,Europe,Clothing,Sneakers,12,478.88,243.54
ORD-10410,2023-08-04,Sarah Rodriguez,Germany,Europe,Clothing,Sweater,10,1110.94,472.87
ORD-10411,2023-11-13,Sarah Jones,Japan,Asia,Electronics,Smartphone,8,2868.63,372.81
ORD-10412,2023-04-14,Jessica Miller,Japan,Asia,Clothing,Jeans,1,91.26,52.3
ORD-10413,2023-06-19,Emma Smith,France,Europe,Electronics,Smartphone,15,3989.29,742.5
ORD-10414,2023-09-19,Sarah Johnson,United States,North America,Clothing,Jeans,8,1188.21,461.98
ORD-10415,2023-03-31,John Jones,United States,North America,Clothing,Jacket,7,812.07,266.76
ORD-10416,2023-01-05,Michael Williams,United States,North America,Clothing,Jacket,15,1153.54,561.25
ORD-10417,2023-07-10,Jessica Williams,United States,North America,Electronics,Tablet,7,8122.98,1143.51
ORD-10418,2023-09-02,James Williams,Canada,North America,Electronics,Laptop,12,10952.78,2707.91
ORD-10419,2023-08-02,Olivia Davis,United States,North America,Software,Office Suite,10,1449.38,932.59
ORD-10420,2023-03-08,Emily Davis,Australia,Oceania,Electronics,Tablet,8,1586.17,220.86
ORD-10421,2023-12-14,Robert Martinez,Australia,Oceania,Furniture,Bookshelf,9,4195.55,1217.2
ORD-10422,2023-05-08,Emily Garcia,Australia,Oceania,Software,Office Suite,14,3592.53,3078.17
ORD-10423,2023-11-26,Michael Rodriguez,United States,North America,Software,Design Tool,14,1278.91,1023.86
ORD-10424,2023-05-23,John Rodriguez,Germany,Europe,Furniture,Dining Table,11,4015.51,1258.54
ORD-10425,2023-10-21,Emily Johnson,France,Europe,Software,Design Tool,6,478.06,334.14
ORD-10426,2023-07-26,James Smith,United States,North America,Electronics,Smartphone,13,10197.37,1966.66
ORD-10427,2023-10-15,Emma Davis,Japan,Asia,Clothing,Jacket,14,378.78,138.97
ORD-10428,2023-11-14,Olivia Davis,Japan,Asia,Clothing,Sneakers,424,13850.73,6893.14
ORD-10429,2023-05-30,Robert Rodriguez,Canada,North America,Clothing,T-Shirt,1,136.59,61.15
ORD-10430,2023-07-29,Sarah Jones,Australia,Oceania,Furniture,Desk,2,1502.3,343.39
ORD-10431,2023-04-08,Jessica Johnson,Canada,North America,Software,Antivirus,15,3124.65,2402.41
ORD-10432,2023-08-23,Olivia Rodriguez,France,Europe,Furniture,Sofa,1,471.26,75.27
ORD-10433,2023-10-27,Emily Rodriguez,Canada,North America,Furniture,Dining Table,3,1834.04,322.2
ORD-10434,2023-11-07,Jessica Rodriguez,Japan,Asia,Software,Design Tool,10,2789.78,2245.63
ORD-10435,2023-05-31,Emily Williams,Germany,Europe,Furniture,Sofa,10,5900.1,1768.17
ORD-10436,2023-10-08,Jessica Rodriguez,Australia,Oceania,Furniture,Desk,4,2147.67,446.96
ORD-10437,2023-03-09,Michael Rodriguez,Australia,Oceania,Clothing,T-Shirt,13,855.28,379.84
ORD-10438,2023-12-30,James Rodriguez,Australia,Oceania,Clothing,Sneakers,13,281.58,93.47
ORD-10439,2023-12-10,John Brown,United States,North America,Clothing,Jeans,5,544.2,187.17
ORD-10440,2023-06-01,Emma Rodriguez,Canada,North America,Electronics,Headphones,14,8753.14,1684.25
ORD-10441,2023-04-25,Robert Miller,Japan,Asia,Furniture,Dining Table,13,8551.19,2473.22
ORD-10442,2023-07-15,James Miller,United States,North America,Clothing,Sweater,1,21.69,8.14
ORD-10443,2023-08-15,Emma Garcia,Canada,North America,Furniture,Desk,5,2070.85,717.94
ORD-10444,2023-09-21,Sarah Miller,United Kingdom,Europe,Electronics,Tablet,5,3672.14,438.86
ORD-10445,2023-01-03,Jessica Davis,Germany,Europe,Furniture,Office Chair,3,2250.12,606.13
ORD-10446,2023-11-12,David Davis,Australia,Oceania,Clothing,T-Shirt,13,1455.98,666.28
ORD-10447,2023-02-04,Robert Williams,Japan,Asia,Software,Video Editor,9,1357.69,868.6
ORD-10448,2023-06-19,Jessica Garcia,Australia,Oceania,Clothing,Jeans,13,1304.89,577.36
ORD-10449,2023-11-29,John Johnson,Canada,North America,Clothing,Sneakers,4,550.34,266.43
ORD-10450,2023-12-16,Jessica Miller,United States,North America,Electronics,Tablet,5,3586.25,510.77
ORD-10451,2023-07-11,Robert Rodriguez,Canada,North America,Software,Design Tool,1,124.11,94.4
ORD-10452,2023-02-19,Michael Rodriguez,United States,North America,Electronics,Smartphone,4,3415.41,737.86
ORD-10453,2023-02-23,Emma Rodriguez,France,Europe,Software,Antivirus,12,2658.13,1354.32
ORD-10454,2023-02-14,Sarah Smith,United States,North America,Furniture,Bookshelf,9,1343.79,422.39
ORD-10455,2023-07-18,Emily Miller,France,Europe,Software,Cloud Storage,1,147.38,-117.9
ORD-10456,2023-10-27,John Johnson,United States,North America,Clothing,Sweater,2,115.36,58.34
ORD-10457,2023-08-13,James Miller,Germany,Europe,Electronics,Tablet,3,2130.42,256.62
ORD-10458,2023-10-07,David Williams,Canada,North America,Clothing,Jacket,1,91.96,42.9
ORD-10459,2023-10-21,Olivia Miller,United States,North America,Electronics,Headphones,4,3742.85,881.56
ORD-10460,2023-11-27,Robert Williams,France,Europe,Furniture,Desk,4,2127.28,426.62
ORD-10461,2023-10-18,John Rodriguez,Australia,Oceania,Software,Video Editor,2,245.33,129.28
ORD-10462,2023-10-25,Emily Garcia,Australia,Oceania,Clothing,Jeans,11,1157.33,381.93
ORD-10463,2023-06-12,Emily Davis,United Kingdom,Europe,Clothing,Sweater,11,657.12,312.3
ORD-10464,2023-06-11,James Williams,Germany,Europe,Electronics,Headphones,4,3899.77,806.59
ORD-10465,2023-07-04,Michael Garcia,Germany,Europe,Software,Design Tool,8,1117.48,695.28
ORD-10466,2023-11-27,Olivia Johnson,United Kingdom,Europe,Clothing,Jeans,15,1350.31,511.73
ORD-10467,2023-02-08,John Rodriguez,United States,North America,Electronics,Smartwatch,10,5753.91,1084.64
ORD-10468,2023-05-14,Robert Rodriguez,Japan,Asia,Software,Office Suite,6,888.75,761.28
ORD-10469,2023-05-29,Michael Davis,Canada,North America,Electronics,Tablet,6,4063.65,810.3
ORD-10470,2023-11-11,Michael Rodriguez,Canada,North America,Furniture,Sofa,3,676.2,229.73
ORD-10471,2023-09-05,Jessica Smith,United Kingdom,Europe,Furniture,Sofa,4,576.01,128.96
ORD-10472,2023-09-23,Jessica Miller,United Kingdom,Europe,Software,Design Tool,15,924.14,824.55
ORD-10473,2023-09-24,David Jones,Australia,Oceania,Furniture,Sofa,11,4014.59,1074.05
ORD-10474,2023-09-22,David Miller,United States,North America,Furniture,Dining Table,7,2429.2,785.95
ORD-10475,2023-11-06,John Rodriguez,France,Europe,Furniture,Sofa,3,782.98,198.02
ORD-10476,2023-04-06,Michael Garcia,United Kingdom,Europe,Electronics,Laptop,7,7012.12,1458.79
ORD-10477,2023-09-03,Emma Martinez,France,Europe,Furniture,Sofa,1,270.57,47.51
ORD-10478,2023-11-19,Robert Smith,United Kingdom,Europe,Furniture,Office Chair,3,842.35,156.68
ORD-10479,2023-10-16,John Jones,Japan,Asia,Electronics,Laptop,8,6294.82,1074.6
ORD-10480,2023-07-30,Olivia Williams,United Kingdom,Europe,Furniture,Dining Table,11,5033.2,923.82
ORD-10481,2023-11-02,Olivia Johnson,France,Europe,Furniture,Sofa,7,1347.84,206.64
ORD-10482,2023-12-17,James Williams,Japan,Asia,Electronics,Laptop,8,8773.51,1666.72
ORD-10483,2023-09-15,Sarah Johnson,Japan,Asia,Software,Office Suite,15,3013.03,2503.85
ORD-10484,2023-12-14,James Rodriguez,Canada,North America,Software,Cloud Storage,14,852.03,606.58
ORD-10485,2023-09-04,James Garcia,Canada,North America,Electronics,Tablet,3,1251.73,268.97
ORD-10486,2023-05-26,Olivia Rodriguez,United States,North America,Software,Cloud Storage,4,205.47,-164.38
ORD-10487,2023-01-04,James Brown,Japan,Asia,Clothing,Sneakers,6,203.13,86.9
ORD-10488,2023-10-02,James Martinez,Germany,Europe,Clothing,Sweater,5,744.67,312.19
ORD-10489,2023-10-13,Emily Williams,Japan,Asia,Clothing,Sweater,9,746.0,445.03
ORD-10490,2023-12-28,James Williams,Canada,North America,Electronics,Laptop,8,7778.12,1885.31
ORD-10491,2023-07-25,Jessica Rodriguez,Japan,Asia,Electronics,Laptop,7,8139.59,820.42
ORD-10492,2023-08-30,Olivia Miller,United Kingdom,Europe,Electronics,Smartphone,5,1914.29,214.41
ORD-10493,2023-07-25,Olivia Rodriguez,France,Europe,Clothing,Sweater,1,142.94,78.06
ORD-10494,2023-01-06,Emma Rodriguez,France,Europe,Clothing,Jeans,1,121.91,55.25
ORD-10495,2023-03-28,John Garcia,Japan,Asia,Furniture,Office Chair,3,482.37,98.98
ORD-10496,2023-07-22,James Martinez,Australia,Oceania,Furniture,Dining Table,1,615.85,100.83
ORD-10497,2023-10-14,Olivia Garcia,Germany,Europe,Clothing,Jacket,4,395.31,141.66
ORD-10498,2023-01-03,David Williams,Japan,Asia,Software,Video Editor,2,379.32,266.0
ORD-10499,2023-09-20,David Rodriguez,United States,North America,Clothing,Sneakers,7,652.48,346.46
ORD-10500,2023-08-23,Emily Martinez,Canada,North America,Electronics,Tablet,2,841.42,132.44
ORD-10501,2023-12-13,Emma Garcia,United Kingdom,Europe,Software,Cloud Storage,9,1655.22,1291.61
ORD-10502,2023-02-17,James Garcia,Germany,Europe,Electronics,Smartwatch,15,5061.15,744.4
ORD-10503,2023-05-18,Michael Brown,Japan,Asia,Software,Office Suite,4,935.43,794.27
ORD-10504,2023-05-08,Olivia Garcia,United Kingdom,Europe,Furniture,Office Chair,2,1488.26,424.4
ORD-10505,2023-01-04,Robert Smith,Japan,Asia,Software,Cloud Storage,10,1288.54,1107.18
ORD-10506,2023-05-21,Emily Williams,Japan,Asia,Clothing,Sneakers,4,470.09,159.11
ORD-10507,2023-09-02,Robert Smith,France,Europe,Clothing,Sneakers,14,1529.14,538.93
ORD-10508,2023-09-23,Emily Garcia,Australia,Oceania,Electronics,Smartphone,11,4084.19,764.36
ORD-10509,2023-05-13,Michael Rodriguez,Japan,Asia,Clothing,Jeans,5,406.37,196.65
ORD-10510,2023-08-06,Emma Miller,France,Europe,Clothing,Jacket,14,1009.08,439.17
ORD-10511,2023-12-18,Emma Johnson,Japan,Asia,Clothing,Jeans,9,685.7,284.06
ORD-10512,2023-03-18,Emily Smith,Australia,Oceania,Furniture,Sofa,8,1553.04,510.41
ORD-10513,2023-06-11,Emily Jones,Japan,Asia,Clothing,Sweater,14,1313.46,551.02
ORD-10514,2023-04-21,David Davis,United States,North America,Electronics,Tablet,12,6016.67,927.44
ORD-10515,2023-05-12,Jessica Smith,Canada,North America,Software,Antivirus,6,1601.05,1417.32
ORD-10516,2023-11-29,Robert Williams,Japan,Asia,Clothing,Jacket,6,645.09,287.87
ORD-10517,2023-07-15,Olivia Jones,United States,North America,Software,Office Suite,14,1286.51,1058.91
ORD-10518,2023-11-10,Olivia Miller,Australia,Oceania,Electronics,Smartphone,3,1532.42,225.3
ORD-10519,2023-05-17,Olivia Miller,Australia,Oceania,Clothing,Sneakers,13,1718.14,702.63
ORD-10520,2023-07-31,Michael Williams,France,Europe,Electronics,Laptop,12,4756.3,655.17
ORD-10521,2023-02-10,Emma Williams,Australia,Oceania,Software,Antivirus,2,131.9,112.31
ORD-10522,2023-07-23,Robert Johnson,United States,North America,Electronics,Headphones,10,3130.38,620.52
ORD-10523,2023-04-28,Emma Jones,Germany,Europe,Software,Office Suite,3,545.06,309.73
ORD-10524,2023-06-16,Emily Davis,Germany,Europe,Clothing,Sweater,8,300.52,175.67
ORD-10525,2023-11-02,Emily Martinez,Japan,Asia,Software,Video Editor,11,2308.7,1440.32
ORD-10526,2023-04-27,Sarah Davis,Japan,Asia,Clothing,Jacket,7,376.42,-301.14
ORD-10527,2023-03-11,Jessica Jones,Canada,North America,Software,Video Editor,1,221.94,154.64
ORD-10528,2023-01-05,James Jones,Germany,Europe,Furniture,Office Chair,9,3253.96,756.05
ORD-10529,2023-05-08,Michael Miller,France,Europe,Software,Office Suite,5,349.01,261.8
ORD-10530,2023-11-10,David Jones,Canada,North America,Clothing,Sneakers,4,523.81,185.81
ORD-10531,2023-08-22,Olivia Davis,Australia,Oceania,Clothing,Sweater,8,355.3,108.66
ORD-10532,2023-01-12,Michael Johnson,Japan,Asia,Clothing,Jacket,3,338.93,175.61
ORD-10533,2023-01-08,Emily Brown,United Kingdom,Europe,Clothing,Sneakers,5,610.72,274.53
ORD-10534,2023-01-17,Jessica Johnson,Australia,Oceania,Furniture,Office Chair,5,3214.79,528.12
ORD-10535,2023-05-09,James Smith,United Kingdom,Europe,Electronics,Laptop,7,6718.51,1118.26
ORD-10536,2023-04-12,Emily Johnson,United States,North America,Furniture,Sofa,7,4039.07,857.99
ORD-10537,2023-01-22,Robert Rodriguez,Australia,Oceania,Electronics,Headphones,8,6563.57,852.01
ORD-10538,2023-12-08,Emma Johnson,Canada,North America,Furniture,Sofa,6,663.28,204.87
ORD-10539,2023-05-05,John Smith,France,Europe,Software,Video Editor,3,428.55,229.61
ORD-10540,2023-12-18,Olivia Garcia,United States,North America,Electronics,Smartphone,6,4960.82,1017.96
ORD-10541,2023-09-07,Emma Garcia,United Kingdom,Europe,Clothing,Sneakers,12,541.03,274.18
ORD-10542,2023-05-09,John Davis,United Kingdom,Europe,Software,Video Editor,5,928.42,646.21
ORD-10543,2023-06-28,Jessica Davis,Japan,Asia,Clothing,Sweater,15,1978.09,688.58
ORD-10544,2023-06-01,David Rodriguez,France,Europe,Clothing,Sneakers,1,120.87,54.61
ORD-10545,2023-11-14,Jessica Martinez,United States,North America,Furniture,Bookshelf,12,1732.07,594.85
ORD-10546,2023-09-26,Emily Rodriguez,United Kingdom,Europe,Furniture,Dining Table,5,1629.1,453.18
ORD-10547,2023-12-04,Sarah Smith,Japan,Asia,Furniture,Desk,14,1706.48,292.51
ORD-10548,2023-10-20,James Davis,United States,North America,Clothing,T-Shirt,6,292.16,150.57
ORD-10549,2023-12-02,Emily Johnson,United Kingdom,Europe,Software,Antivirus,6,1137.03,995.24
ORD-10550,2023-12-29,John Martinez,Germany,Europe,Clothing,Sweater,1,115.46,63.54
ORD-10551,2023-09-23,Sarah Johnson,United Kingdom,Europe,Furniture,Dining Table,7,1628.36,415.62
ORD-10552,2023-04-02,Robert Rodriguez,Australia,Oceania,Software,Antivirus,13,2725.53,1753.02
ORD-10553,2023-08-07,Sarah Williams,Australia,Oceania,Furniture,Dining Table,7,3172.99,893.22
ORD-10554,2023-08-15,Jessica Garcia,Japan,Asia,Clothing,Jacket,7,835.41,358.54
ORD-10555,2023-05-04,Olivia Rodriguez,Japan,Asia,Furniture,Sofa,13,6307.17,1885.31
ORD-10556,2023-08-18,James Smith,France,Europe,Electronics,Headphones,10,1671.18,200.98
ORD-10557,2023-06-03,Emma Brown,United States,North America,Clothing,T-Shirt,13,1649.08,835.94
ORD-10558,2023-09-19,Robert Martinez,Japan,Asia,Furniture,Office Chair,1,422.26,76.52
ORD-10559,2023-05-08,Emma Jones,Japan,Asia,Clothing,T-Shirt,10,719.74,414.11
ORD-10560,2023-06-16,Emily Williams,Australia,Oceania,Software,Video Editor,14,3876.79,2861.43
ORD-10561,2023-10-23,James Johnson,Australia,Oceania,Electronics,Headphones,6,6442.69,1063.98
ORD-10562,2023-04-27,Olivia Smith,United States,North America,Software,Antivirus,5,905.48,568.39
ORD-10563,2023-09-15,Emma Williams,Germany,Europe,Electronics,Tablet,8,7523.86,1401.61
ORD-10564,2023-05-29,James Williams,France,Europe,Furniture,Bookshelf,2,866.2,259.05
ORD-10565,2023-02-13,James Rodriguez,Germany,Europe,Software,Office Suite,13,1088.33,787.64
ORD-10566,2023-10-20,Emma Rodriguez,Australia,Oceania,Furniture,Desk,2,572.76,135.18
ORD-10567,2023-02-15,Sarah Miller,Japan,Asia,Software,Cloud Storage,6,585.73,373.58
ORD-10568,2023-06-06,Michael Garcia,Canada,North America,Software,Video Editor,3,480.35,417.75
ORD-10569,2023-07-11,Michael Johnson,Australia,Oceania,Electronics,Smartphone,4,4585.55,1095.99
ORD-10570,2023-05-28,John Garcia,Canada,North America,Electronics,Headphones,8,5158.0,772.57
ORD-10571,2023-04-15,Robert Rodriguez,United Kingdom,Europe,Clothing,Sweater,8,807.96,482.91
ORD-10572,2023-01-10,James Martinez,Australia,Oceania,Electronics,Headphones,3,639.35,83.18
ORD-10573,2023-01-28,Emily Smith,Germany,Europe,Electronics,Tablet,11,4783.63,1089.77
ORD-10574,2023-02-25,John Jones,Canada,North America,Software,Office Suite,7,1239.95,971.97
ORD-10575,2023-11-02,Robert Johnson,France,Europe,Furniture,Desk,9,6990.79,1832.55
ORD-10576,2023-05-07,Robert Jones,United States,North America,Clothing,Sneakers,7,817.4,249.73
ORD-10577,2023-11-17,David Brown,Germany,Europe,Clothing,T-Shirt,11,588.48,244.9
ORD-10578,2023-10-12,David Brown,United States,North America,Furniture,Bookshelf,15,5624.89,998.15
ORD-10579,2023-12-14,Olivia Brown,Japan,Asia,Software,Office Suite,10,881.87,783.29
ORD-10580,2023-08-18,Robert Williams,Germany,Europe,Furniture,Desk,10,4789.48,1484.84
ORD-10581,2023-12-19,Robert Williams,Germany,Europe,Software,Office Suite,11,3115.83,2700.94
ORD-10582,2023-09-30,Sarah Williams,Japan,Asia,Clothing,Jeans,12,285.99,113.14
ORD-10583,2023-06-05,Emily Jones,France,Europe,Furniture,Desk,2,384.16,59.64
ORD-10584,2023-05-17,Olivia Martinez,Japan,Asia,Furniture,Dining Table,4,1046.55,162.44
ORD-10585,2023-09-02,Michael Rodriguez,Canada,North America,Software,Cloud Storage,3,789.1,549.67
ORD-10586,2023-04-26,John Miller,United Kingdom,Europe,Electronics,Headphones,7,2685.77,539.04
ORD-10587,2023-02-03,Michael Davis,United Kingdom,Europe,Software,Cloud Storage,14,2301.41,1377.89
ORD-10588,2023-11-08,James Garcia,United States,North America,Software,Video Editor,12,2315.8,1654.56
ORD-10589,2023-01-20,Robert Johnson,Australia,Oceania,Software,Design Tool,14,3772.18,3210.55
ORD-10590,2023-07-22,John Rodriguez,Japan,Asia,Software,Video Editor,13,2699.61,1403.04
ORD-10591,2023-06-05,David Davis,France,Europe,Furniture,Sofa,5,2645.97,425.76
ORD-10592,2023-08-26,Emily Johnson,United Kingdom,Europe,Electronics,Laptop,13,9941.36,2327.76
ORD-10593,2023-07-31,Jessica Davis,France,Europe,Electronics,Laptop,8,6158.65,1274.19
ORD-10594,2023-02-16,David Garcia,France,Europe,Furniture,Office Chair,2,359.83,86.32
ORD-10595,2023-12-29,James Rodriguez,Japan,Asia,Furniture,Sofa,9,3297.82,1001.39
ORD-10596,2023-12-04,Michael Williams,Japan,Asia,Furniture,Desk,13,7779.63,1819.78
ORD-10597,2023-08-17,David Williams,Canada,North America,Electronics,Laptop,4,614.84,132.07
ORD-10598,2023-09-13,Robert Smith,France,Europe,Software,Office Suite,4,788.86,544.54
ORD-10599,2023-11-04,Olivia Smith,United States,North America,Furniture,Dining Table,5,2669.18,698.02
ORD-10600,2023-04-05,Michael Smith,United States,North America,Clothing,T-Shirt,3,392.99,196.53
ORD-10601,2023-06-19,Sarah Smith,Germany,Europe,Electronics,Tablet,3,958.21,136.7
ORD-10602,2023-11-01,Olivia Rodriguez,Australia,Oceania,Furniture,Sofa,12,6063.32,2039.07
ORD-10603,2023-06-15,Jessica Miller,Germany,Europe,Electronics,Tablet,14,10191.92,1466.87
ORD-10604,2023-05-21,Jessica Rodriguez,Australia,Oceania,Software,Video Editor,4,895.83,667.23
ORD-10605,2023-11-19,Robert Johnson,Australia,Oceania,Software,Video Editor,15,3705.69,2900.53
ORD-10606,2023-06-12,David Rodriguez,Canada,North America,Clothing,Jeans,10,931.42,424.65
ORD-10607,2023-04-03,Olivia Brown,France,Europe,Clothing,Jeans,1,35.37,15.54
ORD-10608,2023-04-17,Olivia Miller,Australia,Oceania,Software,Antivirus,6,824.48,678.07
ORD-10609,2023-04-14,David Jones,Australia,Oceania,Electronics,Headphones,5,3410.12,-2728.1
ORD-10610,2023-07-22,Olivia Martinez,Germany,Europe,Electronics,Laptop,4,1988.16,299.6
ORD-10611,2023-01-19,Michael Davis,France,Europe,Furniture,Sofa,15,10584.86,3484.38
ORD-10612,2023-07-31,John Rodriguez,Canada,North America,Clothing,Sweater,12,1297.99,605.58
ORD-10613,2023-12-17,Jessica Garcia,Japan,Asia,Electronics,Laptop,5,5163.88,779.09
ORD-10614,2023-03-26,Olivia Martinez,Japan,Asia,Software,Office Suite,10,792.11,643.94
ORD-10615,2023-06-11,John Jones,Canada,North America,Software,Antivirus,8,2154.1,1397.22
ORD-10616,2023-04-21,Robert Jones,Germany,Europe,Furniture,Office Chair,6,3896.76,1190.69
ORD-10617,2023-09-17,John Davis,France,Europe,Furniture,Desk,6,4479.27,1328.05
ORD-10618,2023-06-17,Michael Johnson,Canada,North America,Furniture,Desk,12,1507.04,342.88
ORD-10619,2023-01-03,David Smith,United States,North America,Electronics,Headphones,8,8669.16,1000.99
ORD-10620,2023-06-09,John Martinez,Australia,Oceania,Clothing,Jeans,6,276.43,106.69
ORD-10621,2023-08-14,Sarah Jones,Canada,North America,Furniture,Desk,5,900.61,307.7
ORD-10622,2023-04-16,Robert Garcia,United States,North America,Clothing,Jacket,3,427.88,231.57
ORD-10623,2023-02-06,David Martinez,United Kingdom,Europe,Clothing,Sweater,8,212.76,65.68
ORD-10624,2023-02-24,James Smith,United States,North America,Electronics,Tablet,7,2365.53,448.07
ORD-10625,2023-12-20,Emily Martinez,Canada,North America,Clothing,Jacket,6,757.6,389.31
ORD-10626,2023-02-10,Emily Martinez,Japan,Asia,Furniture,Office Chair,14,9263.03,2683.68
ORD-10627,2023-12-17,Emily Davis,Germany,Europe,Furniture,Desk,3,2108.3,576.38
ORD-10628,2023-04-04,Jessica Garcia,France,Europe,Software,Design Tool,1,66.34,36.17
ORD-10629,2023-03-29,David Garcia,Canada,North America,Furniture,Dining Table,2,767.96,224.9
ORD-10630,2023-11-29,Sarah Jones,Japan,Asia,Software,Design Tool,10,1533.6,1147.67
ORD-10631,2023-07-16,Sarah Garcia,France,Europe,Furniture,Dining Table,7,4543.14,1077.05
ORD-10632,2023-12-22,Emma Williams,Japan,Asia,Electronics,Smartwatch,14,9253.47,1747.28
ORD-10633,2023-02-19,Emily Williams,Japan,Asia,Clothing,Sneakers,2,195.55,98.88
ORD-10634,2023-07-14,Jessica Davis,Canada,North America,Electronics,Smartphone,4,4031.54,939.71
ORD-10635,2023-01-01,Michael Williams,Australia,Oceania,Software,Video Editor,5,737.48,539.23
ORD-10636,2023-06-12,David Martinez,Australia,Oceania,Clothing,Sneakers,12,1772.83,714.95
ORD-10637,2023-11-10,Robert Miller,United States,North America,Furniture,Bookshelf,1,358.46,93.12
ORD-10638,2023-10-14,Jessica Johnson,Australia,Oceania,Clothing,T-Shirt,4,304.49,145.26
ORD-10639,2023-07-15,James Miller,Australia,Oceania,Software,Video Editor,4,862.49,595.07
ORD-10640,2023-07-04,James Williams,France,Europe,Clothing,Jeans,3,64.53,31.91
ORD-10641,2023-12-03,James Williams,France,Europe,Electronics,Laptop,11,10958.63,2509.78
ORD-10642,2023-11-06,James Martinez,Australia,Oceania,Furniture,Sofa,9,3571.99,1121.66
ORD-10643,2023-04-06,James Martinez,United Kingdom,Europe,Electronics,Smartwatch,8,8313.15,1126.54
ORD-10644,2023-10-07,Olivia Garcia,France,Europe,Electronics,Smartphone,10,6574.32,1020.91
ORD-10645,2023-02-10,Michael Rodriguez,Australia,Oceania,Clothing,Sneakers,9,271.53,153.95
ORD-10646,2023-11-19,Sarah Rodriguez,France,Europe,Clothing,Sweater,1,137.47,63.31
ORD-10647,2023-09-20,Emily Martinez,France,Europe,Clothing,Sneakers,6,869.25,468.93
ORD-10648,2023-12-22,Olivia Jones,United States,North America,Clothing,T-Shirt,11,896.62,314.47
ORD-10649,2023-11-16,John Jones,Germany,Europe,Software,Antivirus,3,529.2,444.83
ORD-10650,2023-11-12,David Jones,United Kingdom,Europe,Clothing,T-Shirt,12,414.02,145.89
ORD-10651,2023-12-04,Emily Garcia,United Kingdom,Europe,Furniture,Bookshelf,13,7677.05,1896.11
ORD-10652,2023-01-17,Jessica Johnson,Canada,North America,Furniture,Dining Table,15,10128.1,3215.9
ORD-10653,2023-07-16,Emma Davis,France,Europe,Furniture,Desk,10,6140.53,1344.87
ORD-10654,2023-03-01,John Williams,Canada,North America,Software,Design Tool,8,1002.73,800.64
ORD-10655,2023-04-30,James Miller,Japan,Asia,Software,Cloud Storage,3,547.83,369.18
ORD-10656,2023-08-18,James Garcia,Canada,North America,Electronics,Smartphone,15,10617.87,1625.32
ORD-10657,2023-11-30,David Garcia,Japan,Asia,Clothing,Jacket,13,426.09,211.47
ORD-10658,2023-12-12,Emma Martinez,Canada,North America,Furniture,Dining Table,6,3446.42,1201.57
ORD-10659,2023-12-11,John Johnson,United States,North America,Electronics,Tablet,2,1403.05,284.57
ORD-10660,2023-05-26,David Brown,Australia,Oceania,Electronics,Smartphone,10,2465.38,593.6
ORD-10661,2023-04-22,Olivia Johnson,Canada,North America,Electronics,Smartphone,14,10988.88,1718.59
ORD-10662,2023-10-17,Michael Johnson,Australia,Oceania,Furniture,Bookshelf,5,2134.34,719.78
ORD-10663,2023-08-07,Jessica Jones,Germany,Europe,Furniture,Office Chair,5,3219.87,729.49
ORD-10664,2023-05-13,David Williams,United States,North America,Software,Antivirus,8,2358.84,1368.76
ORD-10665,2023-09-09,Sarah Williams,Australia,Oceania,Software,Office Suite,10,2108.35,1823.81
ORD-10666,2023-01-18,Sarah Johnson,United States,North America,Clothing,Sneakers,1,136.55,47.06
ORD-10667,2023-12-07,James Jones,United States,North America,Furniture,Bookshelf,15,5608.97,845.5
ORD-10668,2023-09-09,Emily Miller,Canada,North America,Software,Antivirus,9,958.16,626.42
ORD-10669,2023-09-04,Sarah Martinez,Canada,North America,Clothing,Jacket,11,653.04,206.73
ORD-10670,2023-02-16,Jessica Rodriguez,Australia,Oceania,Clothing,T-Shirt,14,1116.54,591.71
ORD-10671,2023-10-11,John Miller,United Kingdom,Europe,Furniture,Bookshelf,12,4476.88,767.13
ORD-10672,2023-02-13,Emily Brown,France,Europe,Furniture,Office Chair,4,471.02,164.52
ORD-10673,2023-02-02,Robert Jones,France,Europe,Software,Video Editor,14,3541.22,3139.75
ORD-10674,2023-01-29,Jessica Smith,Germany,Europe,Software,Antivirus,4,1007.1,772.37
ORD-10675,2023-10-02,Michael Martinez,Australia,Oceania,Furniture,Office Chair,1,614.82,152.34
ORD-10676,2023-01-24,Emma Williams,Japan,Asia,Electronics,Laptop,11,2227.01,325.37
ORD-10677,2023-11-09,Michael Martinez,France,Europe,Electronics,Smartphone,2,1344.0,295.51
ORD-10678,2023-04-14,James Garcia,Canada,North America,Software,Cloud Storage,2,587.93,429.42
ORD-10679,2023-04-20,John Martinez,Canada,North America,Furniture,Bookshelf,2,369.04,65.78
ORD-10680,2023-07-09,Robert Williams,Australia,Oceania,Software,Office Suite,15,2932.45,1622.67
ORD-10681,2023-11-10,James Williams,Australia,Oceania,Electronics,Tablet,2,313.33,39.77
ORD-10682,2023-10-31,David Miller,Australia,Oceania,Software,Office Suite,4,343.09,208.73
ORD-10683,2023-03-31,Olivia Smith,United Kingdom,Europe,Furniture,Sofa,10,7652.09,2107.68
ORD-10684,2023-08-03,John Rodriguez,Germany,Europe,Furniture,Desk,2,1581.24,546.09
ORD-10685,2023-10-04,Robert Brown,Canada,North America,Software,Office Suite,5,316.34,172.43
ORD-10686,2023-08-31,Emily Williams,Canada,North America,Furniture,Office Chair,1,551.4,114.15
ORD-10687,2023-11-12,Emily Smith,Germany,Europe,Electronics,Smartphone,15,10713.43,1325.32
ORD-10688,2023-03-01,Sarah Brown,Japan,Asia,Software,Video Editor,10,1314.93,762.0
ORD-10689,2023-04-28,Sarah Garcia,Germany,Europe,Furniture,Office Chair,4,2465.69,798.83
ORD-10690,2023-02-07,Emily Martinez,United Kingdom,Europe,Software,Antivirus,15,2384.49,1398.42
ORD-10691,2023-07-18,Jessica Williams,United Kingdom,Europe,Software,Office Suite,11,1536.12,933.77
ORD-10692,2023-12-21,Olivia Smith,United States,North America,Clothing,Jeans,2,261.43,114.39
ORD-10693,2023-04-23,David Martinez,Germany,Europe,Furniture,Dining Table,15,3284.32,1129.9
ORD-10694,2023-07-30,Robert Davis,United States,North America,Furniture,Dining Table,8,5487.14,1129.44
ORD-10695,2023-05-07,Emma Garcia,Australia,Oceania,Software,Video Editor,4,1091.82,804.35
ORD-10696,2023-01-03,James Smith,Japan,Asia,Electronics,Tablet,12,11484.44,1206.36
ORD-10697,2023-12-23,Sarah Davis,France,Europe,Software,Office Suite,2,379.24,191.5
ORD-10698,2023-03-09,Jessica Jones,United Kingdom,Europe,Furniture,Office Chair,1,435.85,91.95
ORD-10699,2023-10-20,Olivia Smith,Canada,North America,Software,Design Tool,13,1100.53,859.79
ORD-10700,2023-07-09,Emily Smith,Canada,North America,Electronics,Tablet,15,13129.32,2358.53
ORD-10701,2023-05-19,Olivia Rodriguez,Canada,North America,Furniture,Office Chair,10,7165.93,2129.37
ORD-10702,2023-07-06,John Johnson,Australia,Oceania,Software,Cloud Storage,8,1638.27,1058.7
ORD-10703,2023-12-27,Sarah Rodriguez,Japan,Asia,Furniture,Desk,6,1602.26,276.73
ORD-10704,2023-10-25,Emma Brown,Canada,North America,Clothing,Jacket,15,821.35,414.02
ORD-10705,2023-07-10,Jessica Davis,United States,North America,Software,Video Editor,9,2316.51,1593.91
ORD-10706,2023-09-30,David Davis,Canada,North America,Clothing,T-Shirt,4,543.79,237.83
ORD-10707,2023-05-28,Sarah Johnson,United Kingdom,Europe,Furniture,Bookshelf,2,1175.91,293.11
ORD-10708,2023-11-18,John Jones,Japan,Asia,Software,Video Editor,15,1245.1,795.22
ORD-10709,2023-01-11,David Brown,Australia,Oceania,Electronics,Smartphone,14,13889.24,3128.44
ORD-10710,2023-07-30,Olivia Garcia,Germany,Europe,Clothing,Sneakers,10,1065.61,489.17
ORD-10711,2023-06-05,Olivia Williams,France,Europe,Clothing,Jeans,13,699.41,311.43
ORD-10712,2023-01-25,Michael Garcia,Canada,North America,Clothing,Sneakers,3,301.27,104.91
ORD-10713,2023-03-31,Michael Williams,United Kingdom,Europe,Furniture,Office Chair,1,795.64,210.77
ORD-10714,2023-04-05,Emma Rodriguez,Germany,Europe,Electronics,Headphones,6,1832.05,306.44
ORD-10715,2023-06-04,Sarah Smith,Japan,Asia,Software,Design Tool,13,1122.5,766.91
ORD-10716,2023-10-07,Robert Garcia,United States,North America,Clothing,Sneakers,15,865.16,504.56
ORD-10717,2023-12-08,Michael Martinez,Japan,Asia,Software,Cloud Storage,12,936.95,647.99
ORD-10718,2023-10-10,Sarah Jones,Australia,Oceania,Electronics,Tablet,10,10329.21,1723.9
ORD-10719,2023-11-08,Emma Martinez,United States,North America,Furniture,Bookshelf,4,463.14,119.34
ORD-10720,2023-02-14,Robert Miller,Australia,Oceania,Furniture,Sofa,6,3133.32,790.57
ORD-10721,2023-07-04,James Williams,Australia,Oceania,Software,Cloud Storage,7,1002.45,615.36
ORD-10722,2023-10-15,Sarah Brown,France,Europe,Software,Design Tool,13,2088.14,1180.88
ORD-10723,2023-08-01,Michael Martinez,France,Europe,Electronics,Laptop,4,1873.57,465.13
ORD-10724,2023-02-03,Olivia Miller,Germany,Europe,Electronics,Smartphone,7,5745.22,810.07
ORD-10725,2023-12-30,Olivia Williams,France,Europe,Furniture,Desk,14,5141.34,1340.72
ORD-10726,2023-06-04,Olivia Jones,Canada,North America,Software,Video Editor,427,70823.48,36172.1
ORD-10727,2023-11-22,Emily Johnson,Canada,North America,Clothing,Sneakers,3,251.84,127.52
ORD-10728,2023-05-22,Emily Johnson,United States,North America,Clothing,Sweater,8,748.2,419.37
ORD-10729,2023-12-22,Sarah Garcia,France,Europe,Electronics,Headphones,3,2282.21,278.25
ORD-10730,2023-03-11,Jessica Williams,Australia,Oceania,Electronics,Headphones,6,3542.94,839.02
ORD-10731,2023-05-30,Robert Johnson,Germany,Europe,Furniture,Desk,13,2160.03,649.14
ORD-10732,2023-06-11,David Jones,Canada,North America,Clothing,T-Shirt,9,858.65,469.68
ORD-10733,2023-05-25,Jessica Davis,Japan,Asia,Software,Cloud Storage,15,4165.45,2253.37
ORD-10734,2023-04-07,Robert Martinez,United Kingdom,Europe,Electronics,Tablet,8,8894.66,1044.99
ORD-10735,2023-09-03,Jessica Jones,United States,North America,Clothing,Jeans,14,1084.33,646.56
ORD-10736,2023-03-30,David Smith,Germany,Europe,Electronics,Laptop,3,3148.97,382.14
ORD-10737,2023-04-18,Michael Johnson,United Kingdom,Europe,Software,Antivirus,2,109.4,75.89
ORD-10738,2023-02-25,John Rodriguez,United Kingdom,Europe,Electronics,Tablet,2,2207.91,235.13
ORD-10739,2023-02-19,Sarah Martinez,United States,North America,Furniture,Dining Table,15,3600.26,1022.91
ORD-10740,2023-05-23,Olivia Garcia,United Kingdom,Europe,Clothing,Jeans,14,1191.15,617.69
ORD-10741,2023-02-04,Sarah Martinez,Japan,Asia,Electronics,Smartwatch,4,3606.41,882.27
ORD-10742,2023-10-03,John Johnson,Canada,North America,Furniture,Dining Table,14,8336.01,1861.37
ORD-10743,2023-12-11,Sarah Williams,France,Europe,Clothing,Sneakers,7,334.99,123.37
ORD-10744,2023-03-05,Emily Johnson,Germany,Europe,Furniture,Sofa,13,4587.38,952.59
ORD-10745,2023-06-17,Emily Johnson,United States,North America,Software,Cloud Storage,8,1600.78,1000.17
ORD-10746,2023-04-26,Robert Miller,France,Europe,Clothing,Sneakers,4,525.52,298.72
ORD-10747,2023-07-08,Michael Smith,Australia,Oceania,Software,Antivirus,7,1116.6,852.43
ORD-10748,2023-07-22,James Martinez,United Kingdom,Europe,Electronics,Laptop,2,1063.79,138.15
ORD-10749,2023-07-26,Sarah Brown,Canada,North America,Software,Design Tool,5,1206.02,972.52
ORD-10750,2023-11-26,James Garcia,Canada,North America,Software,Video Editor,7,2078.17,1464.21
ORD-10751,2023-02-25,Sarah Jones,France,Europe,Software,Design Tool,4,828.37,458.79
ORD-10752,2023-02-04,Emily Smith,United States,North America,Furniture,Sofa,10,5754.43,1038.95
ORD-10753,2023-02-09,Robert Davis,United States,North America,Software,Office Suite,5,1077.62,750.13
ORD-10754,2023-10-04,Robert Smith,Germany,Europe,Electronics,Tablet,15,16660.29,2624.74
ORD-10755,2023-08-15,Emily Smith,France,Europe,Electronics,Laptop,9,7581.43,1644.47
ORD-10756,2023-09-09,James Williams,United Kingdom,Europe,Clothing,Sneakers,8,954.57,449.27
ORD-10757,2023-12-17,Robert Martinez,Japan,Asia,Software,Design Tool,9,2372.29,1666.95
ORD-10758,2023-10-30,James Martinez,France,Europe,Clothing,Jacket,6,167.91,80.12
ORD-10759,2023-06-28,Olivia Smith,Germany,Europe,Clothing,Sneakers,2,151.32,90.43
ORD-10760,2023-12-05,Emma Brown,United States,North America,Furniture,Bookshelf,10,1594.59,458.6
ORD-10761,2023-06-22,Michael Smith,United States,North America,Clothing,T-Shirt,8,844.08,360.2
ORD-10762,2023-05-17,John Davis,France,Europe,Electronics,Headphones,7,5242.1,777.73
ORD-10763,2023-02-21,Emma Garcia,France,Europe,Software,Video Editor,13,3135.94,1993.88
ORD-10764,2023-08-12,Emma Davis,Germany,Europe,Electronics,Smartwatch,4,1806.89,193.57
ORD-10765,2023-04-26,Olivia Johnson,France,Europe,Electronics,Smartwatch,6,2622.2,485.01
ORD-10766,2023-04-18,Jessica Johnson,France,Europe,Clothing,Sweater,13,766.85,382.69
ORD-10767,2023-07-25,David Martinez,France,Europe,Software,Video Editor,3,810.67,608.92
ORD-10768,2023-10-23,Emily Brown,United Kingdom,Europe,Software,Cloud Storage,15,3142.22,2587.85
ORD-10769,2023-10-17,John Rodriguez,France,Europe,Furniture,Bookshelf,8,1627.36,293.08
ORD-10770,2023-08-11,James Garcia,Germany,Europe,Electronics,Laptop,14,8162.84,1824.86
ORD-10771,2023-12-18,Olivia Brown,Germany,Europe,Software,Office Suite,2,174.98,89.43
ORD-10772,2023-08-26,Emily Rodriguez,Germany,Europe,Software,Design Tool,11,3040.55,1765.94
ORD-10773,2023-05-13,David Rodriguez,United States,North America,Furniture,Office Chair,12,5281.07,813.19
ORD-10774,2023-06-10,Olivia Jones,United States,North America,Electronics,Tablet,15,7974.09,1583.77
ORD-10775,2023-03-13,Emma Johnson,Canada,North America,Electronics,Smartwatch,11,11224.74,2721.45
ORD-10776,2023-09-12,Sarah Brown,Germany,Europe,Electronics,Headphones,6,6143.71,1293.78
ORD-10777,2023-05-01,James Brown,Australia,Oceania,Furniture,Office Chair,3,749.63,153.61
ORD-10778,2023-10-29,John Davis,Canada,North America,Clothing,T-Shirt,6,545.68,241.44
ORD-10779,2023-03-16,Jessica Davis,Germany,Europe,Clothing,Jacket,1,103.9,59.39
ORD-10780,2023-12-06,John Brown,Australia,Oceania,Clothing,Sweater,7,421.43,247.61
ORD-10781,2023-12-17,Sarah Rodriguez,Canada,North America,Furniture,Sofa,7,738.54,252.69
ORD-10782,2023-06-04,Sarah Brown,Germany,Europe,Clothing,Jeans,14,1900.25,1092.2
ORD-10783,2023-11-26,James Smith,Canada,North America,Clothing,T-Shirt,14,1698.61,760.14
ORD-10784,2023-06-20,James Johnson,Canada,North America,Furniture,Bookshelf,9,1318.11,308.67
ORD-10785,2023-06-17,Emily Smith,Japan,Asia,Electronics,Laptop,256,157587.26,30913.08
ORD-10786,2023-10-22,Sarah Johnson,Germany,Europe,Furniture,Desk,9,5395.45,1637.63
ORD-10787,2023-11-01,James Garcia,United Kingdom,Europe,Software,Design Tool,14,3273.1,1977.84
ORD-10788,2023-06-17,David Brown,Canada,North America,Electronics,Tablet,6,2045.9,473.54
ORD-10789,2023-04-25,John Smith,Japan,Asia,Furniture,Office Chair,8,1910.29,554.47
ORD-10790,2023-11-13,James Martinez,France,Europe,Clothing,Jeans,2,289.09,101.48
ORD-10791,2023-09-27,James Davis,United States,North America,Software,Antivirus,4,913.56,526.41
ORD-10792,2023-05-17,David Davis,Canada,North America,Software,Office Suite,7,1848.59,1368.02
ORD-10793,2023-12-13,Emma Miller,Germany,Europe,Furniture,Sofa,13,2628.08,546.74
ORD-10794,2023-08-19,Emma Garcia,Japan,Asia,Software,Antivirus,1,167.22,141.9
ORD-10795,2023-12-18,Emma Miller,France,Europe,Software,Video Editor,5,341.32,246.71
ORD-10796,2023-08-30,Jessica Martinez,United Kingdom,Europe,Electronics,Smartphone,5,3398.85,534.1
ORD-10797,2023-07-09,Michael Rodriguez,Australia,Oceania,Electronics,Smartwatch,3,1269.92,222.95
ORD-10798,2023-03-09,Sarah Garcia,France,Europe,Software,Office Suite,5,396.05,205.02
ORD-10799,2023-05-24,Jessica Miller,Canada,North America,Clothing,Jacket,10,1278.47,738.97
ORD-10800,2023-03-26,Jessica Davis,France,Europe,Furniture,Dining Table,14,10443.96,2896.43
ORD-10801,2023-03-18,John Brown,United Kingdom,Europe,Furniture,Office Chair,8,2257.25,657.29
ORD-10802,2023-01-21,Emily Garcia,France,Europe,Software,Design Tool,8,624.98,492.43
ORD-10803,2023-02-17,Emma Jones,Germany,Europe,Furniture,Desk,12,5473.4,1119.63
ORD-10804,2023-04-19,Olivia Smith,Japan,Asia,Furniture,Sofa,15,2306.77,700.45
ORD-10805,2023-01-14,David Johnson,Germany,Europe,Software,Cloud Storage,10,2822.87,1531.2
ORD-10806,2023-02-11,Emily Davis,United States,North America,Software,Cloud Storage,10,2145.02,1355.16
ORD-10807,2023-08-20,Jessica Martinez,Japan,Asia,Furniture,Desk,14,1877.09,523.2
ORD-10808,2023-02-06,Robert Martinez,United States,North America,Software,Antivirus,7,796.54,474.76
ORD-10809,2023-02-15,John Brown,France,Europe,Furniture,Sofa,13,4961.81,1386.5
ORD-10810,2023-03-03,David Davis,United Kingdom,Europe,Software,Cloud Storage,15,3318.61,1833.58
ORD-10811,2023-07-08,Robert Brown,Canada,North America,Software,Design Tool,15,2205.34,1339.51
ORD-10812,2023-08-05,Jessica Martinez,United States,North America,Furniture,Sofa,11,4380.33,692.48
ORD-10813,2023-12-13,Emma Williams,France,Europe,Software,Video Editor,11,2329.87,1243.19
ORD-10814,2023-09-02,David Williams,United States,North America,Furniture,Bookshelf,14,3836.8,903.74
ORD-10815,2023-02-09,John Rodriguez,Japan,Asia,Electronics,Smartwatch,7,4085.69,693.34
ORD-10816,2023-05-10,Jessica Jones,Canada,North America,Electronics,Smartwatch,1,269.63,53.72
ORD-10817,2023-07-21,John Johnson,United Kingdom,Europe,Software,Cloud Storage,6,1180.81,805.31
ORD-10818,2023-05-16,Jessica Williams,Japan,Asia,Furniture,Desk,2,1245.84,337.39
ORD-10819,2023-08-11,Robert Smith,United States,North America,Electronics,Tablet,2,327.94,65.05
ORD-10820,2023-12-03,Olivia Davis,France,Europe,Clothing,Sweater,14,2052.54,837.89
ORD-10821,2023-12-12,James Jones,Australia,Oceania,Electronics,Laptop,3,493.71,57.66
ORD-10822,2023-01-14,Emma Davis,United Kingdom,Europe,Furniture,Desk,7,4826.24,1552.3
ORD-10823,2023-06-04,Emily Williams,United States,North America,Software,Design Tool,1,79.11,68.11
ORD-10824,2023-09-06,Emily Smith,France,Europe,Software,Video Editor,4,401.34,292.08
ORD-10825,2023-06-20,John Johnson,United States,North America,Software,Design Tool,14,2434.96,1781.09
ORD-10826,2023-01-19,Emily Miller,Germany,Europe,Software,Video Editor,10,2311.54,2020.55
ORD-10827,2023-09-07,Emma Smith,Canada,North America,Electronics,Tablet,10,4816.43,527.53
ORD-10828,2023-08-31,Sarah Davis,France,Europe,Clothing,Sneakers,12,920.52,320.71
ORD-10829,2023-06-26,Emily Brown,France,Europe,Furniture,Dining Table,15,8692.23,2906.22
ORD-10830,2023-12-03,Emily Williams,Australia,Oceania,Clothing,Sneakers,7,898.1,450.79
ORD-10831,2023-08-30,Michael Martinez,Canada,North America,Furniture,Bookshelf,12,7493.74,2123.81
ORD-10832,2023-03-22,Olivia Davis,United Kingdom,Europe,Electronics,Tablet,8,3750.68,492.9
ORD-10833,2023-07-03,David Garcia,United States,North America,Furniture,Desk,14,9822.72,2462.51
ORD-10834,2023-08-09,Sarah Martinez,Germany,Europe,Furniture,Office Chair,9,2311.8,465.98
ORD-10835,2023-01-24,Robert Jones,Germany,Europe,Furniture,Dining Table,10,5686.4,1656.34
ORD-10836,2023-08-23,Sarah Johnson,France,Europe,Electronics,Smartwatch,1,682.67,85.37
ORD-10837,2023-07-05,Michael Jones,United Kingdom,Europe,Software,Video Editor,8,1865.1,1006.63
ORD-10838,2023-03-12,Sarah Brown,Germany,Europe,Software,Design Tool,13,3149.36,1883.72
ORD-10839,2023-05-27,Robert Williams,Germany,Europe,Electronics,Headphones,6,5405.76,877.09
ORD-10840,2023-03-19,Robert Miller,United Kingdom,Europe,Furniture,Desk,13,5202.29,1735.5
ORD-10841,2023-09-22,Jessica Smith,Canada,North America,Software,Office Suite,13,682.33,561.22
ORD-10842,2023-06-23,Jessica Miller,United States,North America,Furniture,Sofa,1,375.29,59.08
ORD-10843,2023-10-22,John Rodriguez,United Kingdom,Europe,Clothing,Sneakers,7,946.06,482.71
ORD-10844,2023-06-10,Jessica Smith,Australia,Oceania,Clothing,Sweater,10,1396.59,712.38
ORD-10845,2023-10-06,Olivia Martinez,United Kingdom,Europe,Software,Cloud Storage,15,3794.37,2881.83
ORD-10846,2023-02-13,John Rodriguez,Germany,Europe,Clothing,Sneakers,12,1361.45,767.81
ORD-10847,2023-05-26,Emma Johnson,Japan,Asia,Clothing,Sweater,6,710.5,247.26
ORD-10848,2023-10-04,Olivia Jones,Canada,North America,Furniture,Bookshelf,12,4751.07,1192.78
ORD-10849,2023-07-10,David Rodriguez,Canada,North America,Clothing,T-Shirt,1,118.35,68.93
ORD-10850,2023-01-03,Emily Garcia,Japan,Asia,Furniture,Dining Table,10,6002.53,2025.9
ORD-10851,2023-11-01,Emma Garcia,Canada,North America,Clothing,Jacket,11,1342.25,690.53
ORD-10852,2023-07-13,Robert Brown,Australia,Oceania,Electronics,Headphones,9,6853.39,1531.23
ORD-10853,2023-03-17,James Miller,United States,North America,Electronics,Smartphone,1,596.13,71.24
ORD-10854,2023-07-09,Robert Miller,United States,North America,Software,Cloud Storage,10,1747.07,1169.43
ORD-10855,2023-08-02,Michael Williams,France,Europe,Furniture,Sofa,12,5044.79,1733.42
ORD-10856,2023-03-02,Emma Davis,Japan,Asia,Software,Antivirus,12,1070.52,774.64
ORD-10857,2023-11-05,James Johnson,United States,North America,Electronics,Headphones,10,4540.7,810.14
ORD-10858,2023-07-11,David Jones,Germany,Europe,Software,Antivirus,13,1114.33,906.53
ORD-10859,2023-05-26,Emma Williams,Germany,Europe,Software,Antivirus,2,373.77,196.99
ORD-10860,2023-10-21,David Martinez,France,Europe,Software,Cloud Storage,13,1876.24,1564.38
ORD-10861,2023-03-12,Robert Davis,United Kingdom,Europe,Software,Design Tool,3,799.76,503.92
ORD-10862,2023-11-16,James Miller,Australia,Oceania,Furniture,Sofa,6,2872.18,981.18
ORD-10863,2023-05-23,Sarah Williams,Australia,Oceania,Electronics,Smartwatch,11,10845.63,2235.39
ORD-10864,2023-11-26,Robert Johnson,United States,North America,Furniture,Dining Table,9,4534.19,728.08
ORD-10865,2023-09-01,Robert Smith,United Kingdom,Europe,Electronics,Smartwatch,3,3481.49,491.74
ORD-10866,2023-12-28,Olivia Davis,Canada,North America,Electronics,Smartwatch,10,4864.53,916.16
ORD-10867,2023-06-24,James Williams,United States,North America,Software,Antivirus,14,2547.66,1663.12
ORD-10868,2023-10-05,Michael Jones,United States,North America,Furniture,Desk,5,3189.07,576.73
ORD-10869,2023-03-28,John Martinez,Australia,Oceania,Clothing,Jeans,1,112.73,43.9
ORD-10870,2023-07-31,Jessica Jones,United Kingdom,Europe,Software,Antivirus,1,100.64,80.6
ORD-10871,2023-09-18,Robert Miller,France,Europe,Electronics,Headphones,1,484.25,88.6
ORD-10872,2023-07-28,Emma Smith,United States,North America,Clothing,Sweater,10,1077.63,402.92
ORD-10873,2023-03-06,David Martinez,Canada,North America,Software,Design Tool,2,523.14,366.29
ORD-10874,2023-07-11,Robert Williams,United Kingdom,Europe,Furniture,Dining Table,7,5410.63,1412.34
ORD-10875,2023-08-26,Olivia Jones,Canada,North America,Furniture,Office Chair,1,753.45,185.68
ORD-10876,2023-12-15,James Garcia,Canada,North America,Furniture,Dining Table,14,6401.22,1018.41
ORD-10877,2023-02-05,David Johnson,Japan,Asia,Software,Antivirus,14,1188.78,859.0
ORD-10878,2023-04-18,Olivia Rodriguez,France,Europe,Clothing,Jacket,11,593.75,312.2
ORD-10879,2023-12-06,Jessica Garcia,United Kingdom,Europe,Furniture,Sofa,10,3299.2,1097.99
ORD-10880,2023-11-08,Emily Smith,United States,North America,Electronics,Laptop,7,5135.06,1049.98
ORD-10881,2023-10-03,Sarah Johnson,France,Europe,Electronics,Tablet,11,3075.45,755.96
ORD-10882,2023-07-03,James Williams,Japan,Asia,Electronics,Smartphone,8,4312.04,-3449.63
ORD-10883,2023-05-24,Jessica Brown,Canada,North America,Electronics,Smartwatch,11,5151.71,1069.86
ORD-10884,2023-07-05,John Jones,France,Europe,Software,Video Editor,4,207.14,185.12
ORD-10885,2023-05-23,Olivia Rodriguez,United States,North America,Software,Office Suite,9,885.98,704.82
ORD-10886,2023-10-17,Michael Johnson,Japan,Asia,Furniture,Office Chair,3,845.21,223.12
ORD-10887,2023-05-21,Emma Smith,Japan,Asia,Clothing,Sweater,15,1185.16,689.01
ORD-10888,2023-01-27,Jessica Miller,Australia,Oceania,Software,Cloud Storage,2,440.09,302.18
ORD-10889,2023-01-23,Emma Smith,Canada,North America,Clothing,Sneakers,9,705.17,212.64
ORD-10890,2023-10-20,John Brown,United States,North America,Software,Antivirus,15,1687.44,954.74
ORD-10891,2023-11-17,Sarah Smith,Australia,Oceania,Software,Design Tool,13,728.08,596.22
ORD-10892,2023-05-09,Emma Johnson,Canada,North America,Software,Office Suite,6,1548.78,1283.4
ORD-10893,2023-02-07,Olivia Martinez,United Kingdom,Europe,Software,Antivirus,11,1777.75,977.64
ORD-10894,2023-07-13,Jessica Johnson,United States,North America,Furniture,Office Chair,15,9925.06,1597.52
ORD-10895,2023-02-03,Sarah Smith,France,Europe,Electronics,Headphones,14,7707.4,881.53
ORD-10896,2023-11-03,Olivia Smith,United Kingdom,Europe,Software,Design Tool,8,1990.33,1695.71
ORD-10897,2023-11-30,John Davis,Germany,Europe,Clothing,Sweater,4,136.16,41.35
ORD-10898,2023-04-10,Olivia Williams,Japan,Asia,Clothing,Jacket,7,578.07,281.09
ORD-10899,2023-01-23,John Williams,United Kingdom,Europe,Clothing,Sweater,7,606.94,300.75
ORD-10900,2023-10-05,Michael Williams,Japan,Asia,Software,Cloud Storage,10,1357.25,-1085.8
ORD-10901,2023-03-16,John Brown,Australia,Oceania,Electronics,Tablet,6,2131.06,277.16
ORD-10902,2023-02-05,Jessica Brown,Canada,North America,Software,Design Tool,10,2231.03,1875.86
ORD-10903,2023-11-12,David Miller,Germany,Europe,Clothing,Jeans,2,158.12,84.87
ORD-10904,2023-01-02,Emma Brown,United Kingdom,Europe,Software,Video Editor,4,439.02,348.51
ORD-10905,2023-07-12,Emma Miller,Germany,Europe,Furniture,Office Chair,6,641.55,142.15
ORD-10906,2023-05-29,Emily Brown,United Kingdom,Europe,Clothing,T-Shirt,1,45.89,17.68
ORD-10907,2023-03-31,Jessica Rodriguez,Germany,Europe,Furniture,Desk,4,460.18,146.6
ORD-10908,2023-12-13,Michael Miller,United States,North America,Electronics,Headphones,15,5561.24,936.68
ORD-10909,2023-12-05,Michael Rodriguez,Germany,Europe,Software,Antivirus,2,172.22,149.77
ORD-10910,2023-09-30,James Garcia,United Kingdom,Europe,Clothing,Sweater,7,1029.05,384.21
ORD-10911,2023-10-28,Emma Rodriguez,Japan,Asia,Clothing,Jeans,6,312.79,152.9
ORD-10912,2023-09-18,Olivia Davis,United Kingdom,Europe,Furniture,Office Chair,13,5583.07,1578.34
ORD-10913,2023-07-18,Robert Garcia,Japan,Asia,Software,Video Editor,8,758.0,595.03
ORD-10914,2023-09-11,Emily Jones,France,Europe,Software,Video Editor,11,650.66,382.46
ORD-10915,2023-05-01,James Brown,Canada,North America,Clothing,Sneakers,15,1035.31,359.42
ORD-10916,2023-10-09,Sarah Williams,Germany,Europe,Electronics,Headphones,8,5558.09,747.71
ORD-10917,2023-11-15,Jessica Miller,Japan,Asia,Software,Design Tool,7,1065.67,875.77
ORD-10918,2023-01-13,Michael Davis,France,Europe,Furniture,Bookshelf,11,1684.34,556.33
ORD-10919,2023-09-20,Robert Johnson,Japan,Asia,Clothing,Jeans,2,70.83,28.9
ORD-10920,2023-04-11,Jessica Jones,Germany,Europe,Clothing,Jacket,4,446.93,267.89
ORD-10921,2023-10-06,David Smith,Canada,North America,Clothing,Jacket,14,910.87,545.66
ORD-10922,2023-10-24,John Davis,Canada,North America,Furniture,Sofa,4,1035.39,310.44
ORD-10923,2023-10-28,Robert Davis,Japan,Asia,Software,Cloud Storage,13,929.1,778.88
ORD-10924,2023-08-02,Emma Davis,Australia,Oceania,Software,Video Editor,1,143.68,105.03
ORD-10925,2023-01-05,Emily Garcia,Australia,Oceania,Clothing,Jeans,7,527.4,277.3
ORD-10926,2023-10-03,David Garcia,Australia,Oceania,Electronics,Smartwatch,13,2389.65,288.84
ORD-10927,2023-10-18,Olivia Martinez,Germany,Europe,Software,Design Tool,4,1148.69,603.62
ORD-10928,2023-02-25,Jessica Martinez,France,Europe,Software,Cloud Storage,2,185.71,142.99
ORD-10929,2023-12-19,Olivia Davis,Canada,North America,Electronics,Laptop,4,891.86,218.01
ORD-10930,2023-05-30,Robert Johnson,United Kingdom,Europe,Software,Antivirus,6,1077.8,612.98
ORD-10931,2023-07-20,Michael Johnson,France,Europe,Furniture,Dining Table,7,3043.43,498.37
ORD-10932,2023-04-16,Michael Brown,Canada,North America,Clothing,Sneakers,14,1571.6,695.33
ORD-10933,2023-10-28,Emma Rodriguez,Germany,Europe,Software,Cloud Storage,4,207.44,115.56
ORD-10934,2023-11-06,Emma Rodriguez,France,Europe,Clothing,Sweater,15,1257.37,551.74
ORD-10935,2023-05-28,Emily Garcia,United States,North America,Clothing,Sneakers,10,1270.46,705.05
ORD-10936,2023-11-13,James Davis,United Kingdom,Europe,Software,Office Suite,12,2305.85,1515.91
ORD-10937,2023-03-22,David Rodriguez,United Kingdom,Europe,Clothing,T-Shirt,12,1373.4,783.76
ORD-10938,2023-10-11,Sarah Garcia,France,Europe,Electronics,Smartphone,9,8593.79,1279.63
ORD-10939,2023-04-17,Robert Smith,Germany,Europe,Software,Antivirus,2,419.43,323.07
ORD-10940,2023-07-24,Emma Miller,Germany,Europe,Electronics,Smartphone,5,1352.08,321.21
ORD-10941,2023-08-26,Emily Davis,Australia,Oceania,Electronics,Smartphone,9,7558.86,1564.97
ORD-10942,2023-05-23,Michael Williams,France,Europe,Electronics,Smartwatch,2,672.2,79.74
ORD-10943,2023-02-09,John Jones,United Kingdom,Europe,Furniture,Sofa,6,1347.35,394.62
ORD-10944,2023-04-21,Emily Smith,Japan,Asia,Electronics,Tablet,12,5684.89,-4547.91
ORD-10945,2023-04-14,Emma Garcia,Canada,North America,Furniture,Desk,2,222.45,34.61
ORD-10946,2023-04-09,Sarah Brown,Canada,North America,Electronics,Laptop,12,3904.8,633.95
ORD-10947,2023-06-15,Robert Brown,Germany,Europe,Furniture,Dining Table,7,5300.72,923.18
ORD-10948,2023-06-15,Michael Smith,Germany,Europe,Software,Cloud Storage,1,147.3,100.68
ORD-10949,2023-05-23,Olivia Garcia,Canada,North America,Electronics,Smartphone,15,5692.33,826.7
ORD-10950,2023-12-31,Robert Martinez,United States,North America,Furniture,Bookshelf,2,1039.81,360.07
ORD-10951,2023-12-22,Michael Garcia,Australia,Oceania,Furniture,Bookshelf,14,7930.43,1296.65
ORD-10952,2023-08-18,James Rodriguez,Japan,Asia,Furniture,Dining Table,10,5932.4,905.63
ORD-10953,2023-03-05,David Brown,Canada,North America,Software,Office Suite,10,698.47,387.67
ORD-10954,2023-03-19,James Brown,United Kingdom,Europe,Electronics,Laptop,15,13673.61,3394.92
ORD-10955,2023-03-10,David Garcia,Germany,Europe,Electronics,Smartwatch,13,15293.8,3016.04
ORD-10956,2023-04-28,Jessica Garcia,United States,North America,Furniture,Desk,9,1240.67,413.81
ORD-10957,2023-12-18,Emma Martinez,Canada,North America,Software,Video Editor,6,575.32,432.59
ORD-10958,2023-02-05,Emma Smith,France,Europe,Furniture,Desk,3,492.69,132.3
ORD-10959,2023-05-01,Robert Johnson,United Kingdom,Europe,Software,Design Tool,5,455.2,263.57
ORD-10960,2023-05-08,David Jones,Japan,Asia,Software,Office Suite,5,1328.03,919.62
ORD-10961,2023-07-23,James Williams,Germany,Europe,Software,Design Tool,7,1234.26,979.97
ORD-10962,2023-09-04,John Miller,Canada,North America,Software,Antivirus,13,3595.99,2229.85
ORD-10963,2023-03-31,David Miller,Japan,Asia,Software,Cloud Storage,8,966.45,700.54
ORD-10964,2023-03-11,Emily Brown,Germany,Europe,Furniture,Desk,1,108.98,27.26
ORD-10965,2023-07-27,James Miller,France,Europe,Clothing,Sneakers,8,480.12,286.27
ORD-10966,2023-03-05,James Martinez,United States,North America,Furniture,Desk,13,5270.31,1059.6
ORD-10967,2023-06-28,Robert Davis,Australia,Oceania,Clothing,T-Shirt,11,771.03,329.39
ORD-10968,2023-01-18,Jessica Smith,France,Europe,Furniture,Bookshelf,10,4188.3,1198.75
ORD-10969,2023-10-24,Michael Smith,Japan,Asia,Electronics,Smartphone,11,9869.09,1555.88
ORD-10970,2023-09-23,Emma Miller,United States,North America,Furniture,Sofa,5,2921.43,730.74
ORD-10971,2023-10-28,David Miller,France,Europe,Electronics,Smartphone,11,8263.67,1814.95
ORD-10972,2023-04-18,James Jones,Germany,Europe,Electronics,Laptop,14,9328.33,1068.38
ORD-10973,2023-09-26,James Jones,France,Europe,Software,Office Suite,3,430.99,336.87
ORD-10974,2023-09-15,Sarah Davis,United Kingdom,Europe,Furniture,Desk,4,565.15,105.43
ORD-10975,2023-07-29,Emily Martinez,Germany,Europe,Electronics,Laptop,2,915.56,143.43
ORD-10976,2023-01-16,Olivia Brown,Germany,Europe,Software,Design Tool,11,2641.47,1330.78
ORD-10977,2023-12-07,Olivia Smith,United States,North America,Electronics,Laptop,9,8832.38,1380.94
ORD-10978,2023-05-17,Emily Davis,Canada,North America,Clothing,Sweater,7,446.26,225.16
ORD-10979,2023-05-03,Jessica Miller,Germany,Europe,Software,Video Editor,1,293.83,249.53
ORD-10980,2023-08-22,James Williams,United States,North America,Electronics,Smartwatch,2,2124.91,301.57
ORD-10981,2023-05-08,Jessica Davis,Canada,North America,Software,Video Editor,7,1505.4,754.58
ORD-10982,2023-06-14,John Garcia,Canada,North America,Electronics,Headphones,11,6781.74,1295.41
ORD-10983,2023-02-11,Jessica Miller,Japan,Asia,Software,Antivirus,12,1754.58,1303.42
ORD-10984,2023-09-24,Olivia Rodriguez,Canada,North America,Electronics,Laptop,8,7893.29,1146.12
ORD-10985,2023-08-28,Michael Davis,Japan,Asia,Electronics,Tablet,11,7894.71,1077.65
ORD-10986,2023-12-25,Sarah Johnson,Australia,Oceania,Software,Antivirus,3,846.75,533.96
ORD-10987,2023-04-23,David Davis,Germany,Europe,Electronics,Laptop,15,10669.06,2227.83
ORD-10988,2023-06-20,Emma Martinez,Australia,Oceania,Electronics,Headphones,7,7739.73,1636.53
ORD-10989,2023-11-25,Robert Miller,Australia,Oceania,Furniture,Desk,5,904.91,151.61
ORD-10990,2023-10-31,Emma Johnson,Australia,Oceania,Clothing,Jeans,14,850.34,352.09
ORD-10991,2023-02-01,Olivia Rodriguez,Germany,Europe,Furniture,Sofa,7,2266.25,505.38
ORD-10992,2023-03-06,Robert Martinez,Canada,North America,Furniture,Office Chair,7,745.02,238.76
ORD-10993,2023-06-01,Emma Davis,Canada,North America,Software,Office Suite,10,1208.48,965.36
ORD-10994,2023-12-26,John Martinez,Canada,North America,Clothing,Jacket,9,1338.69,451.19
ORD-10995,2023-10-21,Emily Brown,Australia,Oceania,Software,Cloud Storage,12,3499.49,1832.07
ORD-10996,2023-04-18,Emma Smith,United Kingdom,Europe,Furniture,Sofa,12,4491.19,1557.89
ORD-10997,2023-03-23,John Rodriguez,Canada,North America,Software,Cloud Storage,7,1536.32,1376.74
ORD-10998,2023-02-06,Robert Jones,France,Europe,Clothing,Jeans,12,1575.75,658.87
ORD-10999,2023-10-25,John Jones,Canada,North America,Software,Office Suite,10,843.9,656.88
ORD-11000,2023-04-18,Emma Brown,United Kingdom,Europe,Electronics,Headphones,12,12587.38,1451.23
ORD-11001,2023-03-17,James Miller,Canada,North America,Furniture,Office Chair,2,697.82,170.81
ORD-11002,2023-09-21,Jessica Martinez,United States,North America,Software,Office Suite,11,2537.01,1517.13
ORD-11003,2023-09-08,David Martinez,France,Europe,Furniture,Sofa,13,7595.33,2347.45
ORD-11004,2023-08-26,James Jones,Canada,North America,Software,Cloud Storage,1,80.0,42.64
ORD-11005,2023-09-18,Emma Smith,Australia,Oceania,Software,Cloud Storage,12,2836.08,2319.17
ORD-11006,2023-11-27,James Jones,France,Europe,Furniture,Office Chair,6,866.69,287.55
ORD-11007,2023-07-27,John Miller,United Kingdom,Europe,Software,Antivirus,9,2333.57,1669.89
ORD-11008,2023-03-05,Emma Johnson,Australia,Oceania,Furniture,Dining Table,12,2711.48,707.55
ORD-11009,2023-01-21,Michael Martinez,United States,North America,Furniture,Desk,2,987.49,316.28
ORD-11010,2023-09-17,David Garcia,United States,North America,Furniture,Sofa,11,1100.66,231.27
ORD-11011,2023-05-31,Robert Davis,Japan,Asia,Furniture,Dining Table,8,4692.57,1194.42
ORD-11012,2023-11-07,Robert Rodriguez,Germany,Europe,Furniture,Office Chair,11,7412.18,1463.31
ORD-11013,2023-04-21,Michael Martinez,Germany,Europe,Furniture,Dining Table,6,1765.06,522.14
ORD-11014,2023-05-11,David Miller,Japan,Asia,Furniture,Sofa,8,1266.22,254.3
ORD-11015,2023-03-15,Robert Brown,Australia,Oceania,Electronics,Headphones,11,9698.07,1250.02
ORD-11016,2023-11-28,Robert Martinez,Australia,Oceania,Furniture,Sofa,14,2904.22,1012.09
ORD-11017,2023-11-06,Emma Johnson,United States,North America,Clothing,T-Shirt,9,308.69,143.39
ORD-11018,2023-02-15,Jessica Garcia,Australia,Oceania,Clothing,Jeans,14,1732.54,661.99
ORD-11019,2023-07-13,Sarah Johnson,United Kingdom,Europe,Furniture,Dining Table,12,8554.3,2290.55
ORD-11020,2023-09-28,Jessica Martinez,United States,North America,Clothing,Sweater,5,494.85,281.56
ORD-11021,2023-07-19,Michael Garcia,Canada,North America,Software,Design Tool,10,818.93,412.58
ORD-11022,2023-12-03,Michael Williams,United Kingdom,Europe,Software,Video Editor,12,1402.11,1216.16
ORD-11023,2023-12-29,Emma Martinez,Germany,Europe,Software,Design Tool,3,479.22,307.47
ORD-11024,2023-05-22,James Rodriguez,Germany,Europe,Furniture,Bookshelf,11,7706.0,2616.12
ORD-11025,2023-02-16,Sarah Johnson,Germany,Europe,Furniture,Office Chair,3,1508.17,251.74
ORD-11026,2023-01-06,James Rodriguez,France,Europe,Furniture,Sofa,8,3684.06,1287.91
ORD-11027,2023-03-05,James Smith,Australia,Oceania,Furniture,Office Chair,12,4769.82,1225.2
ORD-11028,2023-12-05,Robert Martinez,Australia,Oceania,Electronics,Smartwatch,8,9303.04,1871.57
ORD-11029,2023-04-26,Michael Johnson,Japan,Asia,Clothing,Jeans,9,593.35,187.07
ORD-11030,2023-07-11,Sarah Garcia,United Kingdom,Europe,Furniture,Dining Table,14,8910.86,1546.69
ORD-11031,2023-05-16,Emma Smith,Germany,Europe,Software,Office Suite,15,1893.07,1653.11
ORD-11032,2023-01-19,Emily Martinez,Canada,North America,Software,Antivirus,6,308.84,211.29
ORD-11033,2023-01-03,Jessica Williams,United States,North America,Software,Cloud Storage,1,75.33,52.49
ORD-11034,2023-03-20,James Johnson,Japan,Asia,Software,Antivirus,3,727.09,436.29
ORD-11035,2023-06-03,Jessica Miller,Germany,Europe,Furniture,Dining Table,13,3752.28,1305.32
ORD-11036,2023-03-24,Michael Garcia,France,Europe,Software,Antivirus,6,1625.36,1273.77
ORD-11037,2023-01-21,Michael Miller,Germany,Europe,Software,Cloud Storage,15,868.52,665.7
ORD-11038,2023-05-17,Sarah Miller,Australia,Oceania,Software,Video Editor,8,1999.64,1571.17
ORD-11039,2023-07-24,Robert Miller,Canada,North America,Furniture,Office Chair,2,1309.8,229.51
ORD-11040,2023-12-17,Emma Smith,United States,North America,Clothing,Sneakers,10,1158.66,498.57
ORD-11041,2023-02-12,James Brown,France,Europe,Furniture,Dining Table,3,823.88,249.92
ORD-11042,2023-05-07,James Brown,Australia,Oceania,Software,Antivirus,12,2791.37,2078.01
ORD-11043,2023-10-30,Michael Brown,Canada,North America,Electronics,Laptop,7,1331.99,331.08
ORD-11044,2023-01-10,Olivia Brown,France,Europe,Electronics,Smartphone,7,4043.63,590.24
ORD-11045,2023-04-24,Jessica Miller,United Kingdom,Europe,Software,Antivirus,9,1410.91,734.61
ORD-11046,2023-05-24,Jessica Miller,Germany,Europe,Furniture,Bookshelf,15,1999.34,316.25
ORD-11047,2023-06-14,Emma Jones,Australia,Oceania,Software,Cloud Storage,15,3024.46,2033.54
ORD-11048,2023-07-06,Jessica Jones,France,Europe,Electronics,Smartphone,11,1807.79,330.4
ORD-11049,2023-07-04,Jessica Martinez,Germany,Europe,Clothing,Jeans,11,614.6,292.12
ORD-11050,2023-03-08,Olivia Johnson,United States,North America,Electronics,Smartwatch,15,16173.65,3600.44
ORD-11051,2023-02-20,Sarah Rodriguez,France,Europe,Clothing,Jacket,12,979.75,517.6
ORD-11052,2023-01-23,Michael Brown,United Kingdom,Europe,Software,Video Editor,12,1357.58,1155.07
ORD-11053,2023-06-27,Jessica Davis,Japan,Asia,Electronics,Tablet,2,1313.92,234.62
ORD-11054,2023-01-12,Michael Martinez,Canada,North America,Clothing,Jeans,5,129.54,60.86
ORD-11055,2023-04-08,James Davis,Australia,Oceania,Electronics,Laptop,8,7506.11,1183.13
ORD-11056,2023-11-07,David Brown,France,Europe,Furniture,Office Chair,3,1500.99,-1200.79
ORD-11057,2023-08-22,Robert Rodriguez,Japan,Asia,Clothing,Jacket,14,681.01,349.0
ORD-11058,2023-04-25,John Rodriguez,United Kingdom,Europe,Furniture,Bookshelf,1,547.73,185.36
ORD-11059,2023-05-19,John Brown,United Kingdom,Europe,Furniture,Dining Table,2,201.96,44.33
ORD-11060,2023-06-16,Sarah Rodriguez,Germany,Europe,Clothing,Jeans,7,957.49,371.95
ORD-11061,2023-01-06,Jessica Brown,Australia,Oceania,Clothing,Jeans,5,731.54,337.4
ORD-11062,2023-10-26,Sarah Miller,Canada,North America,Clothing,Sweater,9,421.21,182.24
ORD-11063,2023-10-25,James Williams,United Kingdom,Europe,Software,Office Suite,12,2778.86,1799.19
ORD-11064,2023-09-11,Michael Davis,United States,North America,Furniture,Desk,4,1995.04,675.66
ORD-11065,2023-01-11,David Williams,Germany,Europe,Furniture,Sofa,11,5780.23,947.33
ORD-11066,2023-08-21,James Johnson,United Kingdom,Europe,Furniture,Office Chair,10,1698.11,385.13
ORD-11067,2023-11-26,John Williams,United States,North America,Furniture,Office Chair,5,999.22,275.26
ORD-11068,2023-02-24,Robert Garcia,United States,North America,Electronics,Laptop,3,1963.34,362.09
ORD-11069,2023-06-07,Jessica Davis,United Kingdom,Europe,Furniture,Desk,1,480.47,97.77
ORD-11070,2023-01-23,Sarah Rodriguez,United States,North America,Clothing,T-Shirt,216,29211.71,12402.87
ORD-11071,2023-07-17,Michael Garcia,France,Europe,Clothing,Jeans,15,2014.03,836.67
ORD-11072,2023-02-27,Emily Williams,Canada,North America,Electronics,Laptop,2,2308.58,328.45
ORD-11073,2023-03-02,Jessica Johnson,Germany,Europe,Electronics,Smartwatch,3,1010.91,181.53
ORD-11074,2023-08-06,Michael Jones,Australia,Oceania,Clothing,Jacket,15,502.65,288.96
ORD-11075,2023-12-31,Sarah Smith,Germany,Europe,Furniture,Desk,6,1220.68,292.16
ORD-11076,2023-02-04,Sarah Martinez,France,Europe,Software,Cloud Storage,3,217.84,195.6
ORD-11077,2023-06-30,Jessica Davis,France,Europe,Software,Design Tool,12,3518.55,2606.18
ORD-11078,2023-12-01,Emma Miller,United Kingdom,Europe,Software,Video Editor,8,1477.49,1029.87
ORD-11079,2023-07-16,Sarah Martinez,United Kingdom,Europe,Software,Video Editor,10,2441.48,2013.04
ORD-11080,2023-05-01,Jessica Smith,United States,North America,Furniture,Office Chair,6,2945.17,1005.84
ORD-11081,2023-06-28,Jessica Williams,United States,North America,Clothing,Sneakers,3,385.75,179.55
ORD-11082,2023-05-05,Emma Brown,France,Europe,Electronics,Laptop,2,2320.31,477.04
ORD-11083,2023-12-23,James Garcia,United States,North America,Electronics,Smartphone,11,8367.56,1435.24
ORD-11084,2023-01-16,Michael Garcia,United Kingdom,Europe,Furniture,Office Chair,4,615.78,162.47
ORD-11085,2023-04-04,Emily Williams,United Kingdom,Europe,Clothing,Sneakers,7,797.53,345.48
ORD-11086,2023-05-27,Sarah Williams,United States,North America,Electronics,Smartphone,10,9386.9,1647.35
ORD-11087,2023-08-05,Emily Rodriguez,Canada,North America,Clothing,Sweater,9,538.06,198.11
ORD-11088,2023-02-17,Robert Miller,Germany,Europe,Furniture,Desk,7,3733.31,723.45
ORD-11089,2023-10-14,Olivia Johnson,Australia,Oceania,Software,Design Tool,6,1279.05,846.78
ORD-11090,2023-07-10,James Brown,United States,North America,Clothing,T-Shirt,2,60.23,28.97
ORD-11091,2023-05-03,David Williams,United States,North America,Electronics,Smartphone,4,3107.87,663.46
ORD-11092,2023-04-14,John Brown,Japan,Asia,Clothing,T-Shirt,10,934.24,438.27
ORD-11093,2023-01-25,Jessica Johnson,United States,North America,Clothing,T-Shirt,6,706.31,415.04
ORD-11094,2023-07-20,Jessica Williams,Germany,Europe,Electronics,Headphones,7,7639.36,1340.99
ORD-11095,2023-03-18,John Martinez,Canada,North America,Software,Design Tool,10,2672.03,1376.0
ORD-11096,2023-08-26,Sarah Johnson,Australia,Oceania,Furniture,Desk,13,7501.28,1336.52
ORD-11097,2023-09-22,Olivia Rodriguez,Japan,Asia,Clothing,Sneakers,13,481.72,186.55
ORD-11098,2023-01-21,James Brown,France,Europe,Furniture,Dining Table,10,1524.99,275.23
ORD-11099,2023-02-19,John Williams,France,Europe,Clothing,Sweater,14,2043.48,1092.1
ORD-11100,2023-08-21,Jessica Williams,United States,North America,Clothing,Jeans,2,112.83,46.15
ORD-11101,2023-12-30,Emily Jones,United Kingdom,Europe,Software,Cloud Storage,13,3499.14,2659.76
ORD-11102,2023-10-19,Emily Smith,United States,North America,Clothing,Jacket,7,512.22,248.89
ORD-11103,2023-07-07,Robert Martinez,France,Europe,Clothing,Jacket,2,217.37,98.2
ORD-11104,2023-01-22,Olivia Smith,Australia,Oceania,Furniture,Dining Table,1,208.19,35.61
ORD-11105,2023-07-24,Sarah Brown,Japan,Asia,Software,Design Tool,11,807.13,553.97
ORD-11106,2023-08-27,Sarah Johnson,Canada,North America,Furniture,Office Chair,15,11575.26,2655.24
ORD-11107,2023-06-18,Sarah Garcia,France,Europe,Clothing,Sweater,8,381.14,199.1
ORD-11108,2023-01-20,Robert Williams,France,Europe,Software,Office Suite,11,1137.04,826.95
ORD-11109,2023-07-14,John Garcia,Canada,North America,Software,Design Tool,4,254.08,215.26
ORD-11110,2023-08-05,David Jones,Australia,Oceania,Furniture,Office Chair,3,445.44,102.9
ORD-11111,2023-08-20,James Rodriguez,Australia,Oceania,Furniture,Bookshelf,3,2044.15,344.42
ORD-11112,2023-06-02,Michael Brown,Germany,Europe,Clothing,Sneakers,8,654.52,331.61
ORD-11113,2023-08-12,Jessica Martinez,Australia,Oceania,Software,Antivirus,9,2211.91,1634.27
ORD-11114,2023-10-24,Olivia Williams,Australia,Oceania,Clothing,Jacket,1,39.57,17.32
ORD-11115,2023-06-12,Sarah Miller,Canada,North America,Clothing,Sweater,12,245.74,106.94
ORD-11116,2023-11-21,Emily Martinez,United Kingdom,Europe,Electronics,Smartphone,4,3731.97,478.25
ORD-11117,2023-03-27,Olivia Miller,Canada,North America,Furniture,Bookshelf,4,3066.66,1056.0
ORD-11118,2023-07-09,Jessica Smith,United States,North America,Clothing,Jacket,9,1138.29,384.09
ORD-11119,2023-07-31,James Garcia,France,Europe,Clothing,Sweater,7,616.08,326.23
ORD-11120,2023-08-23,James Garcia,United Kingdom,Europe,Furniture,Dining Table,10,2138.6,507.22
ORD-11121,2023-12-19,James Jones,Australia,Oceania,Electronics,Smartphone,13,13378.25,1517.7
ORD-11122,2023-02-23,Emily Martinez,France,Europe,Electronics,Tablet,9,6842.66,717.76
ORD-11123,2023-04-19,Emma Davis,France,Europe,Software,Antivirus,4,1056.34,929.81
ORD-11124,2023-08-26,James Miller,Canada,North America,Electronics,Headphones,13,5006.73,713.66
ORD-11125,2023-06-07,James Brown,Germany,Europe,Electronics,Tablet,1,166.31,20.46
ORD-11126,2023-09-23,Olivia Garcia,Canada,North America,Clothing,Jeans,10,1490.68,555.35
ORD-11127,2023-11-12,James Smith,United Kingdom,Europe,Software,Office Suite,11,1623.63,1284.69
ORD-11128,2023-09-22,Michael Miller,Germany,Europe,Furniture,Office Chair,12,7929.84,1989.21
ORD-11129,2023-07-20,David Rodriguez,Canada,North America,Furniture,Bookshelf,4,661.11,102.56
ORD-11130,2023-10-31,Michael Smith,Canada,North America,Electronics,Smartwatch,7,1235.88,259.69
ORD-11131,2023-11-20,Jessica Williams,Australia,Oceania,Furniture,Desk,5,1178.4,374.84
ORD-11132,2023-07-13,David Smith,Canada,North America,Clothing,T-Shirt,15,580.35,178.13
ORD-11133,2023-02-22,Sarah Davis,Canada,North America,Electronics,Smartphone,3,1339.76,313.76
ORD-11134,2023-07-05,Emma Miller,France,Europe,Electronics,Tablet,13,2249.71,249.8
ORD-11135,2023-04-18,James Miller,United States,North America,Clothing,Sneakers,13,532.27,207.39
ORD-11136,2023-10-18,Olivia Smith,Australia,Oceania,Electronics,Headphones,6,3948.64,758.54
ORD-11137,2023-09-25,David Johnson,United Kingdom,Europe,Furniture,Dining Table,1,475.17,120.5
ORD-11138,2023-07-06,Sarah Brown,United Kingdom,Europe,Electronics,Headphones,3,1142.25,238.91
ORD-11139,2023-05-21,Emily Brown,Germany,Europe,Electronics,Headphones,12,8748.86,1261.13
ORD-11140,2023-08-12,Robert Miller,France,Europe,Furniture,Bookshelf,3,715.54,228.41
ORD-11141,2023-02-22,Olivia Martinez,France,Europe,Clothing,Jeans,13,607.86,314.03
ORD-11142,2023-08-05,Olivia Jones,France,Europe,Clothing,Sweater,2,197.9,84.86
ORD-11143,2023-11-20,Sarah Davis,Germany,Europe,Furniture,Office Chair,9,2494.3,578.58
ORD-11144,2023-09-29,Jessica Miller,Australia,Oceania,Electronics,Smartphone,3,2998.48,492.97
ORD-11145,2023-02-07,Emma Garcia,United Kingdom,Europe,Clothing,Jeans,13,791.43,239.72
ORD-11146,2023-06-18,Emma Davis,Australia,Oceania,Clothing,Jeans,9,257.5,99.16
ORD-11147,2023-02-22,Robert Jones,United Kingdom,Europe,Electronics,Smartwatch,15,12428.75,2514.58
ORD-11148,2023-06-13,Emma Brown,Canada,North America,Electronics,Tablet,8,1593.05,224.88
ORD-11149,2023-03-29,Olivia Garcia,France,Europe,Software,Office Suite,10,553.17,280.53
ORD-11150,2023-01-03,Emily Jones,Japan,Asia,Furniture,Sofa,1,727.08,242.56
ORD-11151,2023-01-09,Sarah Davis,Australia,Oceania,Electronics,Tablet,12,5592.58,825.34
ORD-11152,2023-10-12,Jessica Davis,United States,North America,Electronics,Tablet,5,4406.4,741.1
ORD-11153,2023-07-11,Olivia Johnson,United States,North America,Electronics,Laptop,1,1016.73,122.83
ORD-11154,2023-12-19,James Brown,Canada,North America,Furniture,Office Chair,4,2427.5,758.49
ORD-11155,2023-01-03,John Jones,Japan,Asia,Electronics,Smartphone,1,1144.5,127.33
ORD-11156,2023-07-14,David Williams,Japan,Asia,Furniture,Dining Table,8,1471.45,314.69
ORD-11157,2023-07-31,Emily Johnson,Japan,Asia,Furniture,Dining Table,8,4503.11,1554.79
ORD-11158,2023-09-05,Emma Johnson,Australia,Oceania,Clothing,Jacket,12,369.16,172.6
ORD-11159,2023-11-28,Emma Johnson,Australia,Oceania,Electronics,Tablet,1,373.1,74.83
ORD-11160,2023-04-07,Emily Johnson,France,Europe,Clothing,Jeans,14,1354.75,620.87
ORD-11161,2023-06-09,Emily Williams,Canada,North America,Electronics,Laptop,4,4450.13,702.39
ORD-11162,2023-09-20,Emma Miller,Japan,Asia,Furniture,Office Chair,5,1980.83,569.0
ORD-11163,2023-11-28,Sarah Williams,Japan,Asia,Software,Antivirus,12,930.6,471.47
ORD-11164,2023-01-15,Emily Rodriguez,Germany,Europe,Software,Cloud Storage,5,397.91,286.54
ORD-11165,2023-03-19,James Rodriguez,United Kingdom,Europe,Software,Video Editor,6,379.74,231.28
ORD-11166,2023-07-15,James Brown,Australia,Oceania,Clothing,Jeans,7,300.75,115.12
ORD-11167,2023-08-10,Sarah Smith,Japan,Asia,Furniture,Office Chair,4,722.53,237.72
ORD-11168,2023-02-03,Robert Johnson,United Kingdom,Europe,Clothing,Jeans,15,1509.43,776.97
ORD-11169,2023-04-23,David Davis,United States,North America,Furniture,Desk,13,3152.54,874.45
ORD-11170,2023-01-02,Sarah Williams,Germany,Europe,Software,Cloud Storage,14,3873.34,2306.37
ORD-11171,2023-03-27,Michael Garcia,United States,North America,Software,Office Suite,1,216.51,145.31
ORD-11172,2023-02-09,Michael Smith,Germany,Europe,Clothing,Sneakers,10,201.31,113.13
ORD-11173,2023-01-09,Olivia Jones,United States,North America,Furniture,Dining Table,9,1954.02,350.39
ORD-11174,2023-06-21,Emily Davis,Germany,Europe,Clothing,Sweater,5,531.22,199.77
ORD-11175,2023-06-30,David Garcia,Canada,North America,Software,Antivirus,5,1107.23,876.14
ORD-11176,2023-04-23,Michael Garcia,France,Europe,Software,Antivirus,4,777.58,605.21
ORD-11177,2023-02-15,Emma Miller,United Kingdom,Europe,Electronics,Headphones,15,12123.54,2203.3
ORD-11178,2023-03-31,David Garcia,Japan,Asia,Clothing,Sneakers,10,742.48,444.14
ORD-11179,2023-10-24,Robert Garcia,United States,North America,Electronics,Tablet,13,8161.13,2001.3
ORD-11180,2023-02-26,John Davis,Germany,Europe,Furniture,Sofa,11,2256.75,774.82
ORD-11181,2023-03-25,David Davis,Australia,Oceania,Clothing,T-Shirt,13,758.09,330.65
ORD-11182,2023-10-31,Sarah Smith,Canada,North America,Software,Cloud Storage,279,43965.02,33593.73
ORD-11183,2023-09-15,Robert Williams,Germany,Europe,Electronics,Headphones,3,3587.13,464.57
ORD-11184,2023-05-29,Emma Smith,United States,North America,Software,Cloud Storage,4,1011.71,763.66
ORD-11185,2023-05-14,David Martinez,United States,North America,Clothing,Jeans,10,766.56,431.4
ORD-11186,2023-12-16,Emma Jones,United Kingdom,Europe,Furniture,Sofa,9,2157.0,455.13
ORD-11187,2023-08-25,Robert Williams,Australia,Oceania,Software,Design Tool,2,169.3,114.58
ORD-11188,2023-12-31,Jessica Davis,Australia,Oceania,Clothing,Sneakers,8,597.33,252.72
ORD-11189,2023-01-14,James Johnson,Japan,Asia,Furniture,Dining Table,15,4675.09,928.14
ORD-11190,2023-11-14,Robert Martinez,United Kingdom,Europe,Clothing,T-Shirt,13,1688.23,570.25
ORD-11191,2023-09-23,Emily Smith,France,Europe,Electronics,Smartphone,5,5106.95,1008.53
ORD-11192,2023-05-29,Olivia Davis,United States,North America,Clothing,T-Shirt,2,232.52,116.8
ORD-11193,2023-12-26,Emma Rodriguez,United States,North America,Furniture,Dining Table,12,9325.14,1653.17
ORD-11194,2023-03-21,David Jones,Australia,Oceania,Electronics,Tablet,10,8721.63,-6977.3
ORD-11195,2023-09-24,Sarah Brown,United States,North America,Furniture,Office Chair,8,938.08,235.61
ORD-11196,2023-06-03,James Davis,United States,North America,Furniture,Desk,14,9707.74,1961.49
ORD-11197,2023-12-03,Olivia Johnson,France,Europe,Software,Office Suite,11,609.56,339.33
ORD-11198,2023-03-29,Robert Rodriguez,United Kingdom,Europe,Furniture,Sofa,8,2424.2,687.28
ORD-11199,2023-07-08,David Miller,France,Europe,Software,Antivirus,8,1233.79,826.56
ORD-11200,2023-03-03,Olivia Miller,France,Europe,Electronics,Smartwatch,5,928.94,183.52
ORD-11201,2023-01-22,Jessica Williams,France,Europe,Software,Design Tool,5,261.4,147.25
ORD-11202,2023-09-15,Emma Garcia,Canada,North America,Software,Video Editor,2,187.25,104.97
ORD-11203,2023-06-23,Emily Williams,Japan,Asia,Clothing,Jacket,15,1068.16,614.03
ORD-11204,2023-08-30,Olivia Williams,France,Europe,Clothing,Jeans,12,745.56,437.31
ORD-11205,2023-07-26,Sarah Smith,Japan,Asia,Electronics,Laptop,4,1005.47,116.57
ORD-11206,2023-06-15,Emma Brown,France,Europe,Electronics,Laptop,12,13045.16,2783.47
ORD-11207,2023-02-01,Olivia Jones,United States,North America,Electronics,Smartphone,14,13124.04,2181.6
ORD-11208,2023-01-16,Michael Garcia,Australia,Oceania,Electronics,Tablet,7,2029.14,396.92
ORD-11209,2023-05-10,Emily Davis,United Kingdom,Europe,Clothing,Jeans,4,465.92,200.45
ORD-11210,2023-04-09,Sarah Martinez,Canada,North America,Electronics,Smartphone,4,739.6,-591.68
ORD-11211,2023-10-07,Sarah Garcia,Japan,Asia,Furniture,Dining Table,8,1864.77,357.09
ORD-11212,2023-06-30,Jessica Martinez,Japan,Asia,Furniture,Office Chair,8,3194.07,719.38
ORD-11213,2023-03-07,Robert Jones,United States,North America,Electronics,Smartphone,8,3136.82,596.7
ORD-11214,2023-05-29,David Miller,United Kingdom,Europe,Clothing,T-Shirt,14,1866.08,1101.8
ORD-11215,2023-05-04,Robert Martinez,Japan,Asia,Clothing,Sneakers,10,273.64,139.35
ORD-11216,2023-05-15,John Smith,France,Europe,Clothing,Sneakers,5,230.33,130.46
ORD-11217,2023-10-08,Jessica Smith,United Kingdom,Europe,Furniture,Sofa,2,1327.93,348.94
ORD-11218,2023-01-19,Jessica Johnson,Canada,North America,Software,Video Editor,12,2437.3,1297.22
ORD-11219,2023-05-19,John Johnson,United Kingdom,Europe,Electronics,Tablet,9,3478.57,530.62
ORD-11220,2023-04-27,John Smith,Canada,North America,Electronics,Laptop,9,7096.91,1113.56
ORD-11221,2023-10-10,Emily Smith,United States,North America,Software,Design Tool,12,975.71,761.58
ORD-11222,2023-08-13,Sarah Martinez,United States,North America,Clothing,Jacket,4,258.43,148.71
ORD-11223,2023-10-29,John Brown,United States,North America,Software,Video Editor,10,614.45,504.28
ORD-11224,2023-01-30,Sarah Smith,United Kingdom,Europe,Furniture,Sofa,3,893.45,190.15
ORD-11225,2023-05-30,Michael Martinez,United Kingdom,Europe,Software,Design Tool,11,886.53,470.5
ORD-11226,2023-04-16,Emily Garcia,Japan,Asia,Furniture,Sofa,12,3742.84,836.1
ORD-11227,2023-12-01,Emma Rodriguez,Canada,North America,Clothing,Jacket,12,1084.61,359.35
ORD-11228,2023-12-28,Olivia Davis,France,Europe,Clothing,T-Shirt,4,554.27,306.19
ORD-11229,2023-10-11,Emma Johnson,Germany,Europe,Clothing,Jeans,1,147.13,74.96
ORD-11230,2023-02-28,John Davis,France,Europe,Electronics,Headphones,5,3838.26,556.79
ORD-11231,2023-05-23,Olivia Miller,United States,North America,Software,Antivirus,14,2039.06,1381.68
ORD-11232,2023-04-05,James Rodriguez,France,Europe,Electronics,Headphones,1,718.63,109.35
ORD-11233,2023-06-22,David Martinez,Japan,Asia,Furniture,Office Chair,6,3648.3,1000.75
ORD-11234,2023-01-30,Sarah Rodriguez,Canada,North America,Software,Cloud Storage,14,4168.12,2975.64
ORD-11235,2023-10-18,Robert Jones,Australia,Oceania,Furniture,Sofa,8,4975.55,1666.47
ORD-11236,2023-05-24,David Johnson,United States,North America,Furniture,Dining Table,5,1681.36,384.9
ORD-11237,2023-05-18,David Martinez,Germany,Europe,Electronics,Smartphone,5,3734.32,553.23
ORD-11238,2023-08-16,Emily Smith,United Kingdom,Europe,Software,Antivirus,8,474.01,305.02
ORD-11239,2023-04-22,James Smith,Japan,Asia,Electronics,Headphones,15,11862.67,1745.05
ORD-11240,2023-05-13,David Jones,United Kingdom,Europe,Software,Office Suite,4,830.34,463.96
ORD-11241,2023-04-30,Sarah Smith,United States,North America,Furniture,Dining Table,14,5715.03,1219.97
ORD-11242,2023-02-01,David Jones,United Kingdom,Europe,Electronics,Headphones,9,8138.12,1546.95
ORD-11243,2023-09-17,Emily Johnson,United States,North America,Electronics,Laptop,4,1968.31,306.47
ORD-11244,2023-02-06,James Jones,France,Europe,Furniture,Office Chair,6,3149.26,699.32
ORD-11245,2023-07-11,Emily Jones,Australia,Oceania,Electronics,Laptop,6,1181.05,282.92
ORD-11246,2023-02-24,Olivia Brown,United States,North America,Clothing,Sweater,12,1458.16,659.75
ORD-11247,2023-04-21,James Martinez,Germany,Europe,Electronics,Laptop,7,6655.2,1313.62
ORD-11248,2023-10-17,Robert Martinez,United Kingdom,Europe,Software,Video Editor,12,963.73,820.51
ORD-11249,2023-08-30,Robert Rodriguez,Japan,Asia,Software,Cloud Storage,5,493.78,360.51
ORD-11250,2023-05-05,Jessica Brown,Germany,Europe,Software,Cloud Storage,12,3517.19,2733.66
ORD-11251,2023-07-05,Sarah Garcia,France,Europe,Electronics,Headphones,11,7241.98,974.43
ORD-11252,2023-10-19,Michael Rodriguez,United Kingdom,Europe,Furniture,Sofa,11,5602.62,995.18
ORD-11253,2023-06-24,Jessica Johnson,Germany,Europe,Electronics,Tablet,7,4761.94,582.19
ORD-11254,2023-04-12,Michael Davis,Canada,North America,Electronics,Laptop,2,1179.11,253.3
ORD-11255,2023-02-21,Michael Smith,France,Europe,Software,Antivirus,12,1100.81,582.56
ORD-11256,2023-07-18,James Garcia,Japan,Asia,Furniture,Sofa,12,5878.3,1718.8
ORD-11257,2023-06-22,Olivia Martinez,Canada,North America,Electronics,Smartphone,2,1851.37,283.71
ORD-11258,2023-11-19,Emily Miller,France,Europe,Clothing,Sneakers,12,449.98,159.76
ORD-11259,2023-09-18,Sarah Williams,Canada,North America,Electronics,Smartwatch,10,5383.68,1062.8
ORD-11260,2023-04-01,Robert Martinez,France,Europe,Clothing,T-Shirt,4,234.62,94.4
ORD-11261,2023-10-24,Robert Miller,Japan,Asia,Clothing,Jacket,7,429.91,151.98
ORD-11262,2023-04-18,James Rodriguez,Canada,North America,Clothing,Sweater,15,1500.18,494.82
ORD-11263,2023-05-28,David Davis,United States,North America,Software,Office Suite,15,1384.95,1212.78
ORD-11264,2023-02-24,Emma Jones,Japan,Asia,Furniture,Office Chair,4,1946.06,489.9
ORD-11265,2023-01-21,Robert Rodriguez,Japan,Asia,Furniture,Office Chair,8,5462.03,847.46
ORD-11266,2023-08-07,Emily Rodriguez,Japan,Asia,Furniture,Sofa,5,3712.98,1088.83
ORD-11267,2023-08-16,James Davis,United States,North America,Clothing,T-Shirt,14,529.01,202.89
ORD-11268,2023-02-10,Emma Johnson,Germany,Europe,Clothing,Jeans,9,572.34,249.56
ORD-11269,2023-02-07,Jessica Smith,Australia,Oceania,Software,Antivirus,15,3394.14,2404.81
ORD-11270,2023-12-05,John Smith,Japan,Asia,Furniture,Desk,10,3633.46,1230.41
ORD-11271,2023-08-29,Michael Davis,Germany,Europe,Furniture,Sofa,5,961.27,266.23
ORD-11272,2023-04-20,John Miller,Japan,Asia,Electronics,Tablet,9,7126.0,1471.51
ORD-11273,2023-05-15,Olivia Miller,Australia,Oceania,Furniture,Bookshelf,8,3770.58,1285.27
ORD-11274,2023-04-29,David Davis,Canada,North America,Software,Design Tool,10,1392.82,964.37
ORD-11275,2023-05-28,James Davis,United States,North America,Clothing,Jeans,11,827.56,292.01
ORD-11276,2023-02-28,Jessica Miller,Australia,Oceania,Furniture,Sofa,14,9286.27,2301.46
ORD-11277,2023-01-15,David Jones,United Kingdom,Europe,Furniture,Sofa,1,493.58,105.94
ORD-11278,2023-07-20,Emily Miller,France,Europe,Software,Cloud Storage,15,954.88,662.88
ORD-11279,2023-01-24,David Davis,Australia,Oceania,Software,Office Suite,10,2689.05,1921.07
ORD-11280,2023-11-11,Olivia Garcia,United States,North America,Furniture,Dining Table,9,1025.5,301.95
ORD-11281,2023-12-27,Jessica Garcia,United States,North America,Electronics,Smartphone,9,3338.88,602.07
ORD-11282,2023-10-02,James Brown,Canada,North America,Clothing,Jeans,15,1029.07,436.34
ORD-11283,2023-01-07,John Smith,United Kingdom,Europe,Electronics,Smartwatch,7,6866.37,730.19
ORD-11284,2023-04-28,Emma Smith,United States,North America,Clothing,T-Shirt,14,1706.98,847.66
ORD-11285,2023-05-19,Sarah Johnson,Australia,Oceania,Electronics,Smartwatch,12,10663.96,2238.32
ORD-11286,2023-10-05,Olivia Williams,Australia,Oceania,Electronics,Smartwatch,13,7288.84,1637.95
ORD-11287,2023-06-15,James Rodriguez,Canada,North America,Electronics,Headphones,5,3159.25,363.16
ORD-11288,2023-08-30,James Jones,Japan,Asia,Software,Antivirus,4,1166.89,845.29
ORD-11289,2023-10-01,Robert Brown,Australia,Oceania,Software,Antivirus,8,1855.11,1633.58
ORD-11290,2023-02-25,Emily Brown,Australia,Oceania,Electronics,Tablet,13,5118.38,795.77
ORD-11291,2023-06-09,Jessica Williams,Australia,Oceania,Electronics,Smartphone,9,2949.47,677.56
ORD-11292,2023-02-12,Michael Miller,United Kingdom,Europe,Software,Video Editor,12,3118.95,2508.36
ORD-11293,2023-05-10,James Jones,France,Europe,Clothing,Jeans,1,61.79,29.02
ORD-11294,2023-05-18,Emma Rodriguez,United States,North America,Software,Video Editor,8,1026.03,780.61
ORD-11295,2023-09-05,Robert Rodriguez,Australia,Oceania,Electronics,Smartphone,7,6189.53,967.75
ORD-11296,2023-09-24,Sarah Williams,United Kingdom,Europe,Furniture,Sofa,14,10924.78,1724.07
ORD-11297,2023-11-17,Robert Davis,United Kingdom,Europe,Furniture,Dining Table,7,2657.09,556.26
ORD-11298,2023-12-13,David Rodriguez,Germany,Europe,Clothing,Sweater,15,1024.68,507.28
ORD-11299,2023-12-17,Emma Martinez,Japan,Asia,Clothing,Sweater,10,526.61,231.11
ORD-11300,2023-03-11,Michael Rodriguez,Australia,Oceania,Software,Antivirus,6,924.45,517.82
ORD-11301,2023-06-09,Emma Brown,United States,North America,Electronics,Smartwatch,8,3980.7,434.56
ORD-11302,2023-02-04,Jessica Rodriguez,United Kingdom,Europe,Furniture,Bookshelf,11,1208.8,227.89
ORD-11303,2023-08-07,Olivia Jones,Canada,North America,Clothing,Sweater,13,941.52,354.41
ORD-11304,2023-04-14,Sarah Martinez,Australia,Oceania,Furniture,Office Chair,12,3018.11,560.36
ORD-11305,2023-09-25,Olivia Miller,United Kingdom,Europe,Clothing,Sweater,13,1702.25,819.52
ORD-11306,2023-11-12,Emily Brown,Australia,Oceania,Furniture,Office Chair,13,3409.66,659.05
ORD-11307,2023-03-17,Michael Williams,Japan,Asia,Software,Antivirus,6,416.68,369.99
ORD-11308,2023-08-14,James Davis,Canada,North America,Clothing,Jacket,9,1069.21,397.99
ORD-11309,2023-07-17,Emily Garcia,Canada,North America,Clothing,Sweater,6,533.93,301.66
ORD-11310,2023-11-21,David Williams,United Kingdom,Europe,Software,Video Editor,8,1380.19,1125.66
ORD-11311,2023-08-11,Jessica Williams,Japan,Asia,Electronics,Headphones,14,8951.32,1794.79
ORD-11312,2023-11-12,Robert Brown,United Kingdom,Europe,Software,Cloud Storage,3,849.89,763.35
ORD-11313,2023-09-27,Emma Smith,Germany,Europe,Clothing,Jacket,2,276.87,159.13
ORD-11314,2023-11-07,David Smith,United States,North America,Clothing,Sneakers,7,179.96,91.54
ORD-11315,2023-01-30,Olivia Smith,Australia,Oceania,Software,Video Editor,11,1799.82,1025.01
ORD-11316,2023-10-07,Sarah Smith,Australia,Oceania,Clothing,T-Shirt,10,1362.54,471.38
ORD-11317,2023-03-09,Sarah Miller,Canada,North America,Electronics,Smartphone,8,6554.82,716.76
ORD-11318,2023-05-23,Emma Martinez,Japan,Asia,Electronics,Headphones,14,11978.27,2814.29
ORD-11319,2023-10-28,Jessica Rodriguez,United Kingdom,Europe,Electronics,Tablet,7,7207.22,1444.66
ORD-11320,2023-09-14,Michael Jones,Canada,North America,Electronics,Laptop,8,1573.87,301.05
ORD-11321,2023-03-30,John Jones,France,Europe,Clothing,Sweater,6,211.82,93.17
ORD-11322,2023-10-17,Emily Johnson,United States,North America,Electronics,Smartphone,3,2748.08,351.34
ORD-11323,2023-03-28,John Brown,United States,North America,Clothing,Sneakers,2,268.07,156.28
ORD-11324,2023-11-25,Emma Williams,Australia,Oceania,Clothing,T-Shirt,7,782.38,276.49
ORD-11325,2023-07-31,Emma Brown,Germany,Europe,Clothing,Jeans,3,441.92,166.96
ORD-11326,2023-09-08,Jessica Martinez,United States,North America,Clothing,Jacket,13,1344.69,584.81
ORD-11327,2023-03-29,John Martinez,Canada,North America,Software,Office Suite,9,1729.6,1552.32
ORD-11328,2023-12-16,David Brown,Australia,Oceania,Clothing,Sweater,9,1150.93,619.53
ORD-11329,2023-04-18,David Brown,Canada,North America,Software,Cloud Storage,1,280.48,198.25
ORD-11330,2023-03-13,Emily Martinez,France,Europe,Clothing,Jacket,10,691.28,329.41
ORD-11331,2023-02-23,Jessica Smith,Australia,Oceania,Furniture,Sofa,8,2674.39,747.7
ORD-11332,2023-06-06,Michael Davis,Germany,Europe,Furniture,Office Chair,8,5331.64,1286.47
ORD-11333,2023-07-24,Emily Brown,France,Europe,Clothing,Jacket,10,639.24,321.9
ORD-11334,2023-09-17,Sarah Miller,United Kingdom,Europe,Software,Cloud Storage,10,1501.88,768.09
ORD-11335,2023-11-02,Robert Brown,Germany,Europe,Furniture,Desk,11,3665.23,1253.45
ORD-11336,2023-03-14,Jessica Davis,Germany,Europe,Software,Office Suite,8,401.69,224.54
ORD-11337,2023-06-07,Sarah Williams,Germany,Europe,Furniture,Desk,7,1141.82,227.16
ORD-11338,2023-07-11,John Davis,Canada,North America,Furniture,Bookshelf,2,859.12,246.87
ORD-11339,2023-12-09,James Davis,France,Europe,Furniture,Office Chair,7,1329.66,402.37
ORD-11340,2023-06-17,David Miller,Canada,North America,Software,Video Editor,2,273.43,209.98
ORD-11341,2023-04-24,Olivia Williams,United States,North America,Furniture,Bookshelf,6,2027.37,637.91
ORD-11342,2023-07-23,Sarah Brown,Canada,North America,Furniture,Sofa,4,523.89,110.22
ORD-11343,2023-12-01,Michael Miller,France,Europe,Furniture,Bookshelf,5,1853.85,582.58
ORD-11344,2023-04-02,Michael Miller,France,Europe,Electronics,Tablet,13,3078.04,624.56
ORD-11345,2023-07-27,John Williams,Canada,North America,Clothing,Jeans,10,859.06,434.59
ORD-11346,2023-12-10,James Miller,Australia,Oceania,Electronics,Headphones,7,2951.07,575.81
ORD-11347,2023-08-19,Robert Garcia,Canada,North America,Software,Cloud Storage,14,2572.58,1661.74
ORD-11348,2023-09-30,James Johnson,France,Europe,Furniture,Office Chair,6,4582.45,1335.84
ORD-11349,2023-11-11,Emily Miller,Japan,Asia,Electronics,Tablet,5,959.18,220.79
ORD-11350,2023-11-03,Jessica Jones,United States,North America,Software,Cloud Storage,11,1364.4,1129.27
ORD-11351,2023-05-31,Jessica Miller,United Kingdom,Europe,Electronics,Tablet,6,2775.41,292.37
ORD-11352,2023-01-19,Robert Miller,Australia,Oceania,Furniture,Desk,2,948.98,166.27
ORD-11353,2023-08-09,David Garcia,France,Europe,Software,Video Editor,4,1118.78,963.75
ORD-11354,2023-09-26,Olivia Davis,Canada,North America,Electronics,Smartphone,6,3248.61,396.37
ORD-11355,2023-02-21,James Rodriguez,Australia,Oceania,Electronics,Headphones,15,12278.67,1784.06
ORD-11356,2023-05-12,Sarah Miller,United Kingdom,Europe,Electronics,Laptop,10,4240.25,616.87
ORD-11357,2023-05-05,John Garcia,Canada,North America,Software,Office Suite,13,3690.3,2250.77
ORD-11358,2023-05-22,Robert Smith,United Kingdom,Europe,Software,Office Suite,11,1333.51,669.45
ORD-11359,2023-08-01,Michael Jones,Canada,North America,Clothing,Sneakers,10,1227.34,601.96
ORD-11360,2023-01-10,Jessica Brown,United Kingdom,Europe,Electronics,Smartwatch,5,4572.86,875.23
ORD-11361,2023-11-22,Olivia Garcia,France,Europe,Software,Design Tool,15,2841.21,1810.36
ORD-11362,2023-08-16,Michael Davis,Canada,North America,Software,Office Suite,9,2019.88,1553.68
ORD-11363,2023-12-05,Olivia Johnson,United States,North America,Software,Video Editor,6,424.64,339.37
ORD-11364,2023-05-30,Jessica Davis,Germany,Europe,Software,Antivirus,3,618.65,350.59
ORD-11365,2023-08-01,John Jones,France,Europe,Software,Office Suite,7,1962.06,1084.39
ORD-11366,2023-03-05,Sarah Miller,Canada,North America,Furniture,Desk,2,999.04,185.55
ORD-11367,2023-07-25,Robert Miller,Canada,North America,Clothing,Jeans,7,959.42,368.09
ORD-11368,2023-02-24,Jessica Rodriguez,Australia,Oceania,Software,Office Suite,14,2113.88,1696.88
ORD-11369,2023-03-22,Michael Miller,France,Europe,Clothing,T-Shirt,9,1150.94,608.71
ORD-11370,2023-02-20,James Martinez,Australia,Oceania,Software,Design Tool,7,680.53,348.17
ORD-11371,2023-11-14,Robert Johnson,Japan,Asia,Software,Antivirus,6,1214.72,688.24
ORD-11372,2023-02-16,Jessica Smith,Australia,Oceania,Software,Video Editor,9,2392.74,2010.2
ORD-11373,2023-05-03,Michael Davis,Germany,Europe,Furniture,Bookshelf,3,915.26,301.02
ORD-11374,2023-08-24,Emma Martinez,France,Europe,Software,Office Suite,13,1224.85,838.49
ORD-11375,2023-11-06,Jessica Williams,Canada,North America,Furniture,Sofa,12,9284.78,1405.5
ORD-11376,2023-07-28,Robert Davis,Australia,Oceania,Software,Antivirus,13,2005.54,1211.37
ORD-11377,2023-11-07,Robert Smith,United States,North America,Software,Design Tool,14,3241.11,2000.37
ORD-11378,2023-01-21,Jessica Miller,Canada,North America,Software,Design Tool,13,1053.18,588.09
ORD-11379,2023-10-24,Sarah Williams,Canada,North America,Clothing,Sneakers,11,705.96,405.15
ORD-11380,2023-05-16,Sarah Garcia,United Kingdom,Europe,Electronics,Tablet,15,13418.06,2856.37
ORD-11381,2023-06-01,Emily Garcia,Germany,Europe,Software,Cloud Storage,10,1188.25,611.11
ORD-11382,2023-05-28,John Brown,Japan,Asia,Clothing,Sweater,6,676.77,265.29
ORD-11383,2023-11-21,David Davis,Japan,Asia,Software,Cloud Storage,3,707.8,550.69
ORD-11384,2023-07-16,David Brown,Germany,Europe,Electronics,Laptop,10,4681.04,878.33
ORD-11385,2023-09-18,Robert Miller,Australia,Oceania,Software,Video Editor,15,1389.04,885.77
ORD-11386,2023-09-14,Jessica Rodriguez,Canada,North America,Clothing,Sneakers,14,1965.47,971.95
ORD-11387,2023-03-31,Emily Miller,France,Europe,Electronics,Smartphone,6,2316.4,303.37
ORD-11388,2023-03-03,Emma Garcia,Japan,Asia,Software,Design Tool,10,2781.76,2399.33
ORD-11389,2023-09-26,Emma Brown,Canada,North America,Clothing,T-Shirt,7,710.03,415.8
ORD-11390,2023-10-11,Robert Rodriguez,Germany,Europe,Electronics,Smartphone,8,5960.3,817.73
ORD-11391,2023-04-04,Emma Brown,Australia,Oceania,Software,Office Suite,1,294.84,178.76
ORD-11392,2023-04-08,Sarah Williams,Australia,Oceania,Clothing,T-Shirt,4,198.34,94.35
ORD-11393,2023-02-20,Robert Smith,France,Europe,Clothing,T-Shirt,4,328.72,142.19
ORD-11394,2023-10-05,Olivia Brown,United States,North America,Software,Cloud Storage,10,524.01,352.08
ORD-11395,2023-08-15,Emma Martinez,Australia,Oceania,Software,Antivirus,5,1193.2,883.61
ORD-11396,2023-06-18,Robert Davis,United Kingdom,Europe,Clothing,Jacket,5,663.72,248.7
ORD-11397,2023-09-15,David Davis,Japan,Asia,Electronics,Laptop,8,1254.75,293.62
ORD-11398,2023-03-25,Michael Johnson,France,Europe,Software,Cloud Storage,2,562.65,381.07
ORD-11399,2023-04-04,Emma Johnson,Japan,Asia,Furniture,Desk,5,2256.23,482.84
ORD-11400,2023-12-17,David Martinez,United States,North America,Furniture,Dining Table,11,2290.4,415.2
ORD-11401,2023-03-29,Michael Martinez,Canada,North America,Furniture,Bookshelf,9,7081.27,1987.7
ORD-11402,2023-05-18,Emma Jones,Canada,North America,Software,Cloud Storage,6,517.48,327.82
ORD-11403,2023-06-11,Emily Jones,Australia,Oceania,Software,Video Editor,7,1684.72,846.18
ORD-11404,2023-07-29,Jessica Williams,United States,North America,Software,Cloud Storage,1,254.63,147.91
ORD-11405,2023-05-31,Jessica Smith,Germany,Europe,Clothing,Sneakers,13,906.27,423.61
ORD-11406,2023-04-21,Olivia Rodriguez,Canada,North America,Software,Cloud Storage,2,137.21,77.41
ORD-11407,2023-10-31,Emily Smith,Australia,Oceania,Software,Design Tool,4,480.14,356.59
ORD-11408,2023-01-29,Jessica Jones,United States,North America,Clothing,Sneakers,15,854.26,377.2
ORD-11409,2023-06-16,James Williams,United States,North America,Furniture,Dining Table,5,2509.31,658.36
ORD-11410,2023-10-21,Robert Jones,Germany,Europe,Clothing,T-Shirt,3,361.12,115.7
ORD-11411,2023-06-10,Jessica Davis,Australia,Oceania,Furniture,Desk,6,2566.97,621.62
ORD-11412,2023-12-27,David Jones,Australia,Oceania,Electronics,Laptop,2,1648.7,270.55
ORD-11413,2023-01-25,Robert Smith,Canada,North America,Clothing,T-Shirt,10,768.37,237.91
ORD-11414,2023-06-17,Robert Davis,Canada,North America,Clothing,Sweater,6,614.81,319.9
ORD-11415,2023-02-27,Robert Williams,Japan,Asia,Electronics,Smartwatch,15,9628.04,1901.79
ORD-11416,2023-12-17,James Jones,United States,North America,Software,Design Tool,15,4052.03,3223.69
ORD-11417,2023-04-04,Olivia Garcia,United States,North America,Software,Video Editor,13,2900.91,2402.2
ORD-11418,2023-07-25,Olivia Jones,United States,North America,Electronics,Smartwatch,14,7832.23,793.25
ORD-11419,2023-05-13,Emma Martinez,United Kingdom,Europe,Clothing,Sweater,8,839.76,302.4
ORD-11420,2023-10-23,Michael Brown,Germany,Europe,Furniture,Desk,5,1135.55,176.29
ORD-11421,2023-01-21,Michael Rodriguez,Canada,North America,Clothing,T-Shirt,6,799.03,462.27
ORD-11422,2023-06-05,Michael Miller,United Kingdom,Europe,Clothing,Jeans,15,2093.76,1113.26
ORD-11423,2023-03-05,James Smith,France,Europe,Software,Office Suite,7,436.13,294.57
ORD-11424,2023-07-14,Olivia Johnson,Canada,North America,Electronics,Laptop,9,9980.53,2082.71
ORD-11425,2023-04-18,Sarah Davis,Canada,North America,Clothing,Jacket,7,313.79,186.88
ORD-11426,2023-09-02,David Rodriguez,Germany,Europe,Electronics,Tablet,1,157.62,34.76
ORD-11427,2023-02-21,Jessica Garcia,Canada,North America,Clothing,T-Shirt,7,1000.81,496.0
ORD-11428,2023-02-13,James Davis,Australia,Oceania,Electronics,Headphones,12,9956.73,1478.48
ORD-11429,2023-04-01,Olivia Smith,United Kingdom,Europe,Furniture,Dining Table,3,594.46,145.03
ORD-11430,2023-04-18,David Garcia,Japan,Asia,Software,Office Suite,7,651.73,569.95
ORD-11431,2023-12-09,Michael Garcia,Australia,Oceania,Electronics,Laptop,1,672.43,98.11
ORD-11432,2023-05-16,Olivia Garcia,Canada,North America,Electronics,Smartphone,6,1079.53,184.14
ORD-11433,2023-07-28,John Rodriguez,United Kingdom,Europe,Software,Video Editor,12,2175.61,1225.45
ORD-11434,2023-02-17,James Johnson,United Kingdom,Europe,Electronics,Tablet,8,9460.3,2160.93
ORD-11435,2023-11-05,John Jones,United Kingdom,Europe,Software,Design Tool,15,4135.81,2279.99
ORD-11436,2023-11-11,Sarah Davis,Germany,Europe,Software,Video Editor,4,325.83,230.0
ORD-11437,2023-04-26,Sarah Johnson,United Kingdom,Europe,Software,Cloud Storage,15,3056.3,1833.51
ORD-11438,2023-12-04,David Garcia,Australia,Oceania,Software,Video Editor,9,1613.03,1443.75
ORD-11439,2023-06-17,James Garcia,United Kingdom,Europe,Furniture,Dining Table,12,9050.85,1419.58
ORD-11440,2023-11-20,John Brown,France,Europe,Furniture,Office Chair,3,1632.72,517.7
ORD-11441,2023-06-15,John Martinez,France,Europe,Software,Design Tool,14,1903.66,1430.57
ORD-11442,2023-07-27,Emily Brown,Japan,Asia,Software,Video Editor,5,932.35,510.11
ORD-11443,2023-09-21,Jessica Garcia,Canada,North America,Furniture,Bookshelf,6,3989.35,987.25
ORD-11444,2023-02-19,Jessica Rodriguez,Australia,Oceania,Clothing,T-Shirt,13,877.56,432.36
ORD-11445,2023-02-18,Emma Davis,United Kingdom,Europe,Electronics,Smartphone,9,8084.97,961.67
ORD-11446,2023-08-12,Robert Johnson,France,Europe,Furniture,Sofa,14,10624.25,3715.4
ORD-11447,2023-12-15,Emma Smith,Canada,North America,Furniture,Bookshelf,9,4685.9,845.12
ORD-11448,2023-01-25,Robert Garcia,Japan,Asia,Furniture,Dining Table,3,1086.39,184.72
ORD-11449,2023-11-13,Emma Williams,Australia,Oceania,Software,Office Suite,5,311.14,276.19
ORD-11450,2023-09-25,James Davis,France,Europe,Software,Cloud Storage,3,691.16,428.52
ORD-11451,2023-10-12,David Brown,Australia,Oceania,Electronics,Smartphone,13,7551.63,918.04
ORD-11452,2023-05-05,James Williams,Canada,North America,Software,Design Tool,10,983.43,819.92
ORD-11453,2023-03-13,James Johnson,Germany,Europe,Furniture,Desk,8,1597.49,327.64
ORD-11454,2023-03-02,Robert Jones,Australia,Oceania,Electronics,Smartwatch,8,3150.32,522.14
ORD-11455,2023-11-09,Emily Williams,Japan,Asia,Electronics,Headphones,15,6535.62,1622.1
ORD-11456,2023-02-27,Emily Miller,Germany,Europe,Furniture,Sofa,13,3949.07,1005.31
ORD-11457,2023-11-05,Olivia Garcia,Australia,Oceania,Furniture,Sofa,14,8275.67,1957.16
ORD-11458,2023-05-24,David Jones,United States,North America,Clothing,Sneakers,11,1415.9,842.36
ORD-11459,2023-09-06,Emma Martinez,United States,North America,Software,Office Suite,10,1584.42,960.64
ORD-11460,2023-12-29,Emily Rodriguez,Canada,North America,Software,Video Editor,9,2408.39,1847.29
ORD-11461,2023-10-30,Sarah Martinez,United States,North America,Electronics,Smartphone,13,5207.09,973.82
ORD-11462,2023-08-04,James Smith,Japan,Asia,Clothing,Sneakers,14,1118.55,625.3
ORD-11463,2023-11-18,James Smith,France,Europe,Furniture,Dining Table,3,350.7,118.95
ORD-11464,2023-01-15,Emily Jones,France,Europe,Clothing,Jacket,6,879.39,329.43
ORD-11465,2023-06-16,Emily Jones,United States,North America,Furniture,Desk,9,5756.1,1493.45
ORD-11466,2023-06-28,Michael Davis,France,Europe,Electronics,Headphones,6,4783.34,1009.18
ORD-11467,2023-06-12,David Johnson,United Kingdom,Europe,Electronics,Tablet,6,4817.34,943.82
ORD-11468,2023-05-16,Emily Garcia,United Kingdom,Europe,Clothing,Sneakers,15,1004.85,349.45
ORD-11469,2023-02-27,Emma Martinez,United States,North America,Clothing,Sweater,12,1242.0,482.97
ORD-11470,2023-07-23,Olivia Johnson,United Kingdom,Europe,Furniture,Office Chair,2,1196.33,398.31
ORD-11471,2023-05-15,Michael Garcia,Canada,North America,Clothing,Sneakers,3,419.29,138.82
ORD-11472,2023-05-31,Olivia Martinez,Canada,North America,Electronics,Headphones,4,2458.65,260.9
ORD-11473,2023-05-21,John Davis,Australia,Oceania,Furniture,Desk,4,2850.38,678.59
ORD-11474,2023-01-07,David Brown,United Kingdom,Europe,Electronics,Smartwatch,8,8238.62,1336.13
ORD-11475,2023-04-09,James Williams,Japan,Asia,Software,Video Editor,15,4133.79,2706.98
ORD-11476,2023-07-06,David Miller,Canada,North America,Clothing,Jacket,15,2104.74,779.62
ORD-11477,2023-12-21,Michael Garcia,United States,North America,Furniture,Dining Table,10,1901.35,658.25
ORD-11478,2023-12-29,Emily Rodriguez,Japan,Asia,Clothing,T-Shirt,13,1656.44,610.15
ORD-11479,2023-11-27,Robert Brown,Australia,Oceania,Software,Cloud Storage,10,2591.53,1772.85
ORD-11480,2023-08-12,Sarah Williams,Japan,Asia,Electronics,Smartwatch,8,5895.57,640.45
ORD-11481,2023-12-28,Michael Johnson,Canada,North America,Clothing,T-Shirt,12,670.7,251.92
ORD-11482,2023-11-03,Emily Miller,United States,North America,Furniture,Sofa,4,2253.04,477.57
ORD-11483,2023-06-19,Emma Martinez,Germany,Europe,Software,Office Suite,13,2403.74,1856.96
ORD-11484,2023-11-09,John Garcia,United States,North America,Electronics,Smartphone,10,2168.1,351.36
ORD-11485,2023-05-08,Olivia Williams,United Kingdom,Europe,Furniture,Office Chair,11,8251.96,2440.38
ORD-11486,2023-07-26,Olivia Miller,United States,North America,Software,Design Tool,12,2023.22,1697.29
ORD-11487,2023-07-01,Michael Miller,Germany,Europe,Clothing,Sneakers,2,87.99,36.99
ORD-11488,2023-11-21,Sarah Garcia,Australia,Oceania,Software,Antivirus,9,1029.98,877.26
ORD-11489,2023-01-31,Jessica Johnson,Japan,Asia,Furniture,Office Chair,9,979.24,210.9
ORD-11490,2023-10-18,Olivia Garcia,Canada,North America,Electronics,Laptop,4,3273.22,571.93
ORD-11491,2023-02-19,Michael Martinez,Germany,Europe,Clothing,Sweater,3,407.66,208.69
ORD-11492,2023-09-17,Michael Davis,United Kingdom,Europe,Electronics,Smartwatch,1,1132.06,264.04
ORD-11493,2023-06-09,David Johnson,United States,North America,Clothing,Jeans,10,874.04,498.26
ORD-11494,2023-03-21,Olivia Garcia,Japan,Asia,Software,Video Editor,14,2060.96,1399.75
ORD-11495,2023-02-03,Jessica Brown,Japan,Asia,Clothing,Jeans,4,579.4,259.13
ORD-11496,2023-07-03,John Davis,United States,North America,Electronics,Smartwatch,2,1693.38,250.76
ORD-11497,2023-12-26,Robert Rodriguez,Japan,Asia,Software,Video Editor,11,1102.56,692.55
ORD-11498,2023-05-30,James Miller,United Kingdom,Europe,Software,Design Tool,2,345.23,240.45
ORD-11499,2023-11-09,James Jones,France,Europe,Software,Cloud Storage,13,2873.17,1499.93
ORD-11500,2023-02-15,David Martinez,United Kingdom,Europe,Furniture,Bookshelf,12,1602.83,249.39
ORD-11501,2023-04-07,Jessica Rodriguez,France,Europe,Electronics,Tablet,12,8205.52,1865.8
ORD-11502,2023-12-24,John Brown,Australia,Oceania,Electronics,Tablet,3,3260.92,674.56
ORD-11503,2023-09-11,Emma Martinez,United Kingdom,Europe,Electronics,Smartphone,15,8258.45,1941.13
ORD-11504,2023-01-03,Emma Garcia,Germany,Europe,Furniture,Sofa,14,3638.04,1213.35
ORD-11505,2023-03-14,Olivia Brown,United Kingdom,Europe,Clothing,Sneakers,11,1035.87,579.18
ORD-11506,2023-12-01,David Miller,United Kingdom,Europe,Electronics,Tablet,14,8180.51,1159.28
ORD-11507,2023-09-07,David Martinez,Canada,North America,Electronics,Tablet,1,880.8,147.42
ORD-11508,2023-02-06,Sarah Johnson,United Kingdom,Europe,Furniture,Sofa,2,456.7,98.41
ORD-11509,2023-12-15,James Jones,Germany,Europe,Clothing,Jacket,14,1317.6,438.16
ORD-11510,2023-04-14,Sarah Rodriguez,Canada,North America,Software,Office Suite,3,538.67,277.03
ORD-11511,2023-04-28,John Miller,United States,North America,Furniture,Office Chair,13,7611.91,1244.4
ORD-11512,2023-08-13,Michael Davis,Germany,Europe,Electronics,Smartwatch,13,15252.03,3283.49
ORD-11513,2023-10-19,John Williams,United States,North America,Clothing,Jacket,15,642.28,281.71
ORD-11514,2023-07-20,James Williams,United States,North America,Clothing,Sweater,2,98.56,48.11
ORD-11515,2023-08-13,John Davis,Australia,Oceania,Electronics,Laptop,10,7049.84,1293.84
ORD-11516,2023-01-30,Sarah Johnson,Germany,Europe,Software,Video Editor,9,489.29,385.65
ORD-11517,2023-07-09,John Williams,Germany,Europe,Electronics,Laptop,1,550.27,101.47
ORD-11518,2023-10-18,Sarah Brown,Canada,North America,Electronics,Smartwatch,9,2048.58,404.25
ORD-11519,2023-11-27,James Jones,Japan,Asia,Software,Design Tool,15,3555.26,2748.76
ORD-11520,2023-11-22,Emily Davis,Germany,Europe,Furniture,Sofa,9,6440.5,1254.4
ORD-11521,2023-03-31,James Jones,Australia,Oceania,Furniture,Bookshelf,12,1375.87,428.02
ORD-11522,2023-07-30,Robert Brown,France,Europe,Software,Office Suite,14,2892.75,1687.17
ORD-11523,2023-08-24,Emily Davis,France,Europe,Software,Design Tool,6,806.7,618.05
ORD-11524,2023-04-16,Emma Brown,Japan,Asia,Furniture,Dining Table,4,3054.41,903.68
ORD-11525,2023-08-26,Robert Miller,Germany,Europe,Clothing,Jacket,4,284.27,125.38
ORD-11526,2023-06-03,Olivia Miller,France,Europe,Electronics,Laptop,4,2018.27,471.24
ORD-11527,2023-08-10,Michael Davis,Japan,Asia,Electronics,Laptop,7,5220.34,656.99
ORD-11528,2023-10-16,Michael Miller,Australia,Oceania,Furniture,Desk,7,2250.8,448.22
ORD-11529,2023-09-07,Jessica Martinez,Canada,North America,Electronics,Smartphone,13,2842.15,293.37
ORD-11530,2023-01-28,Jessica Johnson,Canada,North America,Clothing,Jacket,4,466.66,274.11
ORD-11531,2023-07-05,Olivia Garcia,United States,North America,Software,Design Tool,6,1355.4,834.79
ORD-11532,2023-03-23,Michael Williams,Japan,Asia,Software,Antivirus,9,2498.02,1658.37
ORD-11533,2023-08-29,David Brown,Australia,Oceania,Electronics,Laptop,15,9257.24,1975.04
ORD-11534,2023-08-31,James Davis,France,Europe,Furniture,Office Chair,10,5816.85,1824.11
ORD-11535,2023-10-20,Michael Davis,Japan,Asia,Electronics,Tablet,11,8196.34,1908.44
ORD-11536,2023-02-05,Michael Williams,Germany,Europe,Clothing,Sneakers,15,591.5,353.64
ORD-11537,2023-04-11,Jessica Jones,Australia,Oceania,Electronics,Headphones,10,11827.49,2060.5
ORD-11538,2023-08-02,Michael Garcia,Japan,Asia,Clothing,Jeans,9,507.89,231.66
ORD-11539,2023-06-13,Michael Smith,France,Europe,Furniture,Bookshelf,5,2071.26,490.04
ORD-11540,2023-12-03,Emily Johnson,Australia,Oceania,Clothing,Sweater,1,36.98,21.95
ORD-11541,2023-10-21,John Jones,Australia,Oceania,Software,Office Suite,15,2512.95,1646.88
ORD-11542,2023-12-23,James Garcia,Germany,Europe,Clothing,Sweater,14,2088.45,892.51
ORD-11543,2023-06-27,David Rodriguez,United Kingdom,Europe,Furniture,Sofa,5,1433.35,476.83
ORD-11544,2023-12-08,Jessica Rodriguez,United States,North America,Electronics,Smartphone,13,3704.38,793.88
ORD-11545,2023-07-11,Sarah Williams,United Kingdom,Europe,Furniture,Office Chair,14,2139.03,630.2
ORD-11546,2023-11-13,Sarah Williams,Germany,Europe,Software,Cloud Storage,13,2811.05,2094.31
ORD-11547,2023-04-13,Sarah Williams,United Kingdom,Europe,Electronics,Smartphone,1,604.62,122.64
ORD-11548,2023-02-10,James Garcia,Australia,Oceania,Furniture,Sofa,14,3333.54,1158.69
ORD-11549,2023-08-29,David Martinez,United Kingdom,Europe,Electronics,Tablet,3,2048.89,229.34
ORD-11550,2023-03-15,Robert Martinez,Germany,Europe,Furniture,Office Chair,12,7598.0,1425.69
ORD-11551,2023-04-27,Michael Miller,Canada,North America,Clothing,Sweater,7,601.06,231.78
ORD-11552,2023-06-26,Emma Rodriguez,Canada,North America,Electronics,Headphones,5,4710.06,516.68
ORD-11553,2023-01-31,Olivia Miller,Germany,Europe,Electronics,Tablet,1,1176.03,236.59
ORD-11554,2023-07-05,Olivia Johnson,Canada,North America,Clothing,Jacket,8,532.44,289.27
ORD-11555,2023-09-08,Jessica Rodriguez,Germany,Europe,Furniture,Desk,10,2193.87,632.21
ORD-11556,2023-06-16,James Davis,France,Europe,Software,Design Tool,3,256.56,205.3
ORD-11557,2023-03-13,Jessica Miller,United States,North America,Furniture,Sofa,6,658.59,203.03
ORD-11558,2023-03-19,Olivia Williams,United Kingdom,Europe,Furniture,Office Chair,1,373.9,67.29
ORD-11559,2023-09-12,James Williams,United States,North America,Clothing,Sweater,5,248.03,110.61
ORD-11560,2023-08-11,Michael Davis,France,Europe,Electronics,Headphones,2,440.5,65.41
ORD-11561,2023-03-14,Emma Rodriguez,Germany,Europe,Software,Office Suite,7,1208.39,1066.7
ORD-11562,2023-11-19,David Martinez,Germany,Europe,Software,Video Editor,2,399.56,284.43
ORD-11563,2023-12-19,Michael Garcia,Germany,Europe,Software,Antivirus,1,161.77,107.87
ORD-11564,2023-12-19,Emma Garcia,Germany,Europe,Software,Cloud Storage,9,1216.7,994.69
ORD-11565,2023-06-14,Olivia Brown,United Kingdom,Europe,Furniture,Desk,8,3954.47,1297.51
ORD-11566,2023-07-16,Michael Martinez,United States,North America,Clothing,T-Shirt,9,754.4,362.7
ORD-11567,2023-05-17,Sarah Davis,Australia,Oceania,Software,Office Suite,13,3152.32,2473.82
ORD-11568,2023-01-31,Emily Brown,Canada,North America,Furniture,Office Chair,6,2095.91,574.55
ORD-11569,2023-05-20,Jessica Davis,Canada,North America,Clothing,Sweater,15,1345.8,736.48
ORD-11570,2023-11-06,Sarah Jones,Japan,Asia,Electronics,Laptop,9,8899.12,1266.95
ORD-11571,2023-12-25,John Jones,France,Europe,Clothing,Jeans,3,175.48,54.16
ORD-11572,2023-02-10,Jessica Davis,France,Europe,Furniture,Sofa,11,4041.55,733.12
ORD-11573,2023-02-25,David Davis,Germany,Europe,Clothing,Jeans,12,1186.21,457.2
ORD-11574,2023-01-09,Sarah Smith,Germany,Europe,Clothing,Sweater,8,543.57,214.48
ORD-11575,2023-01-14,James Garcia,Japan,Asia,Software,Office Suite,6,1219.62,980.83
ORD-11576,2023-10-17,Olivia Smith,Germany,Europe,Electronics,Laptop,8,1736.57,191.34
ORD-11577,2023-03-25,Emma Johnson,Japan,Asia,Clothing,Jacket,6,183.3,73.88
ORD-11578,2023-10-07,John Rodriguez,France,Europe,Software,Design Tool,12,1064.95,882.99
ORD-11579,2023-03-23,Sarah Jones,France,Europe,Furniture,Desk,1,551.33,144.19
ORD-11580,2023-12-24,Emma Davis,Canada,North America,Electronics,Smartphone,4,3785.82,918.04
ORD-11581,2023-09-14,Jessica Garcia,United Kingdom,Europe,Software,Design Tool,1,177.56,109.35
ORD-11582,2023-12-23,James Rodriguez,Australia,Oceania,Electronics,Smartphone,4,3076.61,404.04
ORD-11583,2023-06-28,Sarah Martinez,United States,North America,Clothing,Sweater,15,1916.62,803.36
ORD-11584,2023-11-18,Olivia Jones,United States,North America,Clothing,Sweater,6,518.49,180.41
ORD-11585,2023-05-12,Jessica Brown,Japan,Asia,Clothing,Jacket,7,248.44,95.8
ORD-11586,2023-11-30,Robert Miller,Japan,Asia,Furniture,Desk,2,258.32,80.32
ORD-11587,2023-04-16,Emma Martinez,Canada,North America,Clothing,Jeans,15,1456.85,569.64
ORD-11588,2023-11-17,Emma Martinez,Australia,Oceania,Clothing,Jeans,9,207.86,63.13
ORD-11589,2023-06-20,Emma Davis,Canada,North America,Software,Cloud Storage,8,2368.46,1754.38
ORD-11590,2023-09-03,Robert Martinez,France,Europe,Clothing,Jeans,2,200.26,113.21
ORD-11591,2023-01-26,John Jones,Japan,Asia,Electronics,Headphones,8,4403.94,815.68
ORD-11592,2023-07-08,Emma Brown,United States,North America,Software,Cloud Storage,2,239.99,182.74
ORD-11593,2023-03-03,David Williams,United States,North America,Clothing,Sneakers,15,2117.88,1260.11
ORD-11594,2023-11-22,John Davis,United States,North America,Furniture,Office Chair,2,320.53,63.13
ORD-11595,2023-12-22,Robert Jones,Japan,Asia,Clothing,T-Shirt,12,1118.64,356.83
ORD-11596,2023-02-03,James Miller,United Kingdom,Europe,Electronics,Smartphone,8,4832.9,820.89
ORD-11597,2023-10-23,John Johnson,United States,North America,Clothing,Jacket,12,987.51,533.83
ORD-11598,2023-04-07,Emma Davis,Germany,Europe,Electronics,Smartphone,14,10379.22,2372.17
ORD-11599,2023-09-08,Emma Smith,Australia,Oceania,Clothing,Jacket,2,195.49,85.41
ORD-11600,2023-07-11,Jessica Rodriguez,United Kingdom,Europe,Furniture,Bookshelf,12,6570.24,1520.36
ORD-11601,2023-08-28,Jessica Jones,Germany,Europe,Furniture,Sofa,11,5275.47,1171.5
ORD-11602,2023-05-10,Michael Garcia,Japan,Asia,Clothing,Sneakers,8,943.85,527.18
ORD-11603,2023-06-25,Robert Williams,United States,North America,Clothing,Sweater,11,1409.78,490.36
ORD-11604,2023-04-16,James Johnson,United Kingdom,Europe,Software,Antivirus,9,1673.99,1184.9
ORD-11605,2023-10-09,Michael Brown,Germany,Europe,Clothing,Sneakers,2,124.63,68.66
ORD-11606,2023-09-25,James Brown,France,Europe,Clothing,Sneakers,12,1412.44,468.83
ORD-11607,2023-03-21,Emma Smith,France,Europe,Electronics,Tablet,3,3334.91,681.12
ORD-11608,2023-07-27,David Brown,Canada,North America,Electronics,Laptop,1,167.03,24.11
ORD-11609,2023-12-15,Sarah Johnson,Canada,North America,Clothing,Sneakers,2,149.7,60.97
ORD-11610,2023-11-02,David Garcia,Australia,Oceania,Software,Cloud Storage,4,503.79,376.69
ORD-11611,2023-11-11,Olivia Smith,Australia,Oceania,Software,Antivirus,8,1039.26,532.53
ORD-11612,2023-07-16,Robert Johnson,Canada,North America,Software,Video Editor,10,2701.59,2376.45
ORD-11613,2023-07-14,John Davis,United States,North America,Electronics,Tablet,5,3604.61,405.32
ORD-11614,2023-11-20,Sarah Davis,Australia,Oceania,Software,Cloud Storage,4,803.61,552.65
ORD-11615,2023-12-27,Emily Brown,Japan,Asia,Software,Antivirus,1,220.96,162.93
ORD-11616,2023-09-17,Emily Johnson,United States,North America,Furniture,Sofa,5,2939.96,669.24
ORD-11617,2023-01-25,David Martinez,Australia,Oceania,Electronics,Smartwatch,8,2660.92,446.39
ORD-11618,2023-05-29,Olivia Garcia,United States,North America,Software,Antivirus,11,975.69,814.65
ORD-11619,2023-05-08,John Miller,France,Europe,Furniture,Sofa,1,311.59,60.66
ORD-11620,2023-09-10,Emma Davis,Japan,Asia,Electronics,Smartphone,3,888.5,187.52
ORD-11621,2023-01-13,Emily Davis,Japan,Asia,Clothing,Sneakers,1,112.09,63.81
ORD-11622,2023-02-24,James Davis,Japan,Asia,Electronics,Headphones,7,5146.02,840.54
ORD-11623,2023-12-07,Jessica Davis,Germany,Europe,Software,Video Editor,15,1662.12,1447.95
ORD-11624,2023-03-24,Sarah Martinez,United States,North America,Furniture,Desk,8,4495.23,1165.09
ORD-11625,2023-02-04,Michael Martinez,France,Europe,Software,Antivirus,9,539.45,313.41
ORD-11626,2023-12-26,James Smith,Australia,Oceania,Clothing,T-Shirt,9,1102.06,367.9
ORD-11627,2023-09-29,John Jones,Japan,Asia,Furniture,Bookshelf,15,4058.6,998.73
ORD-11628,2023-09-01,Emily Davis,Australia,Oceania,Furniture,Office Chair,3,1114.5,308.36
ORD-11629,2023-02-06,Michael Williams,Canada,North America,Furniture,Office Chair,8,3674.95,1276.94
ORD-11630,2023-11-17,James Garcia,United Kingdom,Europe,Furniture,Bookshelf,7,992.4,234.58
ORD-11631,2023-07-22,John Brown,Canada,North America,Clothing,Sneakers,8,790.69,442.85
ORD-11632,2023-09-03,Olivia Rodriguez,United Kingdom,Europe,Software,Office Suite,4,798.98,491.41
ORD-11633,2023-11-04,John Miller,France,Europe,Electronics,Smartwatch,2,1779.4,385.34
ORD-11634,2023-07-09,David Miller,United States,North America,Clothing,Sneakers,11,1373.74,790.08
ORD-11635,2023-11-06,Jessica Jones,Japan,Asia,Software,Video Editor,8,1172.19,994.56
ORD-11636,2023-10-14,Olivia Martinez,Australia,Oceania,Furniture,Sofa,6,982.15,243.51
ORD-11637,2023-11-12,Sarah Jones,Japan,Asia,Clothing,Jacket,14,805.88,365.91
ORD-11638,2023-05-03,Olivia Brown,Germany,Europe,Clothing,Jacket,4,509.38,231.92
ORD-11639,2023-11-03,James Brown,Germany,Europe,Furniture,Bookshelf,4,2323.89,516.59
ORD-11640,2023-04-15,Emily Martinez,Germany,Europe,Furniture,Office Chair,12,7271.04,1514.5
ORD-11641,2023-11-21,Jessica Williams,Japan,Asia,Software,Cloud Storage,4,591.63,465.5
ORD-11642,2023-10-03,Jessica Williams,France,Europe,Clothing,Sweater,2,105.66,62.33
ORD-11643,2023-01-02,Sarah Brown,France,Europe,Clothing,Sneakers,8,1132.14,526.66
ORD-11644,2023-10-18,James Brown,Japan,Asia,Clothing,T-Shirt,7,711.58,317.98
ORD-11645,2023-07-18,Jessica Johnson,France,Europe,Furniture,Desk,2,705.87,219.0
ORD-11646,2023-02-05,David Johnson,Canada,North America,Clothing,Jeans,13,422.06,220.7
ORD-11647,2023-12-05,Olivia Smith,United States,North America,Electronics,Smartphone,6,7054.07,1466.79
ORD-11648,2023-04-29,Emma Martinez,United Kingdom,Europe,Clothing,Sweater,6,775.8,268.05
ORD-11649,2023-04-23,Michael Miller,Germany,Europe,Furniture,Dining Table,10,1122.08,204.31
ORD-11650,2023-05-19,Emily Johnson,Japan,Asia,Electronics,Laptop,14,8074.11,1100.53
ORD-11651,2023-04-23,David Johnson,United Kingdom,Europe,Electronics,Laptop,11,5213.11,974.57
ORD-11652,2023-08-17,Emma Brown,France,Europe,Electronics,Smartphone,7,6286.32,1045.91
ORD-11653,2023-11-11,James Smith,France,Europe,Clothing,Jeans,15,1612.96,695.18
ORD-11654,2023-06-14,John Davis,Germany,Europe,Software,Design Tool,10,1013.67,565.43
ORD-11655,2023-12-24,James Williams,Canada,North America,Software,Office Suite,4,514.21,340.43
ORD-11656,2023-04-29,James Martinez,Germany,Europe,Software,Antivirus,11,3121.98,1865.79
ORD-11657,2023-01-12,James Martinez,France,Europe,Clothing,Jacket,7,158.65,68.36
ORD-11658,2023-02-15,James Jones,France,Europe,Clothing,Jeans,5,338.29,202.68
ORD-11659,2023-04-23,Olivia Rodriguez,United Kingdom,Europe,Furniture,Office Chair,7,2486.4,751.25
ORD-11660,2023-02-17,Olivia Rodriguez,United Kingdom,Europe,Electronics,Headphones,2,1403.03,194.0
ORD-11661,2023-08-12,David Williams,United Kingdom,Europe,Furniture,Sofa,5,1083.2,176.95
ORD-11662,2023-01-27,Olivia Williams,Japan,Asia,Clothing,Sweater,8,1139.7,647.89
ORD-11663,2023-04-11,Olivia Johnson,Canada,North America,Electronics,Smartphone,5,5040.77,639.22
ORD-11664,2023-10-11,Jessica Williams,France,Europe,Furniture,Dining Table,15,3461.47,1063.99
ORD-11665,2023-05-20,Robert Smith,United Kingdom,Europe,Electronics,Tablet,3,976.05,166.28
ORD-11666,2023-11-08,Jessica Martinez,United Kingdom,Europe,Clothing,Sneakers,4,316.57,162.42
ORD-11667,2023-11-24,Olivia Smith,United Kingdom,Europe,Electronics,Tablet,3,451.81,76.41
ORD-11668,2023-07-22,Robert Rodriguez,Australia,Oceania,Software,Video Editor,8,2324.21,2039.06
ORD-11669,2023-10-23,James Jones,Japan,Asia,Software,Office Suite,9,2380.34,1310.37
ORD-11670,2023-11-04,Jessica Jones,United States,North America,Electronics,Smartwatch,15,8745.5,1367.72
ORD-11671,2023-09-07,Emma Smith,Germany,Europe,Furniture,Sofa,13,7109.93,1275.76
ORD-11672,2023-03-13,David Miller,Canada,North America,Furniture,Desk,1,730.35,241.55
ORD-11673,2023-08-27,Emily Garcia,France,Europe,Furniture,Sofa,3,1173.18,188.02
ORD-11674,2023-02-21,David Garcia,Australia,Oceania,Electronics,Headphones,8,8838.89,2059.97
ORD-11675,2023-11-03,David Garcia,United States,North America,Software,Antivirus,15,4430.09,3716.27
ORD-11676,2023-04-10,David Rodriguez,Germany,Europe,Furniture,Office Chair,2,404.31,118.15
ORD-11677,2023-09-18,Emma Rodriguez,United States,North America,Clothing,T-Shirt,8,579.55,312.7
ORD-11678,2023-06-17,David Garcia,Japan,Asia,Electronics,Smartwatch,10,2794.63,463.24
ORD-11679,2023-09-21,John Rodriguez,Canada,North America,Electronics,Laptop,15,15239.23,2278.61
ORD-11680,2023-11-22,David Williams,Australia,Oceania,Furniture,Desk,2,1063.62,218.2
ORD-11681,2023-06-05,John Williams,United States,North America,Furniture,Sofa,10,2355.65,730.0
ORD-11682,2023-10-08,Olivia Jones,France,Europe,Furniture,Office Chair,2,428.75,67.52
ORD-11683,2023-02-03,Emma Davis,Canada,North America,Furniture,Sofa,2,311.96,75.47
ORD-11684,2023-07-10,Emily Jones,Japan,Asia,Clothing,Jacket,9,362.05,182.69
ORD-11685,2023-12-16,David Martinez,Japan,Asia,Furniture,Desk,14,1617.81,399.08
ORD-11686,2023-06-03,Emily Miller,Japan,Asia,Electronics,Smartwatch,5,4958.79,687.52
ORD-11687,2023-04-25,Emma Brown,Japan,Asia,Software,Office Suite,15,1119.74,802.72
ORD-11688,2023-07-24,James Martinez,Australia,Oceania,Clothing,Jacket,2,103.05,50.18
ORD-11689,2023-02-03,Jessica Smith,Australia,Oceania,Software,Design Tool,14,2212.59,1472.9
ORD-11690,2023-07-09,Sarah Jones,Germany,Europe,Furniture,Sofa,15,11976.88,4019.05
ORD-11691,2023-07-27,James Brown,United Kingdom,Europe,Clothing,Jeans,10,1245.89,499.39
ORD-11692,2023-07-12,Sarah Johnson,Japan,Asia,Electronics,Smartphone,13,12015.92,1472.03
ORD-11693,2023-12-24,Michael Smith,United States,North America,Electronics,Tablet,3,552.96,79.47
ORD-11694,2023-12-18,Jessica Martinez,Australia,Oceania,Electronics,Smartphone,3,3262.57,487.82
ORD-11695,2023-02-12,John Martinez,Japan,Asia,Electronics,Laptop,13,4269.6,677.29
ORD-11696,2023-05-17,Olivia Jones,United States,North America,Electronics,Smartwatch,5,1477.73,250.25
ORD-11697,2023-11-26,Robert Johnson,United Kingdom,Europe,Software,Video Editor,4,889.03,455.91
ORD-11698,2023-03-25,Emily Davis,Australia,Oceania,Clothing,Sweater,5,290.87,148.84
ORD-11699,2023-05-01,David Garcia,Canada,North America,Furniture,Desk,8,1632.84,295.62
ORD-11700,2023-03-02,Michael Johnson,Japan,Asia,Software,Office Suite,3,692.08,424.24
ORD-11701,2023-10-24,Emma Davis,Germany,Europe,Software,Design Tool,2,564.94,433.48
ORD-11702,2023-10-28,David Brown,Australia,Oceania,Software,Antivirus,6,534.8,308.36
ORD-11703,2023-05-10,James Williams,United States,North America,Software,Design Tool,11,3208.02,2609.69
ORD-11704,2023-03-10,Jessica Miller,France,Europe,Clothing,Sweater,14,1553.74,469.59
ORD-11705,2023-08-01,Sarah Davis,Germany,Europe,Clothing,Jeans,1,134.95,50.2
ORD-11706,2023-04-14,Michael Miller,Germany,Europe,Electronics,Smartphone,11,5816.4,880.86
ORD-11707,2023-01-02,Sarah Davis,Germany,Europe,Furniture,Desk,3,998.29,281.25
ORD-11708,2023-05-21,Robert Miller,Japan,Asia,Furniture,Sofa,13,9943.33,3082.99
ORD-11709,2023-10-30,Robert Jones,Australia,Oceania,Software,Antivirus,5,665.76,441.36
ORD-11710,2023-02-02,Emily Miller,Canada,North America,Software,Video Editor,10,1077.36,674.5
ORD-11711,2023-05-16,David Smith,France,Europe,Furniture,Dining Table,5,1881.84,283.89
ORD-11712,2023-08-19,Emma Miller,United Kingdom,Europe,Electronics,Tablet,1,1156.57,254.86
ORD-11713,2023-10-07,James Smith,Canada,North America,Clothing,Sweater,11,293.21,174.95
ORD-11714,2023-10-10,David Johnson,Australia,Oceania,Furniture,Sofa,9,5472.04,1014.78
ORD-11715,2023-12-17,James Johnson,United States,North America,Clothing,Jeans,8,181.52,61.53
ORD-11716,2023-03-28,David Jones,Germany,Europe,Software,Office Suite,15,2349.19,1859.77
ORD-11717,2023-05-28,David Rodriguez,Canada,North America,Electronics,Smartphone,498,531307.34,121113.92
ORD-11718,2023-05-19,Michael Johnson,Canada,North America,Software,Cloud Storage,2,350.23,292.12
ORD-11719,2023-03-04,Emily Martinez,Japan,Asia,Clothing,T-Shirt,6,735.42,298.56
ORD-11720,2023-10-07,David Smith,United Kingdom,Europe,Electronics,Smartphone,3,909.31,112.8
ORD-11721,2023-04-10,Emily Garcia,Japan,Asia,Electronics,Headphones,14,7822.39,1670.19
ORD-11722,2023-07-26,Emma Williams,Japan,Asia,Furniture,Dining Table,11,4822.36,1288.88
ORD-11723,2023-04-27,Emily Rodriguez,Australia,Oceania,Software,Design Tool,6,1263.79,732.55
ORD-11724,2023-04-07,John Martinez,France,Europe,Clothing,T-Shirt,11,1555.51,769.38
ORD-11725,2023-01-04,Jessica Davis,Canada,North America,Electronics,Laptop,14,3510.87,625.21
ORD-11726,2023-03-11,Emily Davis,Japan,Asia,Clothing,T-Shirt,10,1254.08,671.99
ORD-11727,2023-06-09,Robert Miller,United Kingdom,Europe,Clothing,T-Shirt,14,473.97,275.72
ORD-11728,2023-12-23,David Miller,United Kingdom,Europe,Furniture,Bookshelf,6,4168.9,1443.53
ORD-11729,2023-02-08,Emily Jones,Germany,Europe,Clothing,Sneakers,1,23.4,9.02
ORD-11730,2023-03-12,Robert Martinez,United States,North America,Electronics,Headphones,2,499.83,69.79
ORD-11731,2023-04-04,Olivia Brown,United States,North America,Electronics,Laptop,1,440.34,99.61
ORD-11732,2023-02-10,Robert Martinez,Japan,Asia,Clothing,Sweater,11,645.49,367.02
ORD-11733,2023-06-09,James Johnson,United States,North America,Clothing,Jacket,12,321.2,102.98
ORD-11734,2023-01-03,Sarah Davis,Japan,Asia,Electronics,Tablet,13,6879.4,1247.2
ORD-11735,2023-10-15,Emma Johnson,Japan,Asia,Clothing,Jeans,3,312.91,147.29
ORD-11736,2023-01-09,Emily Brown,Australia,Oceania,Furniture,Desk,12,9241.25,2982.75
ORD-11737,2023-01-03,Robert Jones,France,Europe,Furniture,Sofa,9,2398.84,565.99
ORD-11738,2023-04-09,Robert Jones,France,Europe,Clothing,Jeans,7,1026.09,434.51
ORD-11739,2023-05-08,Olivia Johnson,Germany,Europe,Software,Cloud Storage,11,2214.45,1108.51
ORD-11740,2023-04-08,David Williams,Japan,Asia,Furniture,Dining Table,2,1554.04,310.43
ORD-11741,2023-05-08,John Johnson,United Kingdom,Europe,Software,Office Suite,156,18585.41,10129.89
ORD-11742,2023-12-23,John Miller,Canada,North America,Electronics,Headphones,4,2477.71,302.4
ORD-11743,2023-07-08,Jessica Miller,United States,North America,Software,Video Editor,11,1306.43,999.74
ORD-11744,2023-04-16,James Garcia,United Kingdom,Europe,Furniture,Desk,8,3537.92,724.49
ORD-11745,2023-08-10,Emily Williams,United States,North America,Electronics,Smartphone,12,7580.22,1086.71
ORD-11746,2023-03-14,David Jones,Germany,Europe,Furniture,Sofa,13,1425.29,437.76
ORD-11747,2023-08-21,Jessica Jones,Japan,Asia,Furniture,Sofa,4,2327.61,477.45
ORD-11748,2023-05-19,Michael Davis,France,Europe,Furniture,Sofa,15,2901.61,888.48
ORD-11749,2023-04-23,Robert Rodriguez,France,Europe,Furniture,Office Chair,5,3024.35,769.41
ORD-11750,2023-12-04,Robert Jones,Germany,Europe,Software,Antivirus,2,383.58,327.55
ORD-11751,2023-05-10,Emma Rodriguez,Germany,Europe,Furniture,Sofa,9,921.24,314.81
ORD-11752,2023-10-11,James Martinez,Australia,Oceania,Clothing,T-Shirt,8,361.16,120.1
ORD-11753,2023-08-06,David Jones,Canada,North America,Furniture,Sofa,11,7582.71,2049.72
ORD-11754,2023-07-14,Emily Martinez,United States,North America,Furniture,Desk,6,792.37,172.13
ORD-11755,2023-09-30,Jessica Davis,United Kingdom,Europe,Furniture,Sofa,9,1003.52,165.84
ORD-11756,2023-04-29,James Smith,United Kingdom,Europe,Furniture,Sofa,7,3321.41,988.86
ORD-11757,2023-08-14,Michael Brown,Japan,Asia,Furniture,Desk,6,1006.8,202.66
ORD-11758,2023-03-03,David Martinez,France,Europe,Software,Office Suite,2,270.41,160.81
ORD-11759,2023-05-09,Olivia Rodriguez,Canada,North America,Furniture,Office Chair,8,4658.38,1202.86
ORD-11760,2023-01-04,Emily Brown,Australia,Oceania,Software,Cloud Storage,2,144.36,105.84
ORD-11761,2023-01-01,James Garcia,Germany,Europe,Clothing,Sneakers,9,994.25,306.3
ORD-11762,2023-10-20,John Jones,Australia,Oceania,Furniture,Desk,14,2938.15,874.08
ORD-11763,2023-04-18,Emma Williams,United Kingdom,Europe,Clothing,Sneakers,1,106.02,38.98
ORD-11764,2023-04-15,Jessica Jones,United States,North America,Software,Office Suite,12,789.8,679.59
ORD-11765,2023-03-29,Jessica Smith,United States,North America,Furniture,Sofa,2,318.76,57.86
ORD-11766,2023-02-25,James Brown,France,Europe,Furniture,Bookshelf,12,5570.2,1453.82
ORD-11767,2023-10-27,Jessica Davis,Japan,Asia,Furniture,Dining Table,9,5061.25,977.42
ORD-11768,2023-11-09,Emily Jones,United Kingdom,Europe,Clothing,Jacket,10,478.39,248.77
ORD-11769,2023-04-11,James Jones,United States,North America,Software,Video Editor,8,2254.5,1916.08
ORD-11770,2023-03-06,John Brown,Australia,Oceania,Electronics,Smartwatch,8,4514.7,891.42
ORD-11771,2023-03-11,John Rodriguez,Canada,North America,Furniture,Dining Table,15,3933.9,689.56
ORD-11772,2023-11-07,Robert Johnson,Japan,Asia,Furniture,Dining Table,9,1426.48,363.77
ORD-11773,2023-06-20,Robert Williams,Germany,Europe,Furniture,Office Chair,7,3103.49,985.61
ORD-11774,2023-04-23,Sarah Rodriguez,Canada,North America,Furniture,Dining Table,8,1200.04,353.03
ORD-11775,2023-06-14,Emily Williams,Australia,Oceania,Clothing,Jacket,1,24.3,7.37
ORD-11776,2023-12-20,John Smith,Australia,Oceania,Electronics,Headphones,3,2836.31,627.38
ORD-11777,2023-12-19,Emma Davis,United States,North America,Electronics,Tablet,13,14157.12,2790.82
ORD-11778,2023-11-06,John Williams,Australia,Oceania,Clothing,Jacket,7,751.68,404.71
ORD-11779,2023-05-30,David Williams,Germany,Europe,Electronics,Smartwatch,14,4274.77,855.9
ORD-11780,2023-09-09,Robert Johnson,Germany,Europe,Furniture,Desk,14,8879.64,2222.42
ORD-11781,2023-07-14,Emily Smith,Germany,Europe,Software,Design Tool,1,61.04,31.71
ORD-11782,2023-07-13,Jessica Garcia,United Kingdom,Europe,Electronics,Headphones,12,8300.22,1489.93
ORD-11783,2023-03-04,Emma Miller,Japan,Asia,Furniture,Bookshelf,9,2335.42,500.55
ORD-11784,2023-06-08,Michael Martinez,Germany,Europe,Software,Antivirus,9,2057.15,1542.88
ORD-11785,2023-05-04,James Martinez,United Kingdom,Europe,Software,Video Editor,6,1479.78,749.95
ORD-11786,2023-09-27,Michael Williams,Australia,Oceania,Electronics,Smartphone,5,4960.47,1186.65
ORD-11787,2023-09-28,Sarah Rodriguez,Germany,Europe,Electronics,Headphones,11,10119.44,2472.41
ORD-11788,2023-08-31,Emily Brown,Japan,Asia,Furniture,Sofa,12,7616.36,1947.23
ORD-11789,2023-05-05,Michael Johnson,Germany,Europe,Furniture,Sofa,10,5745.32,1696.01
ORD-11790,2023-12-09,David Miller,Australia,Oceania,Clothing,Jeans,1,51.55,21.96
ORD-11791,2023-09-28,James Brown,Germany,Europe,Electronics,Headphones,13,5387.75,912.12
ORD-11792,2023-05-30,James Williams,France,Europe,Clothing,Jacket,13,751.13,422.17
ORD-11793,2023-04-28,Jessica Garcia,Canada,North America,Furniture,Bookshelf,4,3085.81,1025.37
ORD-11794,2023-08-29,James Jones,United States,North America,Software,Cloud Storage,14,1717.1,1253.97
ORD-11795,2023-01-12,Emma Johnson,Japan,Asia,Clothing,Jeans,9,995.97,453.79
ORD-11796,2023-06-19,Michael Davis,Germany,Europe,Electronics,Headphones,1,454.18,88.96
ORD-11797,2023-05-03,Emma Brown,Germany,Europe,Furniture,Bookshelf,4,2719.87,548.17
ORD-11798,2023-03-04,James Brown,Australia,Oceania,Furniture,Office Chair,2,332.4,89.74
ORD-11799,2023-03-05,Robert Smith,Australia,Oceania,Furniture,Desk,10,1639.93,468.62
ORD-11800,2023-07-27,Jessica Brown,United Kingdom,Europe,Electronics,Tablet,14,2610.93,291.19
ORD-11801,2023-11-10,Robert Davis,Canada,North America,Clothing,Sneakers,2,160.05,72.06
ORD-11802,2023-09-26,John Smith,Japan,Asia,Furniture,Desk,14,1660.38,518.27
ORD-11803,2023-08-01,Sarah Rodriguez,Germany,Europe,Furniture,Dining Table,9,6723.26,1337.1
ORD-11804,2023-11-23,Emily Jones,France,Europe,Clothing,Sweater,2,289.7,165.82
ORD-11805,2023-12-15,Emma Miller,Japan,Asia,Clothing,Sweater,13,844.39,477.73
ORD-11806,2023-02-06,Sarah Rodriguez,Japan,Asia,Clothing,T-Shirt,9,521.92,192.8
ORD-11807,2023-01-14,Olivia Williams,Germany,Europe,Software,Office Suite,3,761.21,428.62
ORD-11808,2023-09-16,Michael Johnson,Japan,Asia,Furniture,Sofa,5,1673.17,390.94
ORD-11809,2023-12-23,David Williams,United States,North America,Software,Antivirus,14,1983.93,1008.83
ORD-11810,2023-09-10,James Miller,United Kingdom,Europe,Software,Antivirus,9,2010.79,1099.11
ORD-11811,2023-01-10,John Brown,Canada,North America,Electronics,Smartwatch,15,5450.12,864.33
ORD-11812,2023-01-14,James Williams,United States,North America,Software,Antivirus,6,1710.46,1000.86
ORD-11813,2023-04-22,David Garcia,Canada,North America,Clothing,T-Shirt,14,1062.22,494.03
ORD-11814,2023-09-06,Emily Miller,United States,North America,Furniture,Dining Table,4,3154.98,997.85
ORD-11815,2023-03-01,Emma Jones,United States,North America,Electronics,Smartwatch,8,7754.04,1173.89
ORD-11816,2023-12-08,Robert Rodriguez,Canada,North America,Furniture,Sofa,1,248.37,69.3
ORD-11817,2023-01-28,Sarah Garcia,United States,North America,Software,Antivirus,10,2555.64,1796.51
ORD-11818,2023-12-29,Sarah Jones,Japan,Asia,Clothing,Sweater,3,424.64,218.43
ORD-11819,2023-10-26,Michael Miller,Germany,Europe,Software,Video Editor,10,2520.18,2136.69
ORD-11820,2023-10-10,Olivia Martinez,Canada,North America,Software,Antivirus,15,2708.3,1511.43
ORD-11821,2023-07-16,Olivia Brown,Japan,Asia,Furniture,Bookshelf,10,1720.61,265.41
ORD-11822,2023-10-19,Olivia Brown,Germany,Europe,Furniture,Desk,2,458.94,140.47
ORD-11823,2023-03-14,James Miller,Germany,Europe,Electronics,Tablet,10,8846.61,2198.41
ORD-11824,2023-11-24,Sarah Davis,France,Europe,Software,Antivirus,11,1765.47,1411.87
ORD-11825,2023-04-27,Robert Martinez,Australia,Oceania,Furniture,Bookshelf,11,6201.58,2056.27
ORD-11826,2023-03-12,Robert Smith,Japan,Asia,Clothing,T-Shirt,15,972.13,410.47
ORD-11827,2023-12-22,Olivia Martinez,United Kingdom,Europe,Software,Cloud Storage,1,187.31,157.26
ORD-11828,2023-07-03,Robert Williams,Japan,Asia,Software,Cloud Storage,2,491.8,321.13
ORD-11829,2023-11-19,Sarah Brown,France,Europe,Electronics,Smartwatch,8,7993.43,917.15
ORD-11830,2023-04-08,Robert Garcia,United Kingdom,Europe,Clothing,T-Shirt,5,648.15,345.57
ORD-11831,2023-05-04,Olivia Jones,United Kingdom,Europe,Clothing,T-Shirt,14,333.61,196.08
ORD-11832,2023-01-01,John Rodriguez,United Kingdom,Europe,Software,Video Editor,7,1937.84,1270.67
ORD-11833,2023-07-18,Robert Brown,United States,North America,Electronics,Smartphone,11,3882.99,744.69
ORD-11834,2023-01-14,John Johnson,Canada,North America,Software,Video Editor,1,203.02,124.19
ORD-11835,2023-02-07,Jessica Smith,Japan,Asia,Software,Design Tool,13,1225.86,921.62
ORD-11836,2023-08-15,James Williams,Japan,Asia,Electronics,Headphones,4,3277.51,460.55
ORD-11837,2023-08-15,Olivia Jones,France,Europe,Software,Office Suite,1,228.58,155.35
ORD-11838,2023-07-30,Michael Martinez,France,Europe,Furniture,Bookshelf,1,488.83,82.33
ORD-11839,2023-11-17,Emily Miller,Australia,Oceania,Electronics,Laptop,10,8842.44,1682.45
ORD-11840,2023-01-12,James Rodriguez,Germany,Europe,Clothing,T-Shirt,4,183.19,79.9
ORD-11841,2023-06-10,Jessica Williams,United Kingdom,Europe,Furniture,Bookshelf,15,11590.65,1990.61
ORD-11842,2023-08-26,John Brown,United States,North America,Furniture,Office Chair,2,1044.1,156.71
ORD-11843,2023-08-05,Emma Rodriguez,Canada,North America,Clothing,Jeans,8,675.58,318.89
ORD-11844,2023-04-08,Emma Davis,United States,North America,Electronics,Smartwatch,5,2362.27,446.19
ORD-11845,2023-10-24,Jessica Smith,United Kingdom,Europe,Furniture,Sofa,5,2285.94,787.77
ORD-11846,2023-05-26,John Brown,Germany,Europe,Software,Office Suite,11,1237.85,669.24
ORD-11847,2023-03-14,Emily Davis,United States,North America,Furniture,Desk,2,219.62,40.04
ORD-11848,2023-10-29,Robert Williams,France,Europe,Electronics,Laptop,5,3476.98,855.52
ORD-11849,2023-06-24,Emily Martinez,Japan,Asia,Software,Office Suite,13,2034.57,1689.78
ORD-11850,2023-05-05,Sarah Rodriguez,Japan,Asia,Furniture,Dining Table,11,8768.55,2031.54
ORD-11851,2023-08-19,John Davis,Japan,Asia,Software,Design Tool,11,3099.54,1697.3
ORD-11852,2023-07-26,Emily Brown,United States,North America,Software,Video Editor,13,3274.72,2764.0
ORD-11853,2023-01-02,James Rodriguez,Canada,North America,Furniture,Office Chair,11,7573.24,1409.3
ORD-11854,2023-12-12,Michael Johnson,Germany,Europe,Software,Cloud Storage,1,244.32,174.84
ORD-11855,2023-12-18,David Miller,United States,North America,Furniture,Office Chair,9,5003.2,1688.15
ORD-11856,2023-03-13,Jessica Martinez,Japan,Asia,Software,Design Tool,13,2581.06,1331.24
ORD-11857,2023-12-16,David Brown,Canada,North America,Software,Video Editor,10,1854.64,1508.45
ORD-11858,2023-03-06,John Garcia,United Kingdom,Europe,Electronics,Smartwatch,12,10993.42,2191.51
ORD-11859,2023-11-03,David Rodriguez,Australia,Oceania,Clothing,Jeans,5,673.62,270.33
ORD-11860,2023-10-11,Sarah Johnson,Japan,Asia,Clothing,Jacket,8,811.11,366.83
ORD-11861,2023-01-19,Emily Johnson,Canada,North America,Clothing,Jeans,4,545.5,229.38
ORD-11862,2023-10-04,Michael Smith,United Kingdom,Europe,Software,Cloud Storage,7,1715.43,1518.86
ORD-11863,2023-12-06,Emily Davis,Australia,Oceania,Software,Design Tool,9,787.31,590.05
ORD-11864,2023-09-12,Michael Williams,Japan,Asia,Clothing,Sweater,10,455.0,272.21
ORD-11865,2023-09-30,Jessica Rodriguez,Australia,Oceania,Electronics,Tablet,11,3801.04,736.57
ORD-11866,2023-12-23,David Smith,United States,North America,Clothing,Sneakers,7,802.2,320.53
ORD-11867,2023-01-16,Sarah Williams,United States,North America,Clothing,Sweater,3,363.57,146.44
ORD-11868,2023-04-04,Robert Miller,Germany,Europe,Software,Video Editor,7,693.19,444.48
ORD-11869,2023-04-06,Emma Williams,Germany,Europe,Clothing,Sneakers,14,1856.8,1039.6
ORD-11870,2023-02-22,Jessica Miller,Japan,Asia,Furniture,Bookshelf,2,1158.26,385.93
ORD-11871,2023-06-22,Emily Williams,Canada,North America,Clothing,Sneakers,3,437.76,153.9
ORD-11872,2023-12-22,Emma Garcia,United Kingdom,Europe,Clothing,T-Shirt,4,527.43,306.9
ORD-11873,2023-07-20,Jessica Garcia,Australia,Oceania,Electronics,Tablet,9,3833.93,605.54
ORD-11874,2023-01-09,Olivia Garcia,Germany,Europe,Software,Cloud Storage,14,1615.97,812.9
ORD-11875,2023-03-03,Robert Martinez,Japan,Asia,Electronics,Smartphone,15,9829.17,1696.88
ORD-11876,2023-12-27,Jessica Martinez,Japan,Asia,Furniture,Bookshelf,13,1642.98,522.0
ORD-11877,2023-02-15,Jessica Jones,Germany,Europe,Software,Antivirus,6,1541.4,895.43
ORD-11878,2023-07-07,Olivia Brown,United Kingdom,Europe,Software,Design Tool,12,3137.63,2227.12
ORD-11879,2023-08-18,Jessica Smith,France,Europe,Electronics,Smartwatch,5,5751.84,704.33
ORD-11880,2023-02-25,David Johnson,Canada,North America,Electronics,Headphones,3,1888.39,363.25
ORD-11881,2023-12-23,Olivia Rodriguez,United States,North America,Software,Video Editor,1,201.27,167.85
ORD-11882,2023-05-20,Jessica Williams,United States,North America,Furniture,Dining Table,9,4414.17,1339.25
ORD-11883,2023-06-19,Robert Miller,United Kingdom,Europe,Software,Antivirus,6,1596.05,1170.59
ORD-11884,2023-08-19,Robert Davis,Canada,North America,Clothing,Jacket,14,585.01,261.98
ORD-11885,2023-12-09,David Rodriguez,Germany,Europe,Clothing,Sweater,7,1017.73,548.54
ORD-11886,2023-11-11,David Williams,Australia,Oceania,Furniture,Bookshelf,10,7373.41,2532.96
ORD-11887,2023-06-20,John Williams,France,Europe,Electronics,Smartphone,1,313.74,45.81
ORD-11888,2023-11-28,Emma Johnson,Japan,Asia,Furniture,Desk,11,7855.76,2565.82
ORD-11889,2023-06-16,Jessica Johnson,Canada,North America,Furniture,Office Chair,6,2027.71,317.86
ORD-11890,2023-08-06,Robert Williams,Australia,Oceania,Electronics,Headphones,5,2242.91,399.17
ORD-11891,2023-10-28,Olivia Davis,France,Europe,Furniture,Sofa,14,8165.53,2754.48
ORD-11892,2023-08-14,David Miller,Australia,Oceania,Furniture,Office Chair,3,1069.22,270.58
ORD-11893,2023-07-08,David Brown,United Kingdom,Europe,Electronics,Smartwatch,4,3982.62,501.54
ORD-11894,2023-02-24,Michael Brown,Canada,North America,Electronics,Laptop,4,3147.63,729.62
ORD-11895,2023-06-06,Olivia Johnson,Australia,Oceania,Electronics,Tablet,12,1902.25,215.86
ORD-11896,2023-09-08,Michael Brown,Germany,Europe,Software,Cloud Storage,1,183.13,147.74
ORD-11897,2023-02-14,Emily Williams,Australia,Oceania,Furniture,Bookshelf,8,3399.86,687.0
ORD-11898,2023-11-18,David Davis,Japan,Asia,Furniture,Sofa,3,2111.75,714.67
ORD-11899,2023-02-16,Robert Davis,Japan,Asia,Software,Video Editor,4,929.56,610.72
ORD-11900,2023-08-14,Sarah Davis,United Kingdom,Europe,Furniture,Office Chair,8,4649.9,881.92
ORD-11901,2023-04-22,Olivia Martinez,Australia,Oceania,Furniture,Office Chair,6,1363.51,246.85
ORD-11902,2023-04-20,James Williams,Japan,Asia,Electronics,Tablet,13,6412.93,1462.66
ORD-11903,2023-05-01,Robert Rodriguez,Germany,Europe,Furniture,Desk,15,3248.92,911.85
ORD-11904,2023-10-23,Robert Brown,United Kingdom,Europe,Clothing,Sweater,5,273.41,92.04
ORD-11905,2023-09-10,Emma Williams,France,Europe,Software,Cloud Storage,4,1141.9,831.78
ORD-11906,2023-10-23,Emily Martinez,Germany,Europe,Electronics,Laptop,15,9287.52,2077.9
ORD-11907,2023-01-02,Michael Martinez,France,Europe,Furniture,Sofa,2,426.93,92.31
ORD-11908,2023-08-28,Robert Davis,Japan,Asia,Electronics,Laptop,8,7146.52,1590.99
ORD-11909,2023-09-23,Emma Williams,Japan,Asia,Furniture,Office Chair,13,7444.51,2564.02
ORD-11910,2023-07-23,John Rodriguez,Germany,Europe,Furniture,Desk,1,718.36,145.87
ORD-11911,2023-12-18,Emily Rodriguez,Japan,Asia,Software,Cloud Storage,11,1129.11,898.76
ORD-11912,2023-12-08,Robert Garcia,Germany,Europe,Furniture,Desk,11,5219.42,1747.78
ORD-11913,2023-01-21,Emma Smith,Canada,North America,Clothing,Jacket,4,559.72,276.29
ORD-11914,2023-10-21,Jessica Johnson,Canada,North America,Software,Antivirus,6,1552.78,877.63
ORD-11915,2023-10-20,Sarah Smith,Australia,Oceania,Furniture,Dining Table,3,1936.36,573.07
ORD-11916,2023-12-06,John Johnson,Germany,Europe,Clothing,Jeans,8,448.27,251.19
ORD-11917,2023-11-10,Emma Smith,United States,North America,Software,Design Tool,2,205.21,151.32
ORD-11918,2023-03-16,James Smith,United States,North America,Furniture,Desk,2,490.14,85.1
ORD-11919,2023-08-24,James Davis,Australia,Oceania,Furniture,Office Chair,2,1048.17,313.62
ORD-11920,2023-07-15,James Johnson,United States,North America,Furniture,Desk,1,184.67,54.35
ORD-11921,2023-06-25,Robert Davis,Australia,Oceania,Furniture,Desk,15,8041.23,2379.69
ORD-11922,2023-04-09,James Miller,Japan,Asia,Clothing,Jeans,9,195.69,69.21
ORD-11923,2023-06-04,Robert Johnson,Australia,Oceania,Furniture,Bookshelf,3,510.96,105.71
ORD-11924,2023-07-22,Robert Williams,Australia,Oceania,Clothing,T-Shirt,10,1064.4,632.89
ORD-11925,2023-07-12,Michael Smith,Germany,Europe,Furniture,Bookshelf,6,3630.61,1154.28
ORD-11926,2023-12-02,John Brown,Australia,Oceania,Clothing,Jeans,13,1433.81,643.73
ORD-11927,2023-04-28,Emily Johnson,United States,North America,Furniture,Bookshelf,4,1586.81,351.96
ORD-11928,2023-07-18,David Williams,Germany,Europe,Furniture,Office Chair,5,3795.29,1243.41
ORD-11929,2023-03-14,Emily Smith,United States,North America,Software,Antivirus,6,1221.38,844.86
ORD-11930,2023-01-31,Michael Martinez,Germany,Europe,Electronics,Tablet,12,10891.5,1228.63
ORD-11931,2023-01-12,James Brown,Japan,Asia,Furniture,Desk,14,4157.71,1164.24
ORD-11932,2023-06-13,David Williams,Germany,Europe,Electronics,Laptop,12,10750.18,1535.32
ORD-11933,2023-01-09,Olivia Garcia,United States,North America,Software,Design Tool,10,2785.52,2105.67
ORD-11934,2023-06-07,Olivia Johnson,Canada,North America,Clothing,Sneakers,10,1080.19,647.48
ORD-11935,2023-03-30,Emma Jones,France,Europe,Software,Antivirus,3,777.58,466.89
ORD-11936,2023-01-23,Robert Smith,United States,North America,Electronics,Smartwatch,2,381.33,39.66
ORD-11937,2023-07-31,Robert Brown,Canada,North America,Electronics,Tablet,7,3079.85,743.73
ORD-11938,2023-09-22,John Rodriguez,France,Europe,Electronics,Smartwatch,2,2005.91,402.24
ORD-11939,2023-10-31,John Johnson,United Kingdom,Europe,Clothing,T-Shirt,8,247.81,112.14
ORD-11940,2023-05-07,John Davis,United States,North America,Furniture,Bookshelf,2,1556.29,486.5
ORD-11941,2023-05-22,Emily Jones,Japan,Asia,Furniture,Sofa,3,539.83,102.2
ORD-11942,2023-04-04,Jessica Rodriguez,France,Europe,Clothing,Sneakers,7,780.1,373.55
ORD-11943,2023-03-03,Robert Smith,United Kingdom,Europe,Clothing,Jeans,11,1369.22,729.93
ORD-11944,2023-08-14,David Miller,United Kingdom,Europe,Software,Design Tool,14,1221.2,783.15
ORD-11945,2023-03-12,Emily Smith,United Kingdom,Europe,Electronics,Smartphone,5,2865.67,469.5
ORD-11946,2023-11-17,Olivia Smith,Germany,Europe,Electronics,Smartphone,1,619.28,107.04
ORD-11947,2023-01-20,John Jones,Germany,Europe,Furniture,Dining Table,13,9867.44,1614.2
ORD-11948,2023-12-25,David Martinez,Canada,North America,Electronics,Headphones,4,3404.38,701.84
ORD-11949,2023-01-22,David Martinez,United Kingdom,Europe,Electronics,Smartwatch,5,4144.57,786.18
ORD-11950,2023-11-07,Robert Davis,France,Europe,Furniture,Office Chair,4,1697.09,403.57
ORD-11951,2023-07-15,Olivia Rodriguez,France,Europe,Clothing,T-Shirt,7,966.35,566.9
ORD-11952,2023-05-27,John Davis,France,Europe,Software,Video Editor,5,560.3,466.37
ORD-11953,2023-04-04,Emma Rodriguez,France,Europe,Clothing,Sweater,10,1385.56,829.54
ORD-11954,2023-02-04,David Williams,United States,North America,Software,Office Suite,1,103.59,53.91
ORD-11955,2023-03-29,Sarah Johnson,Japan,Asia,Software,Antivirus,14,1254.25,960.94
ORD-11956,2023-12-05,David Johnson,Canada,North America,Electronics,Laptop,6,5211.38,1108.14
ORD-11957,2023-09-16,Olivia Davis,Japan,Asia,Furniture,Office Chair,2,1566.42,536.5
ORD-11958,2023-09-15,Olivia Jones,Japan,Asia,Electronics,Smartphone,9,10120.32,2369.42
ORD-11959,2023-03-24,Sarah Davis,United Kingdom,Europe,Clothing,Sweater,9,1042.81,385.78
ORD-11960,2023-07-11,Emily Smith,Japan,Asia,Furniture,Office Chair,13,1533.81,395.75
ORD-11961,2023-08-31,Sarah Williams,Germany,Europe,Furniture,Sofa,10,1595.9,429.51
ORD-11962,2023-12-09,Sarah Williams,Australia,Oceania,Software,Video Editor,5,1239.33,917.06
ORD-11963,2023-03-19,Emily Miller,Japan,Asia,Software,Antivirus,5,303.92,195.07
ORD-11964,2023-02-15,Olivia Miller,Germany,Europe,Electronics,Headphones,7,1373.56,322.7
ORD-11965,2023-09-07,David Rodriguez,United Kingdom,Europe,Furniture,Bookshelf,12,4370.05,749.03
ORD-11966,2023-12-04,James Williams,Japan,Asia,Clothing,T-Shirt,15,1479.26,630.89
ORD-11967,2023-11-09,James Miller,Canada,North America,Furniture,Bookshelf,15,7923.94,1229.19
ORD-11968,2023-03-19,Sarah Davis,Germany,Europe,Electronics,Laptop,9,4544.27,717.5
ORD-11969,2023-10-24,Emma Miller,Germany,Europe,Clothing,Sweater,9,326.32,147.09
ORD-11970,2023-04-24,David Rodriguez,Canada,North America,Software,Video Editor,12,2105.43,1569.88
ORD-11971,2023-05-13,James Davis,United Kingdom,Europe,Furniture,Dining Table,8,4170.88,682.48
ORD-11972,2023-02-02,Sarah Jones,Canada,North America,Electronics,Laptop,14,3760.31,881.45
ORD-11973,2023-07-03,Olivia Williams,United Kingdom,Europe,Furniture,Sofa,2,525.71,128.81
ORD-11974,2023-06-24,Michael Brown,United States,North America,Electronics,Headphones,6,4404.65,502.83
ORD-11975,2023-12-25,John Williams,Canada,North America,Clothing,Jacket,13,770.53,264.59
ORD-11976,2023-08-08,Jessica Smith,United States,North America,Furniture,Bookshelf,5,598.89,157.77
ORD-11977,2023-08-29,Emily Johnson,United States,North America,Furniture,Bookshelf,10,4767.68,1433.17
ORD-11978,2023-10-05,John Miller,Japan,Asia,Software,Video Editor,3,222.67,118.43
ORD-11979,2023-02-23,Emma Garcia,Japan,Asia,Furniture,Sofa,11,3999.29,811.88
ORD-11980,2023-10-03,Olivia Brown,Australia,Oceania,Software,Video Editor,9,1440.78,1256.54
ORD-11981,2023-12-19,Sarah Garcia,Germany,Europe,Clothing,Sweater,5,736.28,398.38
ORD-11982,2023-11-11,Michael Martinez,United States,North America,Furniture,Office Chair,14,8137.04,1998.06
ORD-11983,2023-07-15,John Garcia,Australia,Oceania,Electronics,Smartphone,8,1860.29,376.55
ORD-11984,2023-11-02,Robert Rodriguez,Canada,North America,Software,Office Suite,7,900.18,598.0
ORD-11985,2023-02-21,Robert Martinez,United Kingdom,Europe,Clothing,Jacket,435,42601.38,17623.97
ORD-11986,2023-10-21,David Williams,Australia,Oceania,Clothing,Sweater,10,525.28,164.98
ORD-11987,2023-12-16,David Rodriguez,France,Europe,Software,Design Tool,8,1220.92,770.1
ORD-11988,2023-01-08,David Garcia,United Kingdom,Europe,Software,Cloud Storage,8,1912.53,1216.31
ORD-11989,2023-08-19,David Garcia,Japan,Asia,Furniture,Desk,13,5908.44,1605.45
ORD-11990,2023-07-09,David Miller,United Kingdom,Europe,Software,Office Suite,14,2917.37,2357.73
ORD-11991,2023-01-28,Sarah Miller,Germany,Europe,Clothing,Sweater,10,651.13,-520.9
ORD-11992,2023-03-24,Michael Johnson,France,Europe,Furniture,Desk,5,1133.65,342.82
ORD-11993,2023-12-22,Emily Jones,France,Europe,Software,Office Suite,13,1677.02,883.68
ORD-11994,2023-04-01,David Johnson,United States,North America,Electronics,Headphones,15,17565.49,3082.82
ORD-11995,2023-09-22,James Smith,Japan,Asia,Electronics,Smartwatch,1,263.77,49.67
ORD-11996,2023-12-31,Emily Rodriguez,France,Europe,Furniture,Desk,14,2175.49,577.74
ORD-11997,2023-08-16,John Jones,Germany,Europe,Software,Office Suite,12,1825.65,1104.97
ORD-11998,2023-08-06,Sarah Williams,Canada,North America,Electronics,Laptop,1,364.09,50.13
ORD-11999,2023-06-25,Emma Miller,France,Europe,Clothing,Sweater,12,841.96,442.68
ORD-12000,2023-06-29,Michael Garcia,Japan,Asia,Clothing,Sweater,3,180.81,60.94
ORD-12001,2023-04-30,Robert Garcia,Canada,North America,Clothing,Jacket,13,1531.59,895.99
ORD-12002,2023-08-08,David Jones,Australia,Oceania,Clothing,Jacket,11,888.13,463.54
ORD-12003,2023-02-09,Sarah Williams,Canada,North America,Furniture,Desk,15,8985.71,2151.99
ORD-12004,2023-09-09,Olivia Johnson,Japan,Asia,Software,Design Tool,15,3650.83,2941.34
ORD-12005,2023-11-27,Michael Davis,Germany,Europe,Furniture,Office Chair,4,2829.31,738.5
ORD-12006,2023-02-07,Emily Garcia,United Kingdom,Europe,Electronics,Smartwatch,1,991.26,109.13
ORD-12007,2023-01-22,David Garcia,United Kingdom,Europe,Furniture,Office Chair,7,3683.52,1136.61
ORD-12008,2023-10-07,Robert Williams,Australia,Oceania,Clothing,Sweater,15,747.4,414.31
ORD-12009,2023-01-19,Sarah Rodriguez,United States,North America,Electronics,Tablet,8,5183.03,741.13
ORD-12010,2023-08-06,Jessica Williams,Canada,North America,Clothing,Jacket,5,695.91,408.26
ORD-12011,2023-01-28,Robert Brown,France,Europe,Clothing,T-Shirt,8,786.88,287.39
ORD-12012,2023-02-24,John Garcia,Japan,Asia,Furniture,Dining Table,2,405.92,97.95
ORD-12013,2023-05-11,Robert Miller,Australia,Oceania,Software,Video Editor,9,1607.61,903.48
ORD-12014,2023-11-03,John Jones,Australia,Oceania,Clothing,Sneakers,10,1114.0,614.1
ORD-12015,2023-08-19,Michael Jones,Canada,North America,Software,Office Suite,1,252.56,213.35
ORD-12016,2023-07-15,David Williams,Japan,Asia,Clothing,Jeans,15,697.28,325.65
ORD-12017,2023-03-25,Robert Brown,France,Europe,Furniture,Dining Table,13,2239.15,772.86
ORD-12018,2023-10-09,Emily Smith,Australia,Oceania,Software,Office Suite,15,2874.68,2568.13
ORD-12019,2023-01-26,Olivia Rodriguez,Japan,Asia,Furniture,Desk,3,554.37,173.65
ORD-12020,2023-03-31,John Smith,United Kingdom,Europe,Electronics,Smartwatch,7,4440.62,696.78
ORD-12021,2023-09-18,Olivia Rodriguez,United States,North America,Software,Design Tool,2,105.6,56.33
ORD-12022,2023-07-16,Sarah Jones,Germany,Europe,Electronics,Laptop,15,10960.26,2622.61
ORD-12023,2023-02-13,Olivia Rodriguez,Australia,Oceania,Electronics,Tablet,5,2960.99,629.69
ORD-12024,2023-03-12,Emma Garcia,Australia,Oceania,Clothing,Sneakers,14,2068.04,816.71
ORD-12025,2023-01-18,John Brown,United States,North America,Electronics,Tablet,14,13148.47,-10518.78
ORD-12026,2023-06-18,Olivia Miller,Germany,Europe,Software,Antivirus,6,329.32,255.42
ORD-12027,2023-07-19,James Jones,Australia,Oceania,Electronics,Smartphone,1,1100.24,174.88
ORD-12028,2023-02-14,Sarah Brown,Canada,North America,Clothing,T-Shirt,13,1015.47,403.32
ORD-12029,2023-10-30,David Martinez,Canada,North America,Software,Antivirus,9,1834.14,1186.53
ORD-12030,2023-08-09,James Rodriguez,United Kingdom,Europe,Furniture,Bookshelf,9,1787.21,459.06
ORD-12031,2023-07-27,Michael Miller,Japan,Asia,Software,Antivirus,9,976.68,657.68
ORD-12032,2023-10-17,Sarah Davis,Australia,Oceania,Software,Video Editor,2,282.04,182.87
ORD-12033,2023-07-05,Emily Johnson,United Kingdom,Europe,Software,Design Tool,1,223.3,132.8
ORD-12034,2023-03-09,James Garcia,United States,North America,Software,Video Editor,10,1897.67,1611.26
ORD-12035,2023-02-10,Robert Smith,Germany,Europe,Clothing,Jeans,2,243.83,99.57
ORD-12036,2023-08-24,Emily Davis,United States,North America,Clothing,T-Shirt,11,1289.57,575.77
ORD-12037,2023-02-08,Sarah Rodriguez,United Kingdom,Europe,Furniture,Bookshelf,2,1051.97,282.4
ORD-12038,2023-05-17,Michael Williams,France,Europe,Furniture,Dining Table,8,2671.9,714.81
ORD-12039,2023-12-29,David Garcia,Canada,North America,Clothing,Jeans,2,254.06,102.64
ORD-12040,2023-01-24,Jessica Miller,France,Europe,Furniture,Office Chair,14,7064.18,1238.11
ORD-12041,2023-01-01,Olivia Smith,France,Europe,Electronics,Smartphone,11,6261.9,1495.35
ORD-12042,2023-05-21,John Davis,France,Europe,Furniture,Desk,14,2732.92,873.23
ORD-12043,2023-09-15,Michael Rodriguez,United Kingdom,Europe,Clothing,Jacket,1,27.59,12.3
ORD-12044,2023-09-22,Michael Williams,Canada,North America,Clothing,Sneakers,4,126.85,75.87
ORD-12045,2023-07-11,John Davis,Japan,Asia,Electronics,Smartphone,13,6747.05,1243.95
ORD-12046,2023-02-16,Sarah Martinez,United States,North America,Clothing,T-Shirt,10,431.4,189.45
ORD-12047,2023-12-03,Sarah Garcia,Canada,North America,Furniture,Sofa,2,1246.54,197.86
ORD-12048,2023-08-14,John Martinez,Canada,North America,Furniture,Desk,1,122.98,20.19
ORD-12049,2023-12-15,John Smith,Germany,Europe,Software,Cloud Storage,15,3377.48,3023.49
ORD-12050,2023-10-21,David Rodriguez,Japan,Asia,Clothing,Jacket,4,501.58,171.67
ORD-12051,2023-07-31,Olivia Rodriguez,France,Europe,Furniture,Sofa,6,1152.32,232.1
ORD-12052,2023-03-01,James Johnson,Canada,North America,Furniture,Sofa,4,2653.37,828.35
ORD-12053,2023-02-06,John Jones,Canada,North America,Clothing,T-Shirt,3,197.2,92.38
ORD-12054,2023-12-17,Michael Johnson,United Kingdom,Europe,Software,Cloud Storage,4,1170.82,952.43
ORD-12055,2023-05-12,Robert Brown,France,Europe,Clothing,Jeans,7,622.25,262.4
ORD-12056,2023-08-11,John Miller,Japan,Asia,Software,Office Suite,10,1869.88,1675.21
ORD-12057,2023-10-05,Robert Brown,Germany,Europe,Clothing,Jeans,6,744.16,308.67
ORD-12058,2023-06-02,James Williams,Australia,Oceania,Electronics,Headphones,6,1234.36,274.58
ORD-12059,2023-01-26,James Garcia,Australia,Oceania,Software,Video Editor,6,828.66,535.06
ORD-12060,2023-10-17,Michael Smith,United Kingdom,Europe,Electronics,Smartwatch,15,7499.58,1611.28
ORD-12061,2023-11-19,David Smith,France,Europe,Electronics,Laptop,2,2297.19,573.19
ORD-12062,2023-07-18,Sarah Martinez,Japan,Asia,Electronics,Laptop,6,5974.28,1228.45
ORD-12063,2023-01-28,Michael Williams,France,Europe,Electronics,Tablet,12,9624.38,2289.7
ORD-12064,2023-12-24,Sarah Williams,Germany,Europe,Electronics,Smartphone,11,3211.94,532.09
ORD-12065,2023-10-17,Jessica Smith,Canada,North America,Electronics,Laptop,14,8239.91,1828.18
ORD-12066,2023-06-13,Sarah Garcia,United States,North America,Furniture,Desk,15,10724.33,3681.9
ORD-12067,2023-10-29,David Davis,Australia,Oceania,Clothing,T-Shirt,8,453.82,266.28
ORD-12068,2023-08-15,Emma Williams,Canada,North America,Software,Video Editor,9,561.41,360.17
ORD-12069,2023-07-07,John Brown,Australia,Oceania,Electronics,Smartphone,1,1181.7,169.19
ORD-12070,2023-06-05,John Brown,United Kingdom,Europe,Electronics,Smartphone,5,2578.1,620.43
ORD-12071,2023-01-24,Robert Martinez,France,Europe,Clothing,T-Shirt,2,181.12,88.4
ORD-12072,2023-12-01,Jessica Martinez,United Kingdom,Europe,Furniture,Dining Table,6,2053.65,616.11
ORD-12073,2023-10-18,Jessica Williams,Australia,Oceania,Electronics,Headphones,7,1569.36,170.9
ORD-12074,2023-10-23,John Smith,Japan,Asia,Software,Video Editor,7,2000.08,1727.14
ORD-12075,2023-10-07,James Davis,United States,North America,Software,Cloud Storage,1,244.57,209.88
ORD-12076,2023-05-17,Michael Brown,Japan,Asia,Furniture,Dining Table,14,4231.97,1126.6
ORD-12077,2023-04-26,John Smith,Germany,Europe,Software,Design Tool,8,1153.95,968.43
ORD-12078,2023-01-05,Emma Williams,Germany,Europe,Clothing,T-Shirt,2,168.24,100.21
ORD-12079,2023-07-20,Michael Jones,United Kingdom,Europe,Electronics,Tablet,9,3757.59,703.86
ORD-12080,2023-10-21,Michael Brown,Australia,Oceania,Furniture,Bookshelf,6,4195.25,687.81
ORD-12081,2023-10-20,John Miller,United States,North America,Electronics,Headphones,4,623.6,133.85
ORD-12082,2023-09-19,David Brown,France,Europe,Electronics,Laptop,15,16469.93,1865.35
ORD-12083,2023-03-11,Olivia Smith,United Kingdom,Europe,Clothing,Jacket,15,2078.58,831.9
ORD-12084,2023-10-12,Robert Davis,Japan,Asia,Clothing,Sweater,14,618.64,217.33
ORD-12085,2023-08-05,David Williams,Canada,North America,Software,Antivirus,4,1153.25,687.46
ORD-12086,2023-01-05,Michael Davis,United Kingdom,Europe,Clothing,Jacket,9,398.25,150.04
ORD-12087,2023-12-22,Olivia Williams,United States,North America,Electronics,Tablet,2,490.75,74.42
ORD-12088,2023-10-09,John Williams,Australia,Oceania,Furniture,Sofa,12,9242.46,1569.32
ORD-12089,2023-12-05,Michael Johnson,Australia,Oceania,Clothing,Sweater,13,470.39,221.96
ORD-12090,2023-12-18,Jessica Martinez,United States,North America,Electronics,Tablet,2,1922.89,337.41
ORD-12091,2023-06-20,Robert Rodriguez,Germany,Europe,Electronics,Smartwatch,15,7178.92,1525.12
ORD-12092,2023-03-27,Sarah Miller,France,Europe,Electronics,Smartphone,13,15496.47,2339.2
ORD-12093,2023-12-25,Olivia Brown,Japan,Asia,Electronics,Smartwatch,7,5523.63,680.43
ORD-12094,2023-03-30,Robert Jones,France,Europe,Clothing,Jacket,14,377.23,124.03
ORD-12095,2023-09-02,Michael Smith,United Kingdom,Europe,Electronics,Laptop,9,3369.95,485.89
ORD-12096,2023-04-28,Michael Williams,Canada,North America,Electronics,Headphones,2,882.59,152.77
ORD-12097,2023-03-09,Robert Johnson,United Kingdom,Europe,Electronics,Tablet,6,4536.83,937.22
ORD-12098,2023-03-06,John Williams,Australia,Oceania,Electronics,Laptop,1,440.85,91.33
ORD-12099,2023-03-09,Michael Davis,Canada,North America,Software,Cloud Storage,14,3956.29,3078.71
ORD-12100,2023-04-10,John Williams,Germany,Europe,Electronics,Tablet,6,6483.92,1044.39
ORD-12101,2023-12-16,John Garcia,United States,North America,Furniture,Sofa,8,3373.75,774.53
ORD-12102,2023-10-03,Emma Williams,Japan,Asia,Electronics,Smartphone,11,3519.93,667.84
ORD-12103,2023-12-18,Sarah Davis,Canada,North America,Clothing,Sneakers,14,1386.78,774.07
ORD-12104,2023-09-29,Emma Johnson,Australia,Oceania,Electronics,Headphones,4,4137.02,874.07
ORD-12105,2023-11-14,James Miller,United States,North America,Furniture,Desk,10,1568.12,507.64
ORD-12106,2023-09-07,John Rodriguez,France,Europe,Electronics,Headphones,7,5145.27,798.99
ORD-12107,2023-07-21,Emily Smith,Canada,North America,Software,Office Suite,12,1782.0,1000.04
ORD-12108,2023-07-21,Jessica Garcia,Canada,North America,Electronics,Headphones,10,4512.87,967.83
ORD-12109,2023-01-19,Emily Miller,Australia,Oceania,Software,Office Suite,11,1391.97,1124.83
ORD-12110,2023-08-02,Jessica Smith,Japan,Asia,Clothing,Sweater,7,292.22,104.3
ORD-12111,2023-03-10,James Johnson,France,Europe,Electronics,Headphones,3,1255.54,273.55
ORD-12112,2023-06-25,Robert Garcia,Canada,North America,Clothing,Jeans,2,216.59,120.22
ORD-12113,2023-10-01,Emily Martinez,United States,North America,Electronics,Smartwatch,15,8669.13,1698.46
ORD-12114,2023-12-31,Sarah Martinez,Canada,North America,Software,Cloud Storage,4,401.01,254.86
ORD-12115,2023-05-25,Emily Williams,United Kingdom,Europe,Clothing,T-Shirt,6,534.67,196.48
ORD-12116,2023-01-18,Emma Johnson,United Kingdom,Europe,Electronics,Headphones,14,11926.38,2086.24
ORD-12117,2023-05-17,Jessica Davis,Australia,Oceania,Software,Video Editor,11,1288.55,814.79
ORD-12118,2023-12-31,David Garcia,Japan,Asia,Furniture,Bookshelf,4,1622.44,426.48
ORD-12119,2023-07-21,James Martinez,Germany,Europe,Software,Antivirus,7,715.09,437.74
ORD-12120,2023-05-27,Jessica Smith,Germany,Europe,Electronics,Smartwatch,6,6729.35,1618.59
ORD-12121,2023-09-18,Sarah Garcia,Germany,Europe,Furniture,Sofa,10,1998.17,614.05
ORD-12122,2023-07-23,David Davis,France,Europe,Furniture,Office Chair,14,10441.85,1594.57
ORD-12123,2023-03-11,Emma Garcia,Germany,Europe,Electronics,Headphones,3,1662.14,398.86
ORD-12124,2023-05-16,Robert Martinez,Australia,Oceania,Furniture,Desk,13,9465.07,3201.01
ORD-12125,2023-06-12,David Brown,Germany,Europe,Electronics,Tablet,10,5832.82,1158.79
ORD-12126,2023-12-15,John Smith,United States,North America,Electronics,Tablet,9,9117.44,2169.61
ORD-12127,2023-02-10,Jessica Rodriguez,United States,North America,Software,Antivirus,15,4247.0,2600.61
ORD-12128,2023-12-03,David Williams,Germany,Europe,Software,Video Editor,13,2147.13,1302.93
ORD-12129,2023-09-13,John Johnson,Australia,Oceania,Software,Office Suite,11,3203.4,2716.09
ORD-12130,2023-01-13,Robert Miller,Australia,Oceania,Clothing,Jeans,4,550.57,241.61
ORD-12131,2023-07-24,Jessica Miller,France,Europe,Furniture,Desk,8,819.07,168.51
ORD-12132,2023-01-24,Jessica Williams,Canada,North America,Software,Video Editor,2,112.29,98.19
ORD-12133,2023-12-04,John Smith,Japan,Asia,Electronics,Laptop,8,8393.21,1063.65
ORD-12134,2023-04-06,Jessica Davis,Germany,Europe,Furniture,Office Chair,7,829.7,174.42
ORD-12135,2023-03-05,Emma Miller,Australia,Oceania,Electronics,Tablet,3,3311.56,429.74
ORD-12136,2023-06-27,Jessica Williams,Japan,Asia,Software,Office Suite,15,3453.17,2556.63
ORD-12137,2023-11-20,Emily Brown,Australia,Oceania,Clothing,Jeans,12,822.71,398.69
ORD-12138,2023-12-04,Emma Brown,Canada,North America,Furniture,Desk,3,1643.87,500.02
ORD-12139,2023-11-12,Emma Rodriguez,Australia,Oceania,Furniture,Office Chair,5,1772.57,433.81
ORD-12140,2023-04-24,Jessica Brown,Canada,North America,Furniture,Desk,7,2791.43,701.92
ORD-12141,2023-07-23,Sarah Smith,France,Europe,Software,Antivirus,9,871.73,647.57
ORD-12142,2023-09-16,Michael Brown,United States,North America,Software,Antivirus,2,107.08,58.88
ORD-12143,2023-11-27,Robert Brown,Germany,Europe,Furniture,Office Chair,14,6231.35,1923.94
ORD-12144,2023-05-15,Robert Jones,Australia,Oceania,Software,Design Tool,4,524.31,420.23
ORD-12145,2023-04-21,Michael Williams,United Kingdom,Europe,Furniture,Dining Table,1,544.32,163.77
ORD-12146,2023-06-27,Robert Martinez,United Kingdom,Europe,Furniture,Desk,3,1841.93,406.6
ORD-12147,2023-11-13,Jessica Brown,United Kingdom,Europe,Clothing,T-Shirt,15,1059.74,582.79
ORD-12148,2023-09-03,Emma Johnson,Australia,Oceania,Electronics,Smartwatch,1,435.13,88.14
ORD-12149,2023-05-01,John Davis,United States,North America,Clothing,Jeans,14,1297.18,507.8
ORD-12150,2023-06-15,Michael Smith,Japan,Asia,Electronics,Laptop,13,7210.26,1155.04
ORD-12151,2023-05-27,James Brown,Canada,North America,Software,Cloud Storage,7,460.7,364.97
ORD-12152,2023-07-05,Jessica Jones,United States,North America,Electronics,Laptop,15,12112.8,1333.55
ORD-12153,2023-05-18,Sarah Johnson,Australia,Oceania,Clothing,Jacket,7,387.17,182.31
ORD-12154,2023-07-12,Olivia Brown,Japan,Asia,Clothing,Sneakers,9,761.08,412.09
ORD-12155,2023-01-01,Michael Smith,Canada,North America,Clothing,Jeans,7,1028.52,514.26
ORD-12156,2023-11-30,Emily Johnson,Canada,North America,Furniture,Office Chair,3,945.71,319.8
ORD-12157,2023-08-09,Olivia Miller,Canada,North America,Software,Video Editor,10,2118.17,1403.06
ORD-12158,2023-08-31,Emma Johnson,Japan,Asia,Furniture,Sofa,8,5801.9,1138.71
ORD-12159,2023-04-05,Michael Davis,Canada,North America,Software,Antivirus,8,2318.29,1804.05
ORD-12160,2023-11-15,Emily Rodriguez,Japan,Asia,Software,Cloud Storage,4,1040.66,909.94
ORD-12161,2023-10-20,David Brown,Australia,Oceania,Electronics,Smartwatch,2,1622.93,255.34
ORD-12162,2023-09-20,Olivia Garcia,United States,North America,Furniture,Desk,2,402.62,73.16
ORD-12163,2023-01-13,Jessica Davis,Germany,Europe,Software,Cloud Storage,5,953.8,650.91
ORD-12164,2023-01-04,John Smith,France,Europe,Furniture,Sofa,9,3824.88,807.94
ORD-12165,2023-08-11,Emily Miller,Canada,North America,Clothing,Sweater,8,776.81,448.22
ORD-12166,2023-08-03,Emma Miller,United States,North America,Clothing,Sneakers,12,1785.35,673.22
ORD-12167,2023-07-28,Emma Garcia,United States,North America,Clothing,Jeans,8,367.15,175.01
ORD-12168,2023-10-17,James Martinez,Germany,Europe,Furniture,Sofa,8,1242.84,405.84
ORD-12169,2023-03-12,Olivia Miller,Germany,Europe,Furniture,Bookshelf,4,538.73,120.78
ORD-12170,2023-04-02,Jessica Garcia,United States,North America,Electronics,Laptop,9,2872.42,465.41
ORD-12171,2023-05-01,Sarah Garcia,Germany,Europe,Clothing,Sweater,10,1304.92,720.51
ORD-12172,2023-07-21,Jessica Jones,Japan,Asia,Software,Design Tool,4,498.54,315.16
ORD-12173,2023-04-24,David Jones,Germany,Europe,Electronics,Headphones,10,2773.78,514.28
ORD-12174,2023-11-08,Emma Jones,United Kingdom,Europe,Clothing,Sweater,8,456.49,215.68
ORD-12175,2023-05-16,John Rodriguez,France,Europe,Furniture,Desk,4,533.68,115.08
ORD-12176,2023-09-02,Emma Martinez,Japan,Asia,Clothing,T-Shirt,4,162.0,95.61
ORD-12177,2023-10-20,Emily Williams,Canada,North America,Electronics,Laptop,2,2106.88,451.4
ORD-12178,2023-09-23,Jessica Brown,Germany,Europe,Clothing,Sneakers,6,382.61,206.65
ORD-12179,2023-03-06,John Brown,Canada,North America,Electronics,Smartphone,5,2210.22,364.52
ORD-12180,2023-03-17,Olivia Brown,United States,North America,Electronics,Smartphone,3,3276.3,757.47
ORD-12181,2023-02-28,Emma Davis,Canada,North America,Clothing,Sneakers,14,928.36,475.41
ORD-12182,2023-10-26,Jessica Davis,Germany,Europe,Electronics,Smartwatch,7,8185.76,915.43
ORD-12183,2023-02-05,David Garcia,United Kingdom,Europe,Clothing,Jeans,5,552.25,231.37
ORD-12184,2023-04-25,Robert Rodriguez,United States,North America,Clothing,T-Shirt,15,699.17,396.48
ORD-12185,2023-03-22,Michael Smith,France,Europe,Furniture,Desk,5,2101.32,392.15
ORD-12186,2023-02-25,John Jones,Australia,Oceania,Furniture,Sofa,12,6067.34,1522.22
ORD-12187,2023-12-03,James Rodriguez,Canada,North America,Electronics,Smartphone,9,8829.39,2192.22
ORD-12188,2023-12-29,Michael Martinez,Australia,Oceania,Clothing,Sneakers,13,1244.54,392.08
ORD-12189,2023-02-15,Emily Davis,Australia,Oceania,Clothing,T-Shirt,8,434.04,259.58
ORD-12190,2023-06-13,John Williams,Canada,North America,Furniture,Dining Table,13,8501.51,1898.58
ORD-12191,2023-10-14,Olivia Jones,United Kingdom,Europe,Software,Design Tool,6,571.76,457.78
ORD-12192,2023-03-23,Emma Brown,Canada,North America,Furniture,Dining Table,3,1609.58,316.69
ORD-12193,2023-06-19,James Martinez,United Kingdom,Europe,Electronics,Laptop,4,4286.82,576.4
ORD-12194,2023-07-29,Emily Davis,Germany,Europe,Electronics,Smartphone,11,12055.44,2622.02
ORD-12195,2023-01-06,Emily Miller,Canada,North America,Furniture,Sofa,10,5269.73,1581.87
ORD-12196,2023-01-30,Michael Jones,Australia,Oceania,Clothing,Jeans,1,30.17,17.23
ORD-12197,2023-10-25,Robert Jones,Australia,Oceania,Software,Office Suite,4,229.04,139.33
ORD-12198,2023-03-09,John Williams,Canada,North America,Clothing,Sneakers,2,286.1,154.46
ORD-12199,2023-01-09,Sarah Davis,Canada,North America,Furniture,Desk,11,7237.43,1509.26
ORD-12200,2023-08-13,James Jones,United States,North America,Software,Antivirus,14,3910.7,2959.92
ORD-12201,2023-05-14,James Johnson,Germany,Europe,Furniture,Bookshelf,1,370.42,102.96
ORD-12202,2023-08-14,Michael Davis,Canada,North America,Furniture,Bookshelf,9,6394.92,1041.21
ORD-12203,2023-01-21,Olivia Garcia,Japan,Asia,Software,Design Tool,13,2384.77,1872.15
ORD-12204,2023-03-17,Emma Davis,Australia,Oceania,Furniture,Desk,8,4011.06,1356.13
ORD-12205,2023-03-08,Sarah Johnson,United States,North America,Electronics,Smartphone,9,5677.06,1004.99
ORD-12206,2023-12-19,Robert Miller,Germany,Europe,Electronics,Smartphone,8,8382.49,1923.3
ORD-12207,2023-01-19,Emma Martinez,Australia,Oceania,Furniture,Bookshelf,2,1022.86,280.15
ORD-12208,2023-04-02,Olivia Garcia,Germany,Europe,Electronics,Tablet,2,662.59,80.38
ORD-12209,2023-05-11,Emma Brown,France,Europe,Software,Office Suite,3,166.1,140.0
ORD-12210,2023-07-12,Michael Miller,United States,North America,Clothing,Jacket,10,1342.79,556.92
ORD-12211,2023-01-01,Robert Brown,United Kingdom,Europe,Furniture,Bookshelf,5,1557.15,506.76
ORD-12212,2023-09-15,Robert Davis,Germany,Europe,Clothing,T-Shirt,5,402.01,217.62
ORD-12213,2023-11-11,James Rodriguez,Germany,Europe,Clothing,T-Shirt,10,1195.92,471.15
ORD-12214,2023-09-12,David Martinez,France,Europe,Furniture,Sofa,7,3809.84,730.88
ORD-12215,2023-06-12,James Brown,Japan,Asia,Clothing,Jeans,8,1118.13,494.49
ORD-12216,2023-07-03,Olivia Williams,United Kingdom,Europe,Electronics,Tablet,2,2160.23,329.2
ORD-12217,2023-11-06,Michael Smith,Canada,North America,Clothing,Sweater,12,1686.82,582.41
ORD-12218,2023-06-15,James Brown,United States,North America,Electronics,Laptop,10,4836.33,1033.13
ORD-12219,2023-04-30,James Brown,France,Europe,Software,Office Suite,11,1673.67,1390.26
ORD-12220,2023-04-03,John Miller,Australia,Oceania,Software,Antivirus,6,1294.87,970.38
ORD-12221,2023-10-10,Jessica Johnson,Australia,Oceania,Furniture,Desk,12,2098.54,589.56
ORD-12222,2023-01-23,David Martinez,United States,North America,Furniture,Desk,2,1346.49,224.52
ORD-12223,2023-03-30,Sarah Garcia,United States,North America,Clothing,Sweater,11,1523.73,508.61
ORD-12224,2023-08-11,Robert Miller,United Kingdom,Europe,Software,Design Tool,5,1367.04,740.38
ORD-12225,2023-06-17,David Rodriguez,Japan,Asia,Electronics,Tablet,5,5941.31,1262.6
ORD-12226,2023-01-01,John Miller,Australia,Oceania,Furniture,Dining Table,15,6776.0,2280.04
ORD-12227,2023-09-03,Emma Garcia,Japan,Asia,Clothing,Sneakers,11,794.47,463.75
ORD-12228,2023-03-02,Olivia Miller,Germany,Europe,Furniture,Desk,5,2804.76,483.42
ORD-12229,2023-03-16,Michael Johnson,France,Europe,Furniture,Desk,1,313.95,51.11
ORD-12230,2023-05-10,Robert Brown,Japan,Asia,Electronics,Headphones,12,7918.53,1398.9
ORD-12231,2023-12-25,Sarah Johnson,Canada,North America,Software,Video Editor,8,706.85,568.41
ORD-12232,2023-11-10,David Martinez,Japan,Asia,Electronics,Laptop,9,7949.02,927.13
ORD-12233,2023-04-23,James Miller,United States,North America,Software,Antivirus,200,44409.44,25190.66
ORD-12234,2023-03-24,Robert Garcia,Australia,Oceania,Furniture,Dining Table,7,1623.91,274.88
ORD-12235,2023-06-17,Michael Jones,United States,North America,Furniture,Dining Table,15,3966.9,1158.16
ORD-12236,2023-12-19,Michael Miller,Japan,Asia,Furniture,Dining Table,13,6864.33,1111.53
ORD-12237,2023-08-10,Michael Davis,Australia,Oceania,Software,Office Suite,14,1494.98,1252.1
ORD-12238,2023-09-14,Olivia Miller,United Kingdom,Europe,Furniture,Desk,14,6139.79,2026.29
ORD-12239,2023-11-22,Sarah Rodriguez,Germany,Europe,Software,Office Suite,7,1146.03,686.62
ORD-12240,2023-02-25,John Johnson,Canada,North America,Furniture,Desk,11,4994.98,905.94
ORD-12241,2023-11-08,Michael Johnson,Australia,Oceania,Furniture,Bookshelf,15,3461.77,1029.65
ORD-12242,2023-09-28,Emily Garcia,United States,North America,Electronics,Tablet,15,9845.89,1554.14
ORD-12243,2023-11-19,Jessica Martinez,France,Europe,Furniture,Office Chair,11,8021.18,2066.62
ORD-12244,2023-05-17,Emma Johnson,Australia,Oceania,Furniture,Sofa,10,4112.16,953.82
ORD-12245,2023-12-22,Sarah Garcia,Japan,Asia,Software,Video Editor,14,2566.34,1536.67
ORD-12246,2023-12-05,Emily Williams,Germany,Europe,Electronics,Laptop,12,6723.94,1044.2
ORD-12247,2023-10-01,James Williams,France,Europe,Clothing,Sweater,14,451.45,179.27
ORD-12248,2023-09-17,Olivia Martinez,Japan,Asia,Furniture,Bookshelf,6,1538.77,314.78
ORD-12249,2023-01-05,Emily Jones,Australia,Oceania,Furniture,Dining Table,14,7356.73,1758.33
ORD-12250,2023-11-13,James Miller,United Kingdom,Europe,Clothing,T-Shirt,13,1000.0,485.62
ORD-12251,2023-01-02,Robert Martinez,Japan,Asia,Software,Cloud Storage,11,2419.22,1456.28
ORD-12252,2023-10-20,David Miller,Japan,Asia,Clothing,T-Shirt,9,406.44,196.1
ORD-12253,2023-02-27,James Davis,Germany,Europe,Furniture,Bookshelf,14,5891.69,1995.78
ORD-12254,2023-10-25,Robert Rodriguez,France,Europe,Electronics,Tablet,5,4826.13,868.97
ORD-12255,2023-01-06,Olivia Williams,Germany,Europe,Software,Antivirus,6,1747.28,956.3
ORD-12256,2023-03-25,James Williams,United States,North America,Software,Antivirus,7,1050.38,757.48
ORD-12257,2023-10-06,Michael Jones,United States,North America,Clothing,Jacket,9,302.12,110.71
ORD-12258,2023-10-21,Robert Brown,Japan,Asia,Electronics,Headphones,8,3763.02,836.22
ORD-12259,2023-11-01,Emily Jones,Japan,Asia,Electronics,Smartwatch,6,3520.76,809.16
ORD-12260,2023-07-09,John Smith,France,Europe,Electronics,Laptop,1,863.64,179.66
ORD-12261,2023-02-22,Olivia Martinez,France,Europe,Clothing,Jeans,1,138.45,81.01
ORD-12262,2023-10-13,David Martinez,United States,North America,Furniture,Sofa,9,5089.29,1676.62
ORD-12263,2023-10-19,John Rodriguez,France,Europe,Software,Antivirus,11,875.37,602.99
ORD-12264,2023-01-18,John Johnson,Australia,Oceania,Furniture,Sofa,6,4331.93,756.25
ORD-12265,2023-06-05,David Williams,Germany,Europe,Electronics,Tablet,8,3503.77,530.62
ORD-12266,2023-07-11,Michael Jones,France,Europe,Electronics,Tablet,3,2930.3,348.43
ORD-12267,2023-11-09,Olivia Miller,Germany,Europe,Software,Office Suite,6,1698.66,1371.24
ORD-12268,2023-04-03,Sarah Martinez,Canada,North America,Electronics,Headphones,4,1504.91,293.88
ORD-12269,2023-01-16,David Davis,France,Europe,Clothing,Sneakers,15,1058.16,489.25
ORD-12270,2023-07-10,Olivia Brown,Germany,Europe,Software,Cloud Storage,3,222.29,184.42
ORD-12271,2023-06-10,John Davis,United Kingdom,Europe,Electronics,Laptop,5,2498.34,380.13
ORD-12272,2023-11-02,John Smith,Australia,Oceania,Furniture,Sofa,3,1682.67,570.93
ORD-12273,2023-08-30,Emma Williams,United States,North America,Software,Design Tool,3,469.2,285.4
ORD-12274,2023-05-07,Olivia Garcia,Australia,Oceania,Clothing,Jacket,9,559.93,198.37
ORD-12275,2023-12-15,Jessica Williams,United Kingdom,Europe,Clothing,T-Shirt,7,245.25,110.54
ORD-12276,2023-02-13,Emily Johnson,Japan,Asia,Electronics,Headphones,15,3072.55,699.78
ORD-12277,2023-11-03,Sarah Jones,Germany,Europe,Software,Design Tool,5,586.56,347.32
ORD-12278,2023-07-02,Michael Jones,United Kingdom,Europe,Software,Video Editor,12,2830.05,2243.95
ORD-12279,2023-08-25,Sarah Garcia,Canada,North America,Clothing,Sweater,8,367.42,142.12
ORD-12280,2023-01-19,Jessica Brown,United Kingdom,Europe,Software,Video Editor,9,518.14,299.53
ORD-12281,2023-02-12,Sarah Brown,France,Europe,Furniture,Dining Table,15,7809.19,1455.98
ORD-12282,2023-08-31,Robert Rodriguez,Japan,Asia,Furniture,Dining Table,2,693.68,128.2
ORD-12283,2023-01-05,David Rodriguez,United Kingdom,Europe,Software,Office Suite,6,1326.41,829.52
ORD-12284,2023-06-06,James Garcia,Australia,Oceania,Furniture,Bookshelf,12,3101.98,969.16
ORD-12285,2023-02-21,Robert Martinez,United States,North America,Electronics,Headphones,7,6088.86,780.58
ORD-12286,2023-09-12,Sarah Davis,France,Europe,Software,Design Tool,15,1359.69,1119.88
ORD-12287,2023-06-08,Emma Brown,United States,North America,Software,Office Suite,10,2011.5,1212.49
ORD-12288,2023-08-09,David Garcia,Canada,North America,Electronics,Smartwatch,10,7538.71,1647.54
ORD-12289,2023-01-25,Robert Martinez,United States,North America,Clothing,Sneakers,4,380.27,174.69
ORD-12290,2023-12-29,Jessica Williams,Australia,Oceania,Electronics,Smartphone,9,6967.56,1390.28
ORD-12291,2023-03-29,David Miller,Germany,Europe,Clothing,Sweater,13,1133.23,550.5
ORD-12292,2023-12-10,Olivia Davis,Canada,North America,Clothing,Sneakers,3,278.81,156.98
ORD-12293,2023-06-18,Olivia Garcia,France,Europe,Furniture,Dining Table,12,2133.76,572.84
ORD-12294,2023-08-14,Olivia Davis,United States,North America,Electronics,Laptop,5,3526.29,451.82
ORD-12295,2023-08-20,Sarah Davis,Canada,North America,Electronics,Headphones,13,9875.18,1430.79
ORD-12296,2023-02-20,David Brown,Germany,Europe,Software,Design Tool,13,3490.01,2475.22
ORD-12297,2023-02-23,Sarah Williams,Japan,Asia,Furniture,Office Chair,4,1878.86,410.24
ORD-12298,2023-02-28,Sarah Martinez,Japan,Asia,Furniture,Dining Table,8,5472.04,908.12
ORD-12299,2023-10-23,John Smith,Germany,Europe,Furniture,Office Chair,8,3420.86,545.28
ORD-12300,2023-08-06,James Martinez,Japan,Asia,Furniture,Desk,14,9135.32,1533.69
ORD-12301,2023-09-16,Robert Smith,Germany,Europe,Software,Antivirus,13,3367.44,2112.62
ORD-12302,2023-01-11,Sarah Johnson,France,Europe,Furniture,Dining Table,2,214.61,73.33
ORD-12303,2023-10-21,Emily Jones,Canada,North America,Furniture,Bookshelf,6,1109.3,326.91
ORD-12304,2023-12-20,Robert Garcia,United States,North America,Electronics,Smartwatch,12,3350.01,477.41
ORD-12305,2023-06-03,Emma Davis,United Kingdom,Europe,Furniture,Sofa,2,1468.09,494.06
ORD-12306,2023-09-12,Emma Miller,Japan,Asia,Software,Office Suite,15,2399.52,1408.07
ORD-12307,2023-11-03,James Martinez,Australia,Oceania,Furniture,Desk,6,1616.38,442.46
ORD-12308,2023-06-20,Robert Garcia,Australia,Oceania,Software,Antivirus,6,1249.3,770.52
ORD-12309,2023-11-30,Jessica Miller,United States,North America,Software,Office Suite,10,1718.36,986.98
ORD-12310,2023-02-21,James Jones,United States,North America,Furniture,Sofa,11,5823.52,1642.26
ORD-12311,2023-08-30,Emily Williams,United Kingdom,Europe,Software,Antivirus,14,1254.43,925.52
ORD-12312,2023-07-13,James Smith,Australia,Oceania,Clothing,Jeans,5,215.11,69.84
ORD-12313,2023-02-05,James Johnson,Germany,Europe,Electronics,Smartphone,10,11991.35,2029.82
ORD-12314,2023-04-15,Jessica Rodriguez,Australia,Oceania,Clothing,Sneakers,14,763.39,452.38
ORD-12315,2023-04-07,Robert Rodriguez,United States,North America,Electronics,Laptop,8,9433.09,955.01
ORD-12316,2023-04-17,James Williams,France,Europe,Electronics,Headphones,11,4643.33,652.8
ORD-12317,2023-10-24,Emma Martinez,Canada,North America,Clothing,Jeans,15,342.14,144.91
ORD-12318,2023-09-11,James Jones,France,Europe,Electronics,Smartwatch,3,995.37,179.65
ORD-12319,2023-09-18,Emily Jones,Japan,Asia,Clothing,Jacket,2,262.48,97.42
ORD-12320,2023-10-03,Emily Williams,Germany,Europe,Software,Antivirus,8,931.76,539.13
ORD-12321,2023-10-11,Robert Johnson,France,Europe,Electronics,Tablet,14,14331.88,2015.76
ORD-12322,2023-01-18,Emma Jones,Canada,North America,Furniture,Dining Table,9,5688.04,1878.36
ORD-12323,2023-10-08,Emily Davis,United Kingdom,Europe,Clothing,Sweater,4,460.8,167.89
ORD-12324,2023-08-19,John Jones,France,Europe,Electronics,Laptop,12,1906.2,194.18
ORD-12325,2023-04-09,Robert Miller,Germany,Europe,Electronics,Laptop,9,2556.92,306.79
ORD-12326,2023-01-21,David Johnson,United Kingdom,Europe,Furniture,Desk,15,2392.42,375.54
ORD-12327,2023-08-25,Michael Smith,France,Europe,Clothing,Jacket,2,45.12,23.11
ORD-12328,2023-12-27,David Johnson,Japan,Asia,Furniture,Desk,5,1799.31,550.87
ORD-12329,2023-02-08,John Martinez,Australia,Oceania,Software,Video Editor,5,373.49,281.51
ORD-12330,2023-05-22,Robert Davis,Canada,North America,Electronics,Smartwatch,12,11065.77,1894.46
ORD-12331,2023-10-22,James Brown,Germany,Europe,Furniture,Desk,6,928.14,231.29
ORD-12332,2023-04-05,David Smith,United Kingdom,Europe,Clothing,Jeans,3,223.49,74.28
ORD-12333,2023-01-19,Emma Jones,United States,North America,Software,Video Editor,7,523.63,341.72
ORD-12334,2023-03-18,Robert Miller,United States,North America,Software,Office Suite,1,283.56,158.96
ORD-12335,2023-06-21,Emma Miller,Japan,Asia,Software,Office Suite,2,385.62,223.13
ORD-12336,2023-01-16,John Garcia,Japan,Asia,Software,Design Tool,10,1282.47,671.98
ORD-12337,2023-06-20,Olivia Smith,United Kingdom,Europe,Electronics,Tablet,4,3184.41,361.18
ORD-12338,2023-12-02,Emily Williams,United States,North America,Furniture,Office Chair,2,485.87,151.88
ORD-12339,2023-09-18,Emily Johnson,Australia,Oceania,Software,Design Tool,3,289.23,147.5
ORD-12340,2023-12-30,David Miller,Germany,Europe,Electronics,Tablet,2,1495.91,272.37
ORD-12341,2023-08-31,John Davis,United States,North America,Clothing,Jacket,4,291.67,173.54
ORD-12342,2023-06-04,David Williams,United Kingdom,Europe,Furniture,Bookshelf,3,494.97,113.58
ORD-12343,2023-04-20,Olivia Jones,United Kingdom,Europe,Electronics,Laptop,12,13314.67,2658.25
ORD-12344,2023-06-06,Emily Davis,Germany,Europe,Furniture,Sofa,10,1158.23,329.96
ORD-12345,2023-06-30,Jessica Johnson,Australia,Oceania,Furniture,Desk,8,3090.26,866.23
ORD-12346,2023-10-13,John Williams,Germany,Europe,Clothing,Jacket,14,1539.52,731.74
ORD-12347,2023-01-19,Michael Johnson,France,Europe,Electronics,Smartwatch,11,2925.58,711.68
ORD-12348,2023-02-16,Michael Miller,Canada,North America,Software,Cloud Storage,12,2419.95,1728.68
ORD-12349,2023-10-12,James Rodriguez,France,Europe,Software,Office Suite,4,663.61,597.02
ORD-12350,2023-09-27,David Jones,Japan,Asia,Software,Cloud Storage,1,177.79,105.3
ORD-12351,2023-02-15,Olivia Johnson,Japan,Asia,Electronics,Tablet,5,4003.48,741.0
ORD-12352,2023-01-23,John Miller,Germany,Europe,Furniture,Sofa,10,7733.63,2127.25
ORD-12353,2023-06-16,Emma Jones,Canada,North America,Clothing,Sweater,7,386.08,225.23
ORD-12354,2023-03-02,Emma Martinez,United Kingdom,Europe,Software,Cloud Storage,5,789.62,441.57
ORD-12355,2023-02-03,Michael Brown,United Kingdom,Europe,Software,Office Suite,211,11317.24,9744.88
ORD-12356,2023-02-01,John Smith,United States,North America,Software,Office Suite,13,1598.0,1255.59
ORD-12357,2023-10-31,Sarah Martinez,United Kingdom,Europe,Electronics,Smartphone,9,6274.32,1350.34
ORD-12358,2023-03-04,David Johnson,United States,North America,Software,Antivirus,1,194.91,164.18
ORD-12359,2023-11-18,Michael Brown,Japan,Asia,Furniture,Sofa,4,3014.69,899.68
ORD-12360,2023-10-23,Emily Martinez,Japan,Asia,Electronics,Tablet,1,718.87,150.93
ORD-12361,2023-02-12,Robert Miller,Canada,North America,Software,Cloud Storage,7,778.65,405.1
ORD-12362,2023-10-29,Robert Jones,Canada,North America,Furniture,Desk,7,1281.83,217.09
ORD-12363,2023-02-12,Sarah Rodriguez,France,Europe,Electronics,Headphones,2,1690.52,309.86
ORD-12364,2023-06-18,Robert Williams,Germany,Europe,Clothing,Jeans,1,44.58,16.85
ORD-12365,2023-02-05,Jessica Brown,United States,North America,Clothing,Jeans,5,368.37,113.82
ORD-12366,2023-11-07,Olivia Jones,Japan,Asia,Clothing,Sweater,15,1672.9,935.1
ORD-12367,2023-01-28,Sarah Smith,United Kingdom,Europe,Furniture,Bookshelf,15,8261.61,1265.73
ORD-12368,2023-10-04,Sarah Rodriguez,Canada,North America,Furniture,Desk,11,2813.19,673.33
ORD-12369,2023-01-01,Michael Miller,Germany,Europe,Furniture,Office Chair,9,3083.9,1009.82
ORD-12370,2023-06-16,Michael Davis,Australia,Oceania,Furniture,Bookshelf,11,8576.23,1992.41
ORD-12371,2023-06-26,Emily Smith,United Kingdom,Europe,Electronics,Headphones,2,634.89,72.51
ORD-12372,2023-10-10,Jessica Johnson,United Kingdom,Europe,Electronics,Tablet,2,1619.52,352.97
ORD-12373,2023-10-17,John Jones,Germany,Europe,Software,Antivirus,15,868.9,595.94
ORD-12374,2023-05-16,James Miller,United States,North America,Electronics,Smartphone,2,568.35,77.49
ORD-12375,2023-01-16,Sarah Williams,United States,North America,Furniture,Desk,10,6145.06,2058.88
ORD-12376,2023-02-15,Michael Smith,Germany,Europe,Clothing,Sweater,12,823.85,370.18
ORD-12377,2023-06-16,Emma Jones,Canada,North America,Clothing,Sneakers,12,311.77,175.4
ORD-12378,2023-08-14,James Brown,United Kingdom,Europe,Clothing,Sneakers,14,2038.84,677.14
ORD-12379,2023-01-04,Jessica Davis,United Kingdom,Europe,Furniture,Bookshelf,8,5533.93,1117.27
ORD-12380,2023-02-12,Emily Miller,France,Europe,Furniture,Desk,6,3778.82,1133.23
ORD-12381,2023-12-09,Michael Miller,France,Europe,Software,Antivirus,9,1331.97,888.85
ORD-12382,2023-12-24,James Williams,Germany,Europe,Furniture,Bookshelf,2,1538.95,422.1
ORD-12383,2023-10-07,Emily Rodriguez,France,Europe,Clothing,Sweater,5,407.65,223.78
ORD-12384,2023-01-31,Emma Garcia,Japan,Asia,Electronics,Smartphone,7,8216.01,955.75
ORD-12385,2023-10-17,Emily Jones,Japan,Asia,Furniture,Desk,4,1276.98,260.98
ORD-12386,2023-06-07,James Miller,United States,North America,Furniture,Office Chair,3,482.45,148.66
ORD-12387,2023-11-06,Jessica Williams,Germany,Europe,Clothing,Jacket,10,1221.35,372.7
ORD-12388,2023-05-22,David Johnson,Australia,Oceania,Electronics,Smartphone,11,9853.47,1714.1
ORD-12389,2023-02-11,Robert Williams,Japan,Asia,Software,Office Suite,1,264.29,177.5
ORD-12390,2023-12-13,Olivia Jones,Germany,Europe,Furniture,Office Chair,9,4155.95,1111.04
ORD-12391,2023-07-27,James Jones,United States,North America,Electronics,Headphones,14,3545.59,408.15
ORD-12392,2023-03-24,Jessica Jones,United States,North America,Furniture,Bookshelf,2,1323.01,247.8
ORD-12393,2023-12-29,James Smith,United States,North America,Clothing,Sweater,12,1723.66,736.29
ORD-12394,2023-09-12,Michael Johnson,United Kingdom,Europe,Software,Antivirus,1,100.66,52.85
ORD-12395,2023-11-01,Emily Rodriguez,United States,North America,Electronics,Smartphone,2,1995.93,209.3
ORD-12396,2023-09-01,Sarah Brown,Germany,Europe,Electronics,Tablet,12,3046.16,680.5
ORD-12397,2023-08-01,John Johnson,Japan,Asia,Software,Office Suite,13,3860.01,2477.78
ORD-12398,2023-01-27,Robert Jones,Canada,North America,Electronics,Smartwatch,11,4940.54,1218.97
ORD-12399,2023-06-18,Jessica Smith,Japan,Asia,Electronics,Smartphone,4,4624.46,698.8
ORD-12400,2023-12-28,Sarah Smith,United Kingdom,Europe,Software,Office Suite,9,1639.09,1388.13
ORD-12401,2023-01-02,Emily Williams,Australia,Oceania,Software,Video Editor,13,832.77,491.9
ORD-12402,2023-02-24,James Smith,France,Europe,Electronics,Smartwatch,8,9397.96,1157.78
ORD-12403,2023-11-02,Olivia Miller,Australia,Oceania,Clothing,Sneakers,8,965.89,444.93
ORD-12404,2023-04-27,John Davis,Canada,North America,Software,Video Editor,14,1071.15,922.45
ORD-12405,2023-10-08,John Rodriguez,Germany,Europe,Clothing,Jacket,8,1061.82,477.98
ORD-12406,2023-05-12,David Brown,Australia,Oceania,Furniture,Desk,15,5650.24,1057.98
ORD-12407,2023-07-20,Olivia Smith,United States,North America,Software,Video Editor,11,2649.4,1909.14
ORD-12408,2023-07-23,Emily Smith,Germany,Europe,Software,Design Tool,11,2427.26,1277.99
ORD-12409,2023-05-06,Olivia Garcia,United States,North America,Furniture,Office Chair,6,830.66,143.78
ORD-12410,2023-03-16,James Johnson,Germany,Europe,Electronics,Tablet,15,2401.93,311.4
ORD-12411,2023-11-29,Robert Jones,Canada,North America,Furniture,Bookshelf,14,3476.44,1041.58
ORD-12412,2023-04-24,Olivia Williams,Japan,Asia,Clothing,Sweater,14,812.96,259.97
ORD-12413,2023-02-24,James Martinez,Germany,Europe,Electronics,Smartphone,6,6306.36,674.95
ORD-12414,2023-07-13,Emily Garcia,United States,North America,Software,Cloud Storage,7,1597.6,955.41
ORD-12415,2023-06-18,Emma Jones,Japan,Asia,Electronics,Smartphone,1,492.14,109.76
ORD-12416,2023-09-13,James Jones,Germany,Europe,Furniture,Sofa,9,6067.66,1620.32
ORD-12417,2023-06-13,Emily Brown,United States,North America,Clothing,Jacket,12,1433.27,801.58
ORD-12418,2023-02-09,Emily Davis,Canada,North America,Clothing,T-Shirt,3,151.34,62.3
ORD-12419,2023-02-20,Jessica Garcia,Japan,Asia,Clothing,Jeans,7,917.21,451.13
ORD-12420,2023-11-03,Emily Williams,Canada,North America,Furniture,Sofa,1,207.46,63.76
ORD-12421,2023-07-09,David Miller,Australia,Oceania,Software,Design Tool,3,177.51,93.35
ORD-12422,2023-04-15,John Rodriguez,France,Europe,Software,Antivirus,6,876.41,530.6
ORD-12423,2023-11-25,Emma Davis,Japan,Asia,Electronics,Laptop,2,1322.02,193.06
ORD-12424,2023-04-06,Emily Jones,United States,North America,Electronics,Headphones,9,9351.09,1924.94
ORD-12425,2023-01-26,Michael Martinez,France,Europe,Furniture,Bookshelf,5,3197.02,731.75
ORD-12426,2023-08-19,Michael Rodriguez,United Kingdom,Europe,Clothing,T-Shirt,8,593.28,222.6
ORD-12427,2023-07-13,Emma Williams,Australia,Oceania,Software,Antivirus,14,3621.92,2110.17
ORD-12428,2023-10-08,James Davis,Australia,Oceania,Software,Office Suite,6,1205.61,707.88
ORD-12429,2023-09-16,Emily Martinez,Australia,Oceania,Electronics,Tablet,15,12831.2,1341.26
ORD-12430,2023-07-21,Olivia Brown,Japan,Asia,Furniture,Office Chair,12,4010.71,898.81
ORD-12431,2023-06-27,John Rodriguez,United States,North America,Furniture,Sofa,4,2017.59,602.13
ORD-12432,2023-11-02,Emily Miller,Germany,Europe,Clothing,T-Shirt,6,269.64,133.98
ORD-12433,2023-01-30,Emily Rodriguez,France,Europe,Software,Design Tool,12,1617.0,973.23
ORD-12434,2023-10-28,John Brown,United States,North America,Clothing,Jeans,14,609.29,221.18
ORD-12435,2023-03-08,Emily Brown,Canada,North America,Furniture,Office Chair,12,2678.94,907.46
ORD-12436,2023-02-24,Sarah Davis,United States,North America,Clothing,Sneakers,7,692.14,408.79
ORD-12437,2023-01-30,David Williams,United Kingdom,Europe,Clothing,T-Shirt,5,274.33,127.77
ORD-12438,2023-01-17,Jessica Williams,United Kingdom,Europe,Electronics,Tablet,10,1582.57,297.01
ORD-12439,2023-01-16,Michael Miller,United Kingdom,Europe,Electronics,Smartphone,15,6441.72,1299.88
ORD-12440,2023-02-09,John Miller,Canada,North America,Electronics,Smartphone,8,5102.25,1189.12
ORD-12441,2023-02-11,James Brown,United Kingdom,Europe,Software,Antivirus,15,2034.13,1025.84
ORD-12442,2023-04-12,Emma Williams,Japan,Asia,Software,Design Tool,3,340.35,208.25
ORD-12443,2023-02-27,Emily Williams,Canada,North America,Clothing,Sneakers,388,57135.11,32839.2
ORD-12444,2023-07-23,Jessica Jones,United States,North America,Electronics,Laptop,15,7759.26,1623.85
ORD-12445,2023-06-16,Sarah Martinez,Japan,Asia,Furniture,Dining Table,4,756.22,219.41
ORD-12446,2023-04-03,Robert Johnson,France,Europe,Furniture,Dining Table,2,1351.15,262.72
ORD-12447,2023-10-16,James Smith,Germany,Europe,Furniture,Sofa,12,4726.16,1082.42
ORD-12448,2023-08-21,Michael Rodriguez,United Kingdom,Europe,Clothing,Jacket,4,385.82,146.39
ORD-12449,2023-07-11,John Davis,Japan,Asia,Electronics,Smartwatch,14,10128.13,-8102.5
ORD-12450,2023-07-31,John Williams,Germany,Europe,Electronics,Smartwatch,1,848.36,202.21
ORD-12451,2023-03-29,Olivia Smith,Canada,North America,Furniture,Desk,13,2007.56,450.26
ORD-12452,2023-05-02,Olivia Smith,Germany,Europe,Clothing,Jacket,9,849.73,263.74
ORD-12453,2023-06-28,Emma Brown,United Kingdom,Europe,Furniture,Desk,1,770.18,153.22
ORD-12454,2023-07-11,Jessica Garcia,United Kingdom,Europe,Electronics,Smartphone,10,10789.73,1445.14
ORD-12455,2023-12-16,John Brown,Germany,Europe,Software,Video Editor,9,2279.61,1877.06
ORD-12456,2023-04-17,Olivia Brown,Canada,North America,Furniture,Desk,15,3203.11,1024.87
ORD-12457,2023-10-31,James Williams,United Kingdom,Europe,Electronics,Smartwatch,1,514.16,109.0
ORD-12458,2023-04-29,Sarah Williams,Australia,Oceania,Clothing,Jacket,2,82.04,38.88
ORD-12459,2023-11-03,James Garcia,Germany,Europe,Furniture,Office Chair,2,399.7,137.26
ORD-12460,2023-09-04,Emily Jones,United States,North America,Clothing,Jacket,3,85.57,26.05
ORD-12461,2023-05-18,Sarah Martinez,Canada,North America,Furniture,Sofa,6,3212.96,993.98
ORD-12462,2023-07-22,Emily Johnson,United Kingdom,Europe,Furniture,Office Chair,8,2885.31,849.75
ORD-12463,2023-05-21,Emily Garcia,France,Europe,Furniture,Dining Table,11,8167.13,1636.49
ORD-12464,2023-12-26,John Martinez,United Kingdom,Europe,Software,Antivirus,8,2017.3,-1613.84
ORD-12465,2023-09-30,David Garcia,Australia,Oceania,Furniture,Bookshelf,1,233.74,68.03
ORD-12466,2023-04-28,Jessica Garcia,Australia,Oceania,Electronics,Headphones,2,868.9,180.7
ORD-12467,2023-11-24,Sarah Jones,Japan,Asia,Furniture,Office Chair,9,6263.52,1547.23
ORD-12468,2023-03-13,David Davis,Australia,Oceania,Furniture,Bookshelf,12,7426.49,2391.28
ORD-12469,2023-09-14,Robert Brown,United States,North America,Clothing,Jacket,12,1693.56,910.06
ORD-12470,2023-01-04,David Rodriguez,Australia,Oceania,Software,Design Tool,1,157.86,118.97
ORD-12471,2023-04-17,Emma Williams,United Kingdom,Europe,Software,Cloud Storage,2,278.98,208.4
ORD-12472,2023-08-28,Robert Jones,Germany,Europe,Software,Cloud Storage,1,270.86,171.57
ORD-12473,2023-07-03,Robert Rodriguez,Canada,North America,Furniture,Dining Table,3,2342.59,501.61
ORD-12474,2023-09-02,Michael Miller,Canada,North America,Furniture,Office Chair,12,5466.49,1255.0
ORD-12475,2023-03-28,Jessica Jones,Japan,Asia,Furniture,Bookshelf,12,4335.15,1331.53
ORD-12476,2023-03-23,Michael Williams,Japan,Asia,Clothing,T-Shirt,13,439.63,156.07
ORD-12477,2023-11-22,James Williams,Australia,Oceania,Clothing,Sneakers,3,275.46,98.23
ORD-12478,2023-11-27,John Johnson,United Kingdom,Europe,Furniture,Desk,4,2981.76,499.26
ORD-12479,2023-11-01,John Smith,United Kingdom,Europe,Software,Design Tool,3,773.61,524.01
ORD-12480,2023-01-01,David Garcia,France,Europe,Electronics,Smartwatch,6,3610.94,461.36
ORD-12481,2023-11-28,John Smith,Germany,Europe,Furniture,Dining Table,2,269.86,81.51
ORD-12482,2023-07-09,Emma Rodriguez,United Kingdom,Europe,Furniture,Desk,3,925.55,224.66
ORD-12483,2023-04-24,James Smith,Japan,Asia,Electronics,Tablet,1,1128.35,137.13
ORD-12484,2023-06-14,James Jones,United States,North America,Software,Antivirus,15,3319.08,2214.47
ORD-12485,2023-08-12,Michael Miller,France,Europe,Clothing,Jeans,12,1060.13,616.8
ORD-12486,2023-06-16,Emma Davis,Japan,Asia,Furniture,Desk,5,1982.81,473.77
ORD-12487,2023-04-25,Sarah Brown,United Kingdom,Europe,Furniture,Sofa,2,217.4,73.34
ORD-12488,2023-12-31,Sarah Miller,Germany,Europe,Clothing,Jeans,4,452.02,188.37
ORD-12489,2023-05-28,Sarah Brown,Canada,North America,Software,Office Suite,8,1339.74,1149.37
ORD-12490,2023-08-04,John Miller,France,Europe,Furniture,Bookshelf,10,3046.22,836.9
ORD-12491,2023-08-08,Sarah Davis,Germany,Europe,Clothing,Jacket,2,173.02,74.82
ORD-12492,2023-09-11,Olivia Martinez,Canada,North America,Furniture,Desk,5,2940.67,465.32
ORD-12493,2023-04-23,Emily Jones,Japan,Asia,Clothing,Jacket,2,239.83,84.05
ORD-12494,2023-06-21,Emma Rodriguez,France,Europe,Software,Video Editor,5,810.79,652.15
ORD-12495,2023-05-31,Robert Garcia,Germany,Europe,Furniture,Sofa,14,8858.44,2069.37
ORD-12496,2023-12-19,Emily Williams,Germany,Europe,Furniture,Dining Table,7,4296.32,873.2
ORD-12497,2023-11-01,Jessica Brown,United States,North America,Clothing,Jacket,8,931.6,354.36
ORD-12498,2023-05-23,Emma Garcia,Australia,Oceania,Electronics,Smartphone,10,9700.63,1664.08
ORD-12499,2023-08-07,John Jones,Australia,Oceania,Software,Design Tool,12,881.59,519.13
