id,date,category,price,quantity,total_sales
1,2023-01-01,Home,415.48,4,1661.92
2,2023-01-02,Toys,384.62,4,1538.48
3,2023-01-03,Electronics,291.03,2,582.06
4,2023-01-04,Home,478.46,5,2392.2999999999997
5,2023-01-05,Home,108.23,1,108.23
6,2023-01-06,Toys,63.54,9,571.86
7,2023-01-07,Electronics,428.44,5,2142.2
8,2023-01-08,Electronics,225.18,6,1351.08
9,2023-01-09,Home,425.01,2,850.02
10,2023-01-10,Clothing,447.61,1,447.61
11,2023-01-11,Home,40.6,4,162.4
12,2023-01-12,Home,442.9,7,3100.2999999999997
13,2023-01-13,Home,229.68,6,1378.08
14,2023-01-14,Home,260.11,1,260.11
15,2023-01-15,Toys,317.03,1,317.03
16,2023-01-16,Electronics,463.93,8,3711.44
17,2023-01-17,Toys,19.37,4,77.48
18,2023-01-18,Toys,243.65,5,1218.25
19,2023-01-19,Toys,346.98,7,2428.86
20,2023-01-20,Home,364.13,8,2913.04
21,2023-01-21,Clothing,349.34,7,2445.3799999999997
22,2023-01-22,Electronics,75.87,2,151.74
23,2023-01-23,Clothing,156.7,4,626.8
24,2023-01-24,Toys,185.77,1,185.77
25,2023-01-25,Toys,404.17,9,3637.53
26,2023-01-26,Clothing,146.59,3,439.77
27,2023-01-27,Clothing,113.25,3,339.75
28,2023-01-28,Clothing,479.15,9,4312.349999999999
29,2023-01-29,Toys,14.34,3,43.019999999999996
30,2023-01-30,Toys,498.93,8,3991.44
31,2023-01-31,Electronics,341.64,2,683.28
32,2023-02-01,Electronics,415.95,3,1247.85
33,2023-02-02,Toys,154.36,2,308.72
34,2023-02-03,Clothing,17.01,1,17.01
35,2023-02-04,Clothing,371.56,2,743.12
36,2023-02-05,Electronics,418.73,8,3349.84
37,2023-02-06,Toys,372.83,9,3355.47
38,2023-02-07,Electronics,80.0,2,160.0
39,2023-02-08,Electronics,379.18,7,2654.26
40,2023-02-09,Home,386.77,5,1933.85
41,2023-02-10,Home,332.68,3,998.04
42,2023-02-11,Home,385.4,9,3468.6
43,2023-02-12,Clothing,424.5,6,2547.0
44,2023-02-13,Toys,310.67,1,310.67
45,2023-02-14,Toys,53.42,5,267.1
46,2023-02-15,Toys,248.94,7,1742.58
47,2023-02-16,Toys,48.05,4,192.2
48,2023-02-17,Home,209.7,8,1677.6
49,2023-02-18,Clothing,209.48,5,1047.3999999999999
50,2023-02-19,Clothing,42.34,9,381.06000000000006
51,2023-02-20,Home,180.92,9,1628.28
52,2023-02-21,Clothing,64.39,9,579.51
53,2023-02-22,Home,406.04,1,406.04
54,2023-02-23,Toys,474.37,2,948.74
55,2023-02-24,Home,45.44,3,136.32
56,2023-02-25,Toys,478.01,4,1912.04
57,2023-02-26,Toys,266.06,9,2394.54
58,2023-02-27,Electronics,156.79,6,940.74
59,2023-02-28,Home,47.66,1,47.66
60,2023-03-01,Electronics,255.31,9,2297.79
61,2023-03-02,Home,399.31,6,2395.86
62,2023-03-03,Home,356.47,4,1425.88
63,2023-03-04,Electronics,34.61,4,138.44
64,2023-03-05,Electronics,45.72,3,137.16
65,2023-03-06,Home,207.41,7,1451.87
66,2023-03-07,Clothing,154.69,3,464.07
67,2023-03-08,Toys,123.87,2,247.74
68,2023-03-09,Electronics,147.69,8,1181.52
69,2023-03-10,Toys,403.71,4,1614.84
70,2023-03-11,Clothing,465.32,8,3722.56
71,2023-03-12,Clothing,208.5,1,208.5
72,2023-03-13,Clothing,453.99,5,2269.95
73,2023-03-14,Electronics,167.53,9,1507.77
74,2023-03-15,Clothing,243.45,1,243.45
75,2023-03-16,Electronics,120.75,4,483.0
76,2023-03-17,Clothing,323.83,6,1942.98
77,2023-03-18,Toys,489.7,8,3917.6
78,2023-03-19,Toys,305.71,3,917.1299999999999
79,2023-03-20,Home,185.33,5,926.6500000000001
80,2023-03-21,Toys,327.43,7,2292.01
81,2023-03-22,Home,70.23,1,70.23
82,2023-03-23,Toys,445.44,7,3118.08
83,2023-03-24,Electronics,256.51,8,2052.08
84,2023-03-25,Toys,230.18,8,1841.44
85,2023-03-26,Home,297.07,9,2673.63
86,2023-03-27,Home,316.14,6,1896.84
87,2023-03-28,Clothing,45.17,6,271.02
88,2023-03-29,Electronics,344.48,2,688.96
89,2023-03-30,Toys,128.55,3,385.65000000000003
90,2023-03-31,Clothing,359.84,4,1439.36
91,2023-04-01,Toys,413.04,4,1652.16
92,2023-04-02,Toys,403.94,8,3231.52
93,2023-04-03,Clothing,280.73,1,280.73
94,2023-04-04,Clothing,264.88,4,1059.52
95,2023-04-05,Clothing,80.01,4,320.04
96,2023-04-06,Clothing,389.92,1,389.92
97,2023-04-07,Clothing,142.99,3,428.97
98,2023-04-08,Toys,253.38,5,1266.9
99,2023-04-09,Clothing,149.29,6,895.74
100,2023-04-10,Electronics,75.58,9,680.22
101,2023-04-11,Home,318.48,9,2866.32
102,2023-04-12,Clothing,36.62,9,329.58
103,2023-04-13,Clothing,376.84,1,376.84
104,2023-04-14,Toys,165.62,9,1490.58
105,2023-04-15,Clothing,10.07,8,80.56
106,2023-04-16,Clothing,260.45,2,520.9
107,2023-04-17,Clothing,32.96,1,32.96
108,2023-04-18,Toys,145.32,1,145.32
109,2023-04-19,Clothing,356.42,6,2138.52
110,2023-04-20,Home,40.72,9,366.48
111,2023-04-21,Toys,421.28,7,2948.96
112,2023-04-22,Home,11.87,5,59.349999999999994
113,2023-04-23,Toys,130.94,2,261.88
114,2023-04-24,Clothing,373.04,1,373.04
115,2023-04-25,Home,164.97,2,329.94
116,2023-04-26,Toys,59.93,1,59.93
117,2023-04-27,Electronics,186.51,3,559.53
118,2023-04-28,Clothing,142.49,6,854.94
119,2023-04-29,Toys,422.93,8,3383.44
120,2023-04-30,Electronics,163.54,3,490.62
121,2023-05-01,Toys,396.58,9,3569.22
122,2023-05-02,Electronics,447.02,5,2235.1
123,2023-05-03,Clothing,222.57,7,1557.99
124,2023-05-04,Home,455.87,8,3646.96
125,2023-05-05,Electronics,194.89,3,584.67
126,2023-05-06,Toys,482.4,2,964.8
127,2023-05-07,Clothing,53.75,2,107.5
128,2023-05-08,Electronics,346.64,5,1733.1999999999998
129,2023-05-09,Toys,251.97,1,251.97
130,2023-05-10,Toys,199.95,2,399.9
131,2023-05-11,Toys,320.03,9,2880.2699999999995
132,2023-05-12,Electronics,354.89,7,2484.23
133,2023-05-13,Electronics,12.14,6,72.84
134,2023-05-14,Electronics,91.81,9,826.29
135,2023-05-15,Home,359.39,7,2515.73
136,2023-05-16,Electronics,336.53,5,1682.6499999999999
137,2023-05-17,Electronics,483.36,9,4350.24
138,2023-05-18,Electronics,382.91,6,2297.46
139,2023-05-19,Home,475.88,6,2855.2799999999997
140,2023-05-20,Electronics,354.24,4,1416.96
141,2023-05-21,Toys,156.05,1,156.05
142,2023-05-22,Electronics,61.63,5,308.15000000000003
143,2023-05-23,Toys,393.09,9,3537.81
144,2023-05-24,Toys,325.63,8,2605.04
145,2023-05-25,Toys,33.61,8,268.88
146,2023-05-26,Home,186.42,5,932.0999999999999
147,2023-05-27,Home,478.83,9,4309.47
148,2023-05-28,Home,255.2,3,765.5999999999999
149,2023-05-29,Electronics,222.04,3,666.12
150,2023-05-30,Toys,234.27,1,234.27
151,2023-05-31,Home,112.35,9,1011.15
152,2023-06-01,Home,190.67,6,1144.02
153,2023-06-02,Electronics,191.21,2,382.42
154,2023-06-03,Home,35.65,8,285.2
155,2023-06-04,Electronics,386.11,9,3474.9900000000002
156,2023-06-05,Clothing,214.09,9,1926.81
157,2023-06-06,Home,412.87,2,825.74
158,2023-06-07,Clothing,426.67,2,853.34
159,2023-06-08,Electronics,113.88,7,797.16
160,2023-06-09,Toys,332.1,4,1328.4
161,2023-06-10,Home,241.42,1,241.42
162,2023-06-11,Electronics,441.28,8,3530.24
163,2023-06-12,Toys,115.71,2,231.42
164,2023-06-13,Toys,342.13,3,1026.3899999999999
165,2023-06-14,Clothing,307.8,5,1539.0
166,2023-06-15,Electronics,154.7,3,464.09999999999997
167,2023-06-16,Toys,76.93,7,538.51
168,2023-06-17,Home,329.3,7,2305.1
169,2023-06-18,Home,371.91,2,743.82
170,2023-06-19,Clothing,164.66,7,1152.62
171,2023-06-20,Toys,325.97,6,1955.8200000000002
172,2023-06-21,Electronics,203.61,9,1832.4900000000002
173,2023-06-22,Home,359.47,9,3235.2300000000005
174,2023-06-23,Toys,107.62,2,215.24
175,2023-06-24,Toys,446.21,7,3123.47
176,2023-06-25,Clothing,150.83,5,754.1500000000001
177,2023-06-26,Home,190.22,6,1141.32
178,2023-06-27,Home,38.47,1,38.47
179,2023-06-28,Electronics,64.64,7,452.48
180,2023-06-29,Home,262.77,6,1576.62
181,2023-06-30,Electronics,141.12,4,564.48
182,2023-07-01,Home,419.39,1,419.39
183,2023-07-02,Clothing,17.2,9,154.79999999999998
184,2023-07-03,Home,195.76,4,783.04
185,2023-07-04,Electronics,175.3,2,350.6
186,2023-07-05,Electronics,19.47,8,155.76
187,2023-07-06,Clothing,70.94,2,141.88
188,2023-07-07,Home,212.68,5,1063.4
189,2023-07-08,Home,251.5,6,1509.0
190,2023-07-09,Clothing,208.1,8,1664.8
191,2023-07-10,Home,270.16,1,270.16
192,2023-07-11,Home,301.61,1,301.61
193,2023-07-12,Electronics,14.86,4,59.44
194,2023-07-13,Home,237.41,5,1187.05
195,2023-07-14,Home,482.11,9,4338.99
196,2023-07-15,Clothing,264.33,7,1850.31
197,2023-07-16,Clothing,342.0,7,2394.0
198,2023-07-17,Toys,162.81,8,1302.48
199,2023-07-18,Electronics,389.26,5,1946.3
200,2023-07-19,Home,388.73,5,1943.65
201,2023-07-20,Home,265.44,1,265.44
202,2023-07-21,Toys,488.25,9,4394.25
203,2023-07-22,Home,71.52,6,429.12
204,2023-07-23,Electronics,18.3,9,164.70000000000002
205,2023-07-24,Toys,387.38,3,1162.1399999999999
206,2023-07-25,Electronics,405.51,5,2027.55
207,2023-07-26,Toys,68.9,2,137.8
208,2023-07-27,Toys,140.14,5,700.6999999999999
209,2023-07-28,Clothing,18.6,8,148.8
210,2023-07-29,Electronics,153.72,2,307.44
211,2023-07-30,Home,388.84,8,3110.72
212,2023-07-31,Home,263.8,4,1055.2
213,2023-08-01,Electronics,180.57,1,180.57
214,2023-08-02,Home,192.15,5,960.75
215,2023-08-03,Home,10.66,1,10.66
216,2023-08-04,Electronics,156.9,7,1098.3
217,2023-08-05,Toys,326.76,8,2614.08
218,2023-08-06,Electronics,487.36,3,1462.08
219,2023-08-07,Toys,425.06,3,1275.18
220,2023-08-08,Home,21.56,7,150.92
221,2023-08-09,Home,450.29,4,1801.16
222,2023-08-10,Home,393.77,3,1181.31
223,2023-08-11,Clothing,392.38,8,3139.04
224,2023-08-12,Toys,234.42,3,703.26
225,2023-08-13,Clothing,205.02,7,1435.14
226,2023-08-14,Clothing,158.43,2,316.86
227,2023-08-15,Electronics,42.19,1,42.19
228,2023-08-16,Clothing,121.84,6,731.04
229,2023-08-17,Electronics,130.84,8,1046.72
230,2023-08-18,Electronics,247.2,1,247.2
231,2023-08-19,Clothing,376.25,9,3386.25
232,2023-08-20,Toys,242.17,3,726.51
233,2023-08-21,Toys,38.34,3,115.02000000000001
234,2023-08-22,Toys,479.32,4,1917.28
235,2023-08-23,Toys,471.93,1,471.93
236,2023-08-24,Toys,394.74,9,3552.66
237,2023-08-25,Clothing,495.75,3,1487.25
238,2023-08-26,Clothing,276.8,4,1107.2
239,2023-08-27,Home,481.76,1,481.76
240,2023-08-28,Toys,47.05,4,188.2
241,2023-08-29,Clothing,189.18,1,189.18
242,2023-08-30,Home,120.44,5,602.2
243,2023-08-31,Toys,105.96,5,529.8
244,2023-09-01,Electronics,78.99,7,552.93
245,2023-09-02,Home,314.98,8,2519.84
246,2023-09-03,Clothing,392.85,4,1571.4
247,2023-09-04,Electronics,293.37,7,2053.59
248,2023-09-05,Electronics,82.01,4,328.04
249,2023-09-06,Electronics,407.45,3,1222.35
250,2023-09-07,Home,321.62,6,1929.72
251,2023-09-08,Clothing,200.2,4,800.8
252,2023-09-09,Electronics,340.32,3,1020.96
253,2023-09-10,Toys,137.35,9,1236.1499999999999
254,2023-09-11,Electronics,179.14,5,895.6999999999999
255,2023-09-12,Electronics,459.57,7,3216.99
256,2023-09-13,Home,152.35,6,914.0999999999999
257,2023-09-14,Home,240.29,5,1201.45
258,2023-09-15,Clothing,446.17,7,3123.19
259,2023-09-16,Toys,356.78,6,2140.68
260,2023-09-17,Home,40.48,2,80.96
261,2023-09-18,Electronics,82.18,3,246.54000000000002
262,2023-09-19,Clothing,13.84,2,27.68
263,2023-09-20,Electronics,319.15,3,957.4499999999999
264,2023-09-21,Electronics,229.36,1,229.36
265,2023-09-22,Home,75.79,8,606.32
266,2023-09-23,Clothing,479.39,6,2876.34
267,2023-09-24,Toys,269.53,2,539.06
268,2023-09-25,Toys,128.53,8,1028.24
269,2023-09-26,Home,255.3,6,1531.8000000000002
270,2023-09-27,Home,343.01,7,2401.0699999999997
271,2023-09-28,Clothing,47.36,1,47.36
272,2023-09-29,Toys,144.6,7,1012.1999999999999
273,2023-09-30,Toys,405.41,3,1216.23
274,2023-10-01,Toys,235.24,8,1881.92
275,2023-10-02,Electronics,277.82,6,1666.92
276,2023-10-03,Toys,222.08,4,888.32
277,2023-10-04,Electronics,31.51,8,252.08
278,2023-10-05,Clothing,91.22,9,820.98
279,2023-10-06,Electronics,228.32,2,456.64
280,2023-10-07,Clothing,112.5,6,675.0
281,2023-10-08,Toys,34.49,5,172.45000000000002
282,2023-10-09,Toys,423.39,5,2116.95
283,2023-10-10,Clothing,490.78,3,1472.34
284,2023-10-11,Home,398.64,8,3189.12
285,2023-10-12,Clothing,428.35,8,3426.8
286,2023-10-13,Home,128.57,5,642.8499999999999
287,2023-10-14,Electronics,480.71,8,3845.68
288,2023-10-15,Electronics,106.49,8,851.92
289,2023-10-16,Electronics,476.2,3,1428.6
290,2023-10-17,Toys,497.46,2,994.92
291,2023-10-18,Electronics,358.74,9,3228.66
292,2023-10-19,Home,490.76,2,981.52
293,2023-10-20,Electronics,289.07,9,2601.63
294,2023-10-21,Clothing,137.18,4,548.72
295,2023-10-22,Clothing,224.13,2,448.26
296,2023-10-23,Toys,300.84,1,300.84
297,2023-10-24,Clothing,45.81,4,183.24
298,2023-10-25,Home,314.95,9,2834.5499999999997
299,2023-10-26,Electronics,490.78,9,4417.0199999999995
300,2023-10-27,Toys,103.15,4,412.6
301,2023-10-28,Electronics,398.37,9,3585.33
302,2023-10-29,Electronics,454.87,6,2729.2200000000003
303,2023-10-30,Home,472.41,1,472.41
304,2023-10-31,Clothing,480.47,6,2882.82
305,2023-11-01,Clothing,265.52,9,2389.68
306,2023-11-02,Electronics,488.88,2,977.76
307,2023-11-03,Toys,381.08,6,2286.48
308,2023-11-04,Clothing,89.22,2,178.44
309,2023-11-05,Toys,243.68,4,974.72
310,2023-11-06,Clothing,361.98,8,2895.84
311,2023-11-07,Toys,131.2,7,918.3999999999999
312,2023-11-08,Home,323.9,9,2915.1
313,2023-11-09,Toys,336.63,7,2356.41
314,2023-11-10,Home,89.72,1,89.72
315,2023-11-11,Home,286.89,2,573.78
316,2023-11-12,Toys,388.1,6,2328.6000000000004
317,2023-11-13,Home,254.46,7,1781.22
318,2023-11-14,Electronics,15.93,3,47.79
319,2023-11-15,Home,14.43,9,129.87
320,2023-11-16,Clothing,184.94,7,1294.58
321,2023-11-17,Toys,463.84,6,2783.04
322,2023-11-18,Electronics,122.05,6,732.3
323,2023-11-19,Toys,320.84,1,320.84
324,2023-11-20,Clothing,118.82,5,594.0999999999999
325,2023-11-21,Clothing,167.62,3,502.86
326,2023-11-22,Clothing,425.54,7,2978.78
327,2023-11-23,Home,367.14,3,1101.42
328,2023-11-24,Home,56.75,5,283.75
329,2023-11-25,Toys,220.06,7,1540.42
330,2023-11-26,Toys,24.29,3,72.87
331,2023-11-27,Electronics,245.64,2,491.28
332,2023-11-28,Electronics,334.59,6,2007.54
333,2023-11-29,Toys,68.07,8,544.56
334,2023-11-30,Home,151.55,4,606.2
335,2023-12-01,Clothing,204.94,9,1844.46
336,2023-12-02,Toys,460.57,8,3684.56
337,2023-12-03,Electronics,496.69,7,3476.83
338,2023-12-04,Home,32.01,7,224.07
339,2023-12-05,Toys,382.89,3,1148.67
340,2023-12-06,Toys,192.14,6,1152.84
341,2023-12-07,Home,202.3,5,1011.5
342,2023-12-08,Toys,379.59,1,379.59
343,2023-12-09,Home,460.03,3,1380.09
344,2023-12-10,Clothing,475.96,1,475.96
345,2023-12-11,Home,292.79,4,1171.16
346,2023-12-12,Home,184.99,3,554.97
347,2023-12-13,Home,395.9,4,1583.6
348,2023-12-14,Toys,132.99,9,1196.91
349,2023-12-15,Toys,286.4,3,859.1999999999999
350,2023-12-16,Home,185.7,6,1114.1999999999998
351,2023-12-17,Toys,331.75,6,1990.5
352,2023-12-18,Electronics,127.8,7,894.6
353,2023-12-19,Electronics,103.88,9,934.92
354,2023-12-20,Toys,459.94,7,3219.58
355,2023-12-21,Toys,59.88,1,59.88
356,2023-12-22,Home,257.92,8,2063.36
357,2023-12-23,Clothing,118.22,5,591.1
358,2023-12-24,Toys,29.08,9,261.71999999999997
359,2023-12-25,Electronics,27.65,5,138.25
360,2023-12-26,Home,95.86,5,479.3
361,2023-12-27,Toys,434.72,2,869.44
362,2023-12-28,Electronics,148.41,3,445.23
363,2023-12-29,Electronics,475.72,9,4281.4800000000005
364,2023-12-30,Clothing,294.99,7,2064.9300000000003
365,2023-12-31,Home,223.94,1,223.94
366,2024-01-01,Home,294.24,3,882.72
367,2024-01-02,Clothing,263.18,2,526.36
368,2024-01-03,Clothing,381.8,1,381.8
369,2024-01-04,Home,148.42,9,1335.78
370,2024-01-05,Home,182.99,8,1463.92
371,2024-01-06,Toys,448.11,5,2240.55
372,2024-01-07,Toys,473.76,2,947.52
373,2024-01-08,Clothing,447.35,1,447.35
374,2024-01-09,Toys,215.53,7,1508.71
375,2024-01-10,Electronics,392.38,2,784.76
376,2024-01-11,Toys,243.4,1,243.4
377,2024-01-12,Toys,253.79,2,507.58
378,2024-01-13,Electronics,110.29,7,772.0300000000001
379,2024-01-14,Clothing,299.65,7,2097.5499999999997
380,2024-01-15,Electronics,101.21,6,607.26
381,2024-01-16,Toys,172.47,5,862.35
382,2024-01-17,Clothing,428.96,3,1286.8799999999999
383,2024-01-18,Toys,111.47,3,334.40999999999997
384,2024-01-19,Electronics,44.87,9,403.83
385,2024-01-20,Electronics,43.81,4,175.24
386,2024-01-21,Toys,470.98,9,4238.82
387,2024-01-22,Home,258.39,4,1033.56
388,2024-01-23,Home,210.61,2,421.22
389,2024-01-24,Electronics,407.33,4,1629.32
390,2024-01-25,Electronics,419.55,6,2517.3
391,2024-01-26,Home,172.77,6,1036.6200000000001
392,2024-01-27,Home,349.87,5,1749.35
393,2024-01-28,Toys,387.85,1,387.85
394,2024-01-29,Toys,330.78,3,992.3399999999999
395,2024-01-30,Home,84.28,5,421.4
396,2024-01-31,Toys,439.18,6,2635.08
397,2024-02-01,Toys,274.16,1,274.16
398,2024-02-02,Clothing,148.41,9,1335.69
399,2024-02-03,Toys,218.36,3,655.08
400,2024-02-04,Electronics,28.41,3,85.23
401,2024-02-05,Toys,72.65,2,145.3
402,2024-02-06,Toys,385.12,8,3080.96
403,2024-02-07,Home,10.01,3,30.03
404,2024-02-08,Electronics,214.12,6,1284.72
405,2024-02-09,Toys,266.03,2,532.06
406,2024-02-10,Toys,36.77,7,257.39000000000004
407,2024-02-11,Clothing,486.81,4,1947.24
408,2024-02-12,Toys,120.8,9,1087.2
409,2024-02-13,Toys,159.06,9,1431.54
410,2024-02-14,Clothing,158.93,7,1112.51
411,2024-02-15,Home,122.9,8,983.2
412,2024-02-16,Toys,10.72,3,32.160000000000004
413,2024-02-17,Clothing,367.38,5,1836.9
414,2024-02-18,Electronics,483.75,2,967.5
415,2024-02-19,Home,119.9,7,839.3000000000001
416,2024-02-20,Electronics,334.89,8,2679.12
417,2024-02-21,Electronics,373.53,9,3361.7699999999995
418,2024-02-22,Clothing,425.73,7,2980.11
419,2024-02-23,Toys,217.09,8,1736.72
420,2024-02-24,Clothing,158.44,9,1425.96
421,2024-02-25,Clothing,169.39,6,1016.3399999999999
422,2024-02-26,Clothing,359.18,2,718.36
423,2024-02-27,Clothing,410.22,2,820.44
424,2024-02-28,Home,98.99,4,395.96
425,2024-02-29,Toys,191.76,9,1725.84
426,2024-03-01,Electronics,451.95,7,3163.65
427,2024-03-02,Electronics,405.28,2,810.56
428,2024-03-03,Toys,492.58,8,3940.64
429,2024-03-04,Electronics,379.58,7,2657.06
430,2024-03-05,Toys,202.67,9,1824.03
431,2024-03-06,Electronics,299.41,8,2395.28
432,2024-03-07,Clothing,333.9,3,1001.6999999999999
433,2024-03-08,Electronics,48.44,1,48.44
434,2024-03-09,Toys,276.8,2,553.6
435,2024-03-10,Toys,357.57,2,715.14
436,2024-03-11,Toys,91.99,4,367.96
437,2024-03-12,Toys,392.51,6,2355.06
438,2024-03-13,Toys,296.05,4,1184.2
439,2024-03-14,Home,476.59,9,4289.3099999999995
440,2024-03-15,Home,30.79,4,123.16
441,2024-03-16,Electronics,140.01,6,840.06
442,2024-03-17,Toys,304.76,6,1828.56
443,2024-03-18,Electronics,155.31,1,155.31
444,2024-03-19,Toys,360.07,8,2880.56
445,2024-03-20,Toys,381.91,3,1145.73
446,2024-03-21,Home,60.23,6,361.38
447,2024-03-22,Home,261.79,3,785.3700000000001
448,2024-03-23,Clothing,259.36,2,518.72
449,2024-03-24,Home,190.95,5,954.75
450,2024-03-25,Clothing,467.13,1,467.13
451,2024-03-26,Clothing,415.48,9,3739.32
452,2024-03-27,Clothing,351.63,7,2461.41
453,2024-03-28,Clothing,360.02,3,1080.06
454,2024-03-29,Clothing,236.24,4,944.96
455,2024-03-30,Electronics,461.29,6,2767.7400000000002
456,2024-03-31,Home,350.35,3,1051.0500000000002
457,2024-04-01,Clothing,367.2,7,2570.4
458,2024-04-02,Toys,432.23,6,2593.38
459,2024-04-03,Home,144.3,9,1298.7
460,2024-04-04,Home,405.46,5,2027.3
461,2024-04-05,Clothing,105.67,4,422.68
462,2024-04-06,Electronics,179.22,3,537.66
463,2024-04-07,Clothing,174.45,1,174.45
464,2024-04-08,Electronics,489.48,3,1468.44
465,2024-04-09,Toys,429.7,3,1289.1
466,2024-04-10,Home,353.57,7,2474.99
467,2024-04-11,Toys,366.26,7,2563.8199999999997
468,2024-04-12,Electronics,285.42,1,285.42
469,2024-04-13,Electronics,474.07,3,1422.21
470,2024-04-14,Toys,253.17,8,2025.36
471,2024-04-15,Electronics,196.45,9,1768.05
472,2024-04-16,Toys,89.89,7,629.23
473,2024-04-17,Home,395.24,7,2766.6800000000003
474,2024-04-18,Toys,369.88,8,2959.04
475,2024-04-19,Home,198.33,6,1189.98
476,2024-04-20,Toys,22.34,3,67.02
477,2024-04-21,Electronics,421.11,1,421.11
478,2024-04-22,Toys,15.59,7,109.13
479,2024-04-23,Electronics,354.81,1,354.81
480,2024-04-24,Toys,485.43,1,485.43
481,2024-04-25,Toys,224.45,9,2020.05
482,2024-04-26,Clothing,125.14,7,875.98
483,2024-04-27,Electronics,355.39,4,1421.56
484,2024-04-28,Clothing,410.39,6,2462.34
485,2024-04-29,Electronics,277.75,1,277.75
486,2024-04-30,Clothing,483.85,7,3386.9500000000003
487,2024-05-01,Home,35.32,6,211.92000000000002
488,2024-05-02,Toys,257.35,4,1029.4
489,2024-05-03,Electronics,362.04,7,2534.28
490,2024-05-04,Electronics,432.69,3,1298.07
491,2024-05-05,Toys,97.84,1,97.84
492,2024-05-06,Electronics,402.0,4,1608.0
493,2024-05-07,Electronics,280.83,3,842.49
494,2024-05-08,Clothing,204.31,1,204.31
495,2024-05-09,Electronics,74.54,2,149.08
496,2024-05-10,Home,433.99,5,2169.95
497,2024-05-11,Home,87.06,8,696.48
498,2024-05-12,Toys,161.8,1,161.8
499,2024-05-13,Electronics,152.12,4,608.48
500,2024-05-14,Toys,436.99,4,1747.96
501,2024-05-15,Home,339.62,5,1698.1
502,2024-05-16,Electronics,400.37,7,2802.59
503,2024-05-17,Electronics,132.73,8,1061.84
504,2024-05-18,Toys,316.19,6,1897.1399999999999
505,2024-05-19,Home,290.16,1,290.16
506,2024-05-20,Electronics,418.09,7,2926.6299999999997
507,2024-05-21,Toys,453.98,3,1361.94
508,2024-05-22,Home,15.96,6,95.76
509,2024-05-23,Toys,340.27,8,2722.16
510,2024-05-24,Clothing,35.4,7,247.79999999999998
511,2024-05-25,Electronics,278.94,6,1673.6399999999999
512,2024-05-26,Clothing,150.94,9,1358.46
513,2024-05-27,Home,160.32,9,1442.8799999999999
514,2024-05-28,Clothing,182.95,1,182.95
515,2024-05-29,Clothing,314.43,1,314.43
516,2024-05-30,Home,173.68,1,173.68
517,2024-05-31,Toys,369.02,8,2952.16
518,2024-06-01,Clothing,208.22,7,1457.54
519,2024-06-02,Toys,43.49,3,130.47
520,2024-06-03,Clothing,394.04,2,788.08
521,2024-06-04,Toys,150.02,4,600.08
522,2024-06-05,Home,222.06,3,666.1800000000001
523,2024-06-06,Clothing,345.87,7,2421.09
524,2024-06-07,Home,172.9,8,1383.2
525,2024-06-08,Clothing,37.73,6,226.38
526,2024-06-09,Home,193.22,3,579.66
527,2024-06-10,Home,472.78,6,2836.68
528,2024-06-11,Clothing,324.45,2,648.9
529,2024-06-12,Clothing,339.02,7,2373.14
530,2024-06-13,Clothing,319.82,7,2238.74
531,2024-06-14,Electronics,107.51,4,430.04
532,2024-06-15,Toys,214.98,8,1719.84
533,2024-06-16,Electronics,377.96,4,1511.84
534,2024-06-17,Electronics,59.67,7,417.69
535,2024-06-18,Home,146.15,4,584.6
536,2024-06-19,Clothing,145.4,5,727.0
537,2024-06-20,Toys,221.69,7,1551.83
538,2024-06-21,Home,490.38,3,1471.1399999999999
539,2024-06-22,Electronics,43.08,5,215.39999999999998
540,2024-06-23,Clothing,264.16,3,792.48
541,2024-06-24,Home,97.89,5,489.45
542,2024-06-25,Clothing,485.63,3,1456.8899999999999
543,2024-06-26,Home,65.52,7,458.64
544,2024-06-27,Clothing,207.76,1,207.76
545,2024-06-28,Electronics,371.56,9,3344.04
546,2024-06-29,Toys,355.23,9,3197.07
547,2024-06-30,Electronics,217.14,5,1085.6999999999998
548,2024-07-01,Toys,179.8,9,1618.2
549,2024-07-02,Clothing,204.83,6,1228.98
550,2024-07-03,Home,139.5,5,697.5
551,2024-07-04,Electronics,110.61,3,331.83
552,2024-07-05,Toys,246.69,8,1973.52
553,2024-07-06,Electronics,141.58,4,566.32
554,2024-07-07,Toys,150.86,3,452.58000000000004
555,2024-07-08,Electronics,331.81,6,1990.8600000000001
556,2024-07-09,Toys,484.58,8,3876.64
557,2024-07-10,Toys,305.78,9,2752.0199999999995
558,2024-07-11,Clothing,47.72,6,286.32
559,2024-07-12,Toys,47.04,5,235.2
560,2024-07-13,Clothing,476.2,2,952.4
561,2024-07-14,Toys,155.67,2,311.34
562,2024-07-15,Home,55.11,9,495.99
563,2024-07-16,Home,303.53,2,607.06
564,2024-07-17,Home,315.59,2,631.18
565,2024-07-18,Toys,327.77,3,983.31
566,2024-07-19,Clothing,141.03,3,423.09000000000003
567,2024-07-20,Clothing,17.4,4,69.6
568,2024-07-21,Toys,482.86,7,3380.02
569,2024-07-22,Home,132.94,9,1196.46
570,2024-07-23,Home,341.25,2,682.5
571,2024-07-24,Clothing,356.25,4,1425.0
572,2024-07-25,Home,308.9,9,2780.1
573,2024-07-26,Electronics,163.32,2,326.64
574,2024-07-27,Clothing,142.84,1,142.84
575,2024-07-28,Home,302.86,8,2422.88
576,2024-07-29,Clothing,434.39,9,3909.5099999999998
577,2024-07-30,Electronics,473.9,7,3317.2999999999997
578,2024-07-31,Clothing,61.89,8,495.12
579,2024-08-01,Clothing,85.87,4,343.48
580,2024-08-02,Clothing,472.92,4,1891.68
581,2024-08-03,Clothing,370.9,2,741.8
582,2024-08-04,Electronics,442.67,8,3541.36
583,2024-08-05,Toys,109.29,2,218.58
584,2024-08-06,Clothing,297.92,9,2681.28
585,2024-08-07,Clothing,353.56,4,1414.24
586,2024-08-08,Home,343.25,1,343.25
587,2024-08-09,Clothing,209.99,4,839.96
588,2024-08-10,Home,17.54,3,52.62
589,2024-08-11,Toys,295.63,6,1773.78
590,2024-08-12,Electronics,134.02,7,938.1400000000001
591,2024-08-13,Electronics,230.62,8,1844.96
592,2024-08-14,Toys,479.21,2,958.42
593,2024-08-15,Electronics,205.53,6,1233.18
594,2024-08-16,Toys,421.5,6,2529.0
595,2024-08-17,Toys,102.38,5,511.9
596,2024-08-18,Toys,339.51,7,2376.5699999999997
597,2024-08-19,Electronics,488.73,3,1466.19
598,2024-08-20,Home,59.93,4,239.72
599,2024-08-21,Toys,14.08,9,126.72
600,2024-08-22,Clothing,222.46,4,889.84
601,2024-08-23,Electronics,55.39,3,166.17000000000002
602,2024-08-24,Toys,376.71,2,753.42
603,2024-08-25,Toys,458.13,5,2290.65
604,2024-08-26,Clothing,222.67,4,890.68
605,2024-08-27,Home,136.77,8,1094.16
606,2024-08-28,Home,222.86,7,1560.02
607,2024-08-29,Home,364.49,6,2186.94
608,2024-08-30,Toys,14.44,2,28.88
609,2024-08-31,Toys,298.83,3,896.49
610,2024-09-01,Toys,310.51,9,2794.59
611,2024-09-02,Electronics,322.47,9,2902.2300000000005
612,2024-09-03,Clothing,128.59,5,642.95
613,2024-09-04,Toys,359.89,3,1079.67
614,2024-09-05,Clothing,54.78,2,109.56
615,2024-09-06,Clothing,107.64,8,861.12
616,2024-09-07,Home,439.96,6,2639.7599999999998
617,2024-09-08,Electronics,371.97,7,2603.79
618,2024-09-09,Toys,16.74,1,16.74
619,2024-09-10,Home,131.7,1,131.7
620,2024-09-11,Home,115.06,2,230.12
621,2024-09-12,Toys,142.7,3,428.09999999999997
622,2024-09-13,Clothing,131.3,1,131.3
623,2024-09-14,Home,40.64,5,203.2
624,2024-09-15,Clothing,234.88,3,704.64
625,2024-09-16,Electronics,369.04,1,369.04
626,2024-09-17,Clothing,307.3,8,2458.4
627,2024-09-18,Electronics,339.71,6,2038.2599999999998
628,2024-09-19,Clothing,49.76,9,447.84
629,2024-09-20,Home,476.23,3,1428.69
630,2024-09-21,Home,420.86,9,3787.7400000000002
631,2024-09-22,Electronics,404.49,9,3640.41
632,2024-09-23,Toys,413.26,1,413.26
633,2024-09-24,Electronics,467.03,3,1401.09
634,2024-09-25,Electronics,276.68,6,1660.08
635,2024-09-26,Clothing,108.14,8,865.12
636,2024-09-27,Clothing,312.22,4,1248.88
637,2024-09-28,Electronics,374.01,5,1870.05
638,2024-09-29,Home,371.58,9,3344.22
639,2024-09-30,Clothing,265.51,6,1593.06
640,2024-10-01,Toys,43.54,7,304.78
641,2024-10-02,Clothing,191.85,7,1342.95
642,2024-10-03,Clothing,461.18,4,1844.72
643,2024-10-04,Toys,296.38,4,1185.52
644,2024-10-05,Electronics,273.78,4,1095.12
645,2024-10-06,Toys,141.74,5,708.7
646,2024-10-07,Electronics,190.54,5,952.6999999999999
647,2024-10-08,Electronics,448.72,8,3589.76
648,2024-10-09,Electronics,336.57,9,3029.13
649,2024-10-10,Toys,395.82,2,791.64
650,2024-10-11,Electronics,232.63,7,1628.4099999999999
651,2024-10-12,Home,318.82,1,318.82
652,2024-10-13,Toys,131.71,1,131.71
653,2024-10-14,Home,355.68,4,1422.72
654,2024-10-15,Electronics,219.52,7,1536.64
655,2024-10-16,Clothing,226.85,2,453.7
656,2024-10-17,Electronics,328.17,2,656.34
657,2024-10-18,Home,468.78,1,468.78
658,2024-10-19,Home,41.36,2,82.72
659,2024-10-20,Toys,414.12,7,2898.84
660,2024-10-21,Clothing,153.27,9,1379.43
661,2024-10-22,Toys,227.52,6,1365.1200000000001
662,2024-10-23,Home,20.74,2,41.48
663,2024-10-24,Electronics,157.51,9,1417.59
664,2024-10-25,Clothing,256.29,7,1794.0300000000002
665,2024-10-26,Electronics,37.53,1,37.53
666,2024-10-27,Electronics,250.64,9,2255.7599999999998
667,2024-10-28,Clothing,464.28,2,928.56
668,2024-10-29,Toys,61.64,4,246.56
669,2024-10-30,Electronics,384.58,9,3461.22
670,2024-10-31,Home,210.74,4,842.96
671,2024-11-01,Electronics,331.04,3,993.1200000000001
672,2024-11-02,Clothing,137.52,1,137.52
673,2024-11-03,Clothing,88.15,7,617.0500000000001
674,2024-11-04,Clothing,88.63,6,531.78
675,2024-11-05,Toys,44.54,4,178.16
676,2024-11-06,Electronics,100.97,6,605.8199999999999
677,2024-11-07,Toys,335.47,6,2012.8200000000002
678,2024-11-08,Toys,442.03,4,1768.12
679,2024-11-09,Clothing,408.92,6,2453.52
680,2024-11-10,Clothing,345.72,8,2765.76
681,2024-11-11,Toys,64.11,3,192.32999999999998
682,2024-11-12,Electronics,151.7,4,606.8
683,2024-11-13,Home,161.81,1,161.81
684,2024-11-14,Toys,132.48,4,529.92
685,2024-11-15,Electronics,262.35,9,2361.15
686,2024-11-16,Clothing,272.42,8,2179.36
687,2024-11-17,Clothing,184.87,4,739.48
688,2024-11-18,Electronics,183.36,7,1283.52
689,2024-11-19,Home,415.99,3,1247.97
690,2024-11-20,Clothing,396.75,9,3570.75
691,2024-11-21,Clothing,160.82,4,643.28
692,2024-11-22,Clothing,457.76,2,915.52
693,2024-11-23,Electronics,476.88,5,2384.4
694,2024-11-24,Toys,170.1,2,340.2
695,2024-11-25,Clothing,183.67,6,1102.02
696,2024-11-26,Toys,257.76,1,257.76
697,2024-11-27,Home,471.15,6,2826.8999999999996
698,2024-11-28,Clothing,439.4,4,1757.6
699,2024-11-29,Clothing,60.26,3,180.78
700,2024-11-30,Home,202.44,2,404.88
701,2024-12-01,Clothing,281.15,7,1968.0499999999997
702,2024-12-02,Toys,256.53,9,2308.7699999999995
703,2024-12-03,Electronics,104.99,3,314.96999999999997
704,2024-12-04,Toys,430.82,6,2584.92
705,2024-12-05,Electronics,341.7,9,3075.2999999999997
706,2024-12-06,Electronics,420.58,2,841.16
707,2024-12-07,Toys,430.79,7,3015.53
708,2024-12-08,Toys,376.69,5,1883.45
709,2024-12-09,Toys,225.21,5,1126.05
710,2024-12-10,Toys,309.17,7,2164.19
711,2024-12-11,Home,88.58,9,797.22
712,2024-12-12,Clothing,340.09,4,1360.36
713,2024-12-13,Electronics,97.83,9,880.47
714,2024-12-14,Toys,350.04,9,3150.36
715,2024-12-15,Toys,122.5,4,490.0
716,2024-12-16,Toys,67.6,3,202.79999999999998
717,2024-12-17,Home,90.99,2,181.98
718,2024-12-18,Toys,10.98,9,98.82000000000001
719,2024-12-19,Toys,362.18,2,724.36
720,2024-12-20,Toys,368.88,6,2213.2799999999997
721,2024-12-21,Clothing,262.32,5,1311.6
722,2024-12-22,Home,89.07,5,445.34999999999997
723,2024-12-23,Toys,50.94,4,203.76
724,2024-12-24,Electronics,19.37,6,116.22
725,2024-12-25,Electronics,91.22,5,456.1
726,2024-12-26,Electronics,446.52,4,1786.08
727,2024-12-27,Home,128.35,9,1155.1499999999999
728,2024-12-28,Home,183.59,6,1101.54
729,2024-12-29,Electronics,61.62,3,184.85999999999999
730,2024-12-30,Toys,118.96,6,713.76
731,2024-12-31,Home,264.42,1,264.42
732,2025-01-01,Electronics,307.8,5,1539.0
733,2025-01-02,Electronics,130.22,6,781.3199999999999
734,2025-01-03,Toys,38.29,8,306.32
735,2025-01-04,Clothing,201.61,9,1814.4900000000002
736,2025-01-05,Home,124.76,3,374.28000000000003
737,2025-01-06,Toys,117.58,2,235.16
738,2025-01-07,Electronics,480.33,4,1921.32
739,2025-01-08,Electronics,311.99,8,2495.92
740,2025-01-09,Toys,282.87,8,2262.96
741,2025-01-10,Home,213.73,3,641.1899999999999
742,2025-01-11,Clothing,220.18,4,880.72
743,2025-01-12,Clothing,275.04,3,825.1200000000001
744,2025-01-13,Electronics,351.25,2,702.5
745,2025-01-14,Home,354.05,4,1416.2
746,2025-01-15,Clothing,94.13,6,564.78
747,2025-01-16,Home,255.06,5,1275.3
748,2025-01-17,Home,211.86,3,635.58
749,2025-01-18,Electronics,436.56,2,873.12
750,2025-01-19,Clothing,319.4,9,2874.6
751,2025-01-20,Toys,270.93,1,270.93
752,2025-01-21,Electronics,66.54,9,598.86
753,2025-01-22,Clothing,306.76,1,306.76
754,2025-01-23,Clothing,67.43,7,472.01000000000005
755,2025-01-24,Clothing,175.23,6,1051.3799999999999
756,2025-01-25,Clothing,79.99,7,559.93
757,2025-01-26,Clothing,349.12,3,1047.3600000000001
758,2025-01-27,Home,111.06,3,333.18
759,2025-01-28,Electronics,202.01,1,202.01
760,2025-01-29,Home,448.88,4,1795.52
761,2025-01-30,Toys,110.12,2,220.24
762,2025-01-31,Clothing,258.82,8,2070.56
763,2025-02-01,Electronics,215.44,3,646.3199999999999
764,2025-02-02,Clothing,18.88,7,132.16
765,2025-02-03,Electronics,398.45,7,2789.15
766,2025-02-04,Home,43.83,9,394.46999999999997
767,2025-02-05,Electronics,242.38,6,1454.28
768,2025-02-06,Toys,284.73,1,284.73
769,2025-02-07,Toys,317.93,8,2543.44
770,2025-02-08,Electronics,347.43,1,347.43
771,2025-02-09,Electronics,134.1,3,402.29999999999995
772,2025-02-10,Electronics,14.89,5,74.45
773,2025-02-11,Electronics,364.49,8,2915.92
774,2025-02-12,Toys,272.47,9,2452.2300000000005
775,2025-02-13,Clothing,419.7,7,2937.9
776,2025-02-14,Electronics,412.48,9,3712.32
777,2025-02-15,Electronics,423.23,3,1269.69
778,2025-02-16,Toys,247.7,5,1238.5
779,2025-02-17,Toys,173.48,8,1387.84
780,2025-02-18,Home,397.86,1,397.86
781,2025-02-19,Electronics,231.13,8,1849.04
782,2025-02-20,Home,99.89,7,699.23
783,2025-02-21,Toys,428.94,1,428.94
784,2025-02-22,Toys,442.45,6,2654.7
785,2025-02-23,Clothing,238.49,1,238.49
786,2025-02-24,Electronics,47.09,2,94.18
787,2025-02-25,Home,200.03,5,1000.15
788,2025-02-26,Toys,403.73,2,807.46
789,2025-02-27,Toys,451.87,1,451.87
790,2025-02-28,Home,109.7,6,658.2
791,2025-03-01,Clothing,42.82,8,342.56
792,2025-03-02,Toys,439.9,8,3519.2
793,2025-03-03,Electronics,200.81,8,1606.48
794,2025-03-04,Toys,275.46,6,1652.7599999999998
795,2025-03-05,Electronics,484.35,3,1453.0500000000002
796,2025-03-06,Home,42.62,1,42.62
797,2025-03-07,Electronics,327.68,2,655.36
798,2025-03-08,Home,46.31,5,231.55
799,2025-03-09,Electronics,193.98,5,969.9
800,2025-03-10,Home,403.87,1,403.87
801,2025-03-11,Electronics,222.4,1,222.4
802,2025-03-12,Clothing,498.62,9,4487.58
803,2025-03-13,Electronics,283.94,2,567.88
804,2025-03-14,Electronics,167.37,7,1171.5900000000001
805,2025-03-15,Clothing,117.85,4,471.4
806,2025-03-16,Toys,181.76,7,1272.32
807,2025-03-17,Toys,192.54,8,1540.32
808,2025-03-18,Electronics,43.67,5,218.35000000000002
809,2025-03-19,Clothing,191.09,1,191.09
810,2025-03-20,Electronics,237.48,4,949.92
811,2025-03-21,Home,364.14,3,1092.42
812,2025-03-22,Home,331.8,5,1659.0
813,2025-03-23,Electronics,357.3,6,2143.8
814,2025-03-24,Toys,14.1,2,28.2
815,2025-03-25,Toys,116.66,7,816.62
816,2025-03-26,Electronics,334.23,3,1002.69
817,2025-03-27,Electronics,247.15,1,247.15
818,2025-03-28,Home,12.6,3,37.8
819,2025-03-29,Toys,404.2,9,3637.7999999999997
820,2025-03-30,Electronics,388.68,6,2332.08
821,2025-03-31,Home,278.73,6,1672.38
822,2025-04-01,Toys,42.57,4,170.28
823,2025-04-02,Clothing,385.59,8,3084.72
824,2025-04-03,Home,296.02,5,1480.1
825,2025-04-04,Toys,393.16,7,2752.1200000000003
826,2025-04-05,Toys,378.36,9,3405.2400000000002
827,2025-04-06,Home,403.47,5,2017.3500000000001
828,2025-04-07,Clothing,263.82,5,1319.1
829,2025-04-08,Home,78.76,4,315.04
830,2025-04-09,Toys,338.87,6,2033.22
831,2025-04-10,Electronics,314.03,2,628.06
832,2025-04-11,Electronics,373.7,3,1121.1
833,2025-04-12,Home,93.24,1,93.24
834,2025-04-13,Toys,105.54,2,211.08
835,2025-04-14,Electronics,446.3,2,892.6
836,2025-04-15,Toys,377.49,8,3019.92
837,2025-04-16,Home,455.03,8,3640.24
838,2025-04-17,Electronics,381.77,2,763.54
839,2025-04-18,Toys,302.61,6,1815.66
840,2025-04-19,Electronics,330.53,5,1652.6499999999999
841,2025-04-20,Home,445.67,3,1337.01
842,2025-04-21,Toys,293.62,5,1468.1
843,2025-04-22,Electronics,319.87,5,1599.35
844,2025-04-23,Home,86.67,5,433.35
845,2025-04-24,Electronics,242.22,3,726.66
846,2025-04-25,Electronics,361.03,3,1083.09
847,2025-04-26,Clothing,142.76,4,571.04
848,2025-04-27,Clothing,109.1,7,763.6999999999999
849,2025-04-28,Home,163.78,2,327.56
850,2025-04-29,Clothing,128.34,4,513.36
851,2025-04-30,Home,115.31,4,461.24
852,2025-05-01,Clothing,218.18,1,218.18
853,2025-05-02,Electronics,454.84,8,3638.72
854,2025-05-03,Home,258.46,1,258.46
855,2025-05-04,Home,102.08,8,816.64
856,2025-05-05,Electronics,47.72,7,334.03999999999996
857,2025-05-06,Home,351.12,9,3160.08
858,2025-05-07,Home,197.57,8,1580.56
859,2025-05-08,Clothing,412.7,5,2063.5
860,2025-05-09,Home,333.16,8,2665.28
861,2025-05-10,Toys,400.16,3,1200.48
862,2025-05-11,Electronics,143.25,7,1002.75
863,2025-05-12,Clothing,349.26,4,1397.04
864,2025-05-13,Clothing,139.39,5,696.9499999999999
865,2025-05-14,Toys,470.14,9,4231.26
866,2025-05-15,Electronics,321.82,7,2252.74
867,2025-05-16,Electronics,169.01,4,676.04
868,2025-05-17,Clothing,142.06,6,852.36
869,2025-05-18,Home,103.55,7,724.85
870,2025-05-19,Clothing,350.37,9,3153.33
871,2025-05-20,Electronics,117.17,4,468.68
872,2025-05-21,Toys,301.7,3,905.0999999999999
873,2025-05-22,Clothing,139.67,8,1117.36
874,2025-05-23,Electronics,334.36,1,334.36
875,2025-05-24,Clothing,409.32,9,3683.88
876,2025-05-25,Home,391.23,1,391.23
877,2025-05-26,Clothing,382.82,2,765.64
878,2025-05-27,Clothing,101.98,8,815.84
879,2025-05-28,Electronics,53.31,9,479.79
880,2025-05-29,Electronics,352.48,7,2467.36
881,2025-05-30,Electronics,190.49,3,571.47
882,2025-05-31,Clothing,221.85,7,1552.95
883,2025-06-01,Home,25.26,6,151.56
884,2025-06-02,Toys,137.19,2,274.38
885,2025-06-03,Toys,26.5,3,79.5
886,2025-06-04,Electronics,440.8,5,2204.0
887,2025-06-05,Electronics,129.26,4,517.04
888,2025-06-06,Clothing,283.1,2,566.2
889,2025-06-07,Toys,29.1,4,116.4
890,2025-06-08,Electronics,336.76,8,2694.08
891,2025-06-09,Home,168.28,5,841.4
892,2025-06-10,Home,449.98,5,2249.9
893,2025-06-11,Electronics,445.18,3,1335.54
894,2025-06-12,Electronics,169.39,8,1355.12
895,2025-06-13,Toys,451.47,6,2708.82
896,2025-06-14,Toys,498.12,2,996.24
897,2025-06-15,Clothing,414.45,2,828.9
898,2025-06-16,Toys,423.99,9,3815.91
899,2025-06-17,Home,132.01,7,924.0699999999999
900,2025-06-18,Home,292.58,9,2633.22
901,2025-06-19,Electronics,42.96,6,257.76
902,2025-06-20,Toys,56.51,5,282.55
903,2025-06-21,Clothing,499.46,1,499.46
904,2025-06-22,Home,170.05,6,1020.3000000000001
905,2025-06-23,Home,376.61,6,2259.66
906,2025-06-24,Clothing,405.27,3,1215.81
907,2025-06-25,Clothing,430.43,3,1291.29
908,2025-06-26,Home,498.84,3,1496.52
909,2025-06-27,Home,128.33,3,384.99
910,2025-06-28,Clothing,29.77,7,208.39
911,2025-06-29,Home,211.48,2,422.96
912,2025-06-30,Electronics,73.74,2,147.48
913,2025-07-01,Electronics,20.99,3,62.97
914,2025-07-02,Clothing,186.61,7,1306.27
915,2025-07-03,Toys,394.03,3,1182.09
916,2025-07-04,Clothing,287.43,7,2012.01
917,2025-07-05,Clothing,163.26,9,1469.34
918,2025-07-06,Toys,330.63,4,1322.52
919,2025-07-07,Toys,123.69,7,865.8299999999999
920,2025-07-08,Toys,17.05,9,153.45000000000002
921,2025-07-09,Electronics,384.53,8,3076.24
922,2025-07-10,Home,315.63,8,2525.04
923,2025-07-11,Electronics,383.53,9,3451.7699999999995
924,2025-07-12,Home,29.08,5,145.39999999999998
925,2025-07-13,Electronics,420.19,5,2100.95
926,2025-07-14,Home,313.57,3,940.71
927,2025-07-15,Electronics,286.06,5,1430.3
928,2025-07-16,Toys,316.06,8,2528.48
929,2025-07-17,Clothing,433.57,5,2167.85
930,2025-07-18,Electronics,297.6,4,1190.4
931,2025-07-19,Home,294.67,8,2357.36
932,2025-07-20,Toys,495.43,7,3468.01
933,2025-07-21,Electronics,380.8,6,2284.8
934,2025-07-22,Electronics,226.72,5,1133.6
935,2025-07-23,Toys,356.62,5,1783.1
936,2025-07-24,Electronics,200.72,2,401.44
937,2025-07-25,Clothing,122.15,4,488.6
938,2025-07-26,Electronics,302.46,8,2419.68
939,2025-07-27,Clothing,464.81,8,3718.48
940,2025-07-28,Clothing,465.28,1,465.28
941,2025-07-29,Toys,177.53,2,355.06
942,2025-07-30,Electronics,268.56,5,1342.8
943,2025-07-31,Toys,113.7,9,1023.3000000000001
944,2025-08-01,Electronics,497.86,7,3485.02
945,2025-08-02,Electronics,490.75,5,2453.75
946,2025-08-03,Home,328.26,1,328.26
947,2025-08-04,Electronics,404.16,6,2424.96
948,2025-08-05,Toys,360.4,8,2883.2
949,2025-08-06,Clothing,300.65,7,2104.5499999999997
950,2025-08-07,Electronics,36.14,2,72.28
951,2025-08-08,Home,232.83,5,1164.15
952,2025-08-09,Toys,340.65,4,1362.6
953,2025-08-10,Electronics,341.99,9,3077.91
954,2025-08-11,Toys,192.83,1,192.83
955,2025-08-12,Home,471.43,6,2828.58
956,2025-08-13,Home,92.0,3,276.0
957,2025-08-14,Toys,255.18,9,2296.62
958,2025-08-15,Electronics,348.53,5,1742.6499999999999
959,2025-08-16,Clothing,351.6,6,2109.6000000000004
960,2025-08-17,Home,327.83,9,2950.47
961,2025-08-18,Electronics,144.89,9,1304.0099999999998
962,2025-08-19,Electronics,86.54,8,692.32
963,2025-08-20,Clothing,321.61,9,2894.4900000000002
964,2025-08-21,Home,303.66,4,1214.64
965,2025-08-22,Home,97.88,6,587.28
966,2025-08-23,Electronics,355.52,5,1777.6
967,2025-08-24,Electronics,233.03,5,1165.15
968,2025-08-25,Clothing,337.2,4,1348.8
969,2025-08-26,Clothing,420.31,2,840.62
970,2025-08-27,Home,93.17,6,559.02
971,2025-08-28,Toys,19.38,9,174.42
972,2025-08-29,Home,391.76,1,391.76
973,2025-08-30,Electronics,308.75,7,2161.25
974,2025-08-31,Home,352.82,6,2116.92
975,2025-09-01,Toys,420.7,3,1262.1
976,2025-09-02,Clothing,403.38,1,403.38
977,2025-09-03,Toys,480.85,4,1923.4
978,2025-09-04,Toys,272.61,9,2453.4900000000002
979,2025-09-05,Toys,249.36,2,498.72
980,2025-09-06,Clothing,206.92,3,620.76
981,2025-09-07,Toys,85.31,2,170.62
982,2025-09-08,Toys,290.58,2,581.16
983,2025-09-09,Toys,145.74,8,1165.92
984,2025-09-10,Electronics,461.44,3,1384.32
985,2025-09-11,Toys,295.76,7,2070.3199999999997
986,2025-09-12,Clothing,300.49,8,2403.92
987,2025-09-13,Toys,183.91,3,551.73
988,2025-09-14,Toys,35.47,2,70.94
989,2025-09-15,Clothing,25.55,8,204.4
990,2025-09-16,Toys,217.43,3,652.29
991,2025-09-17,Clothing,51.44,7,360.08
992,2025-09-18,Toys,307.36,1,307.36
993,2025-09-19,Clothing,441.68,6,2650.08
994,2025-09-20,Toys,442.63,9,3983.67
995,2025-09-21,Toys,332.93,3,998.79
996,2025-09-22,Electronics,113.5,7,794.5
997,2025-09-23,Electronics,432.87,6,2597.2200000000003
998,2025-09-24,Toys,444.19,8,3553.52
999,2025-09-25,Toys,106.36,3,319.08
1000,2025-09-26,Home,371.34,3,1114.02
1001,2025-09-27,Clothing,150.39,4,601.56
1002,2025-09-28,Home,403.29,3,1209.8700000000001
1003,2025-09-29,Electronics,498.65,9,4487.849999999999
1004,2025-09-30,Electronics,24.71,4,98.84
1005,2025-10-01,Electronics,449.71,6,2698.2599999999998
1006,2025-10-02,Electronics,315.09,8,2520.72
1007,2025-10-03,Toys,486.96,8,3895.68
1008,2025-10-04,Electronics,237.85,5,1189.25
1009,2025-10-05,Toys,425.22,5,2126.1000000000004
1010,2025-10-06,Toys,40.57,6,243.42000000000002
1011,2025-10-07,Electronics,174.29,7,1220.03
1012,2025-10-08,Electronics,42.84,7,299.88
1013,2025-10-09,Clothing,487.92,4,1951.68
1014,2025-10-10,Home,410.32,6,2461.92
1015,2025-10-11,Electronics,427.75,7,2994.25
1016,2025-10-12,Clothing,469.6,5,2348.0
1017,2025-10-13,Clothing,51.7,5,258.5
1018,2025-10-14,Home,198.94,2,397.88
1019,2025-10-15,Toys,44.81,7,313.67
1020,2025-10-16,Electronics,113.29,6,679.74
1021,2025-10-17,Home,122.39,1,122.39
1022,2025-10-18,Electronics,239.86,4,959.44
1023,2025-10-19,Clothing,141.6,3,424.79999999999995
1024,2025-10-20,Clothing,59.48,3,178.44
1025,2025-10-21,Toys,92.07,7,644.49
1026,2025-10-22,Clothing,82.17,4,328.68
1027,2025-10-23,Clothing,486.81,8,3894.48
1028,2025-10-24,Home,382.05,9,3438.4500000000003
1029,2025-10-25,Electronics,484.2,3,1452.6
1030,2025-10-26,Electronics,225.47,5,1127.35
1031,2025-10-27,Home,146.4,4,585.6
1032,2025-10-28,Toys,401.16,6,2406.96
1033,2025-10-29,Electronics,169.86,4,679.44
1034,2025-10-30,Clothing,156.7,8,1253.6
1035,2025-10-31,Electronics,123.93,3,371.79
1036,2025-11-01,Clothing,73.54,5,367.70000000000005
1037,2025-11-02,Toys,135.67,1,135.67
1038,2025-11-03,Home,184.11,6,1104.66
1039,2025-11-04,Electronics,340.26,5,1701.3
1040,2025-11-05,Home,40.66,8,325.28
1041,2025-11-06,Electronics,113.15,9,1018.35
1042,2025-11-07,Clothing,406.42,8,3251.36
1043,2025-11-08,Home,81.99,8,655.92
1044,2025-11-09,Electronics,177.9,3,533.7
1045,2025-11-10,Clothing,433.68,4,1734.72
1046,2025-11-11,Home,85.91,4,343.64
1047,2025-11-12,Home,50.54,5,252.7
1048,2025-11-13,Electronics,247.42,9,2226.7799999999997
1049,2025-11-14,Electronics,158.19,9,1423.71
1050,2025-11-15,Electronics,286.07,1,286.07
1051,2025-11-16,Clothing,403.86,8,3230.88
1052,2025-11-17,Electronics,77.2,1,77.2
1053,2025-11-18,Home,294.54,2,589.08
1054,2025-11-19,Home,257.7,7,1803.8999999999999
1055,2025-11-20,Electronics,80.6,8,644.8
1056,2025-11-21,Electronics,315.76,1,315.76
1057,2025-11-22,Toys,144.08,3,432.24
1058,2025-11-23,Home,249.04,7,1743.28
1059,2025-11-24,Clothing,50.31,9,452.79
1060,2025-11-25,Toys,235.2,8,1881.6
1061,2025-11-26,Electronics,160.17,8,1281.36
1062,2025-11-27,Electronics,412.97,9,3716.7300000000005
1063,2025-11-28,Home,37.92,3,113.76
1064,2025-11-29,Electronics,215.12,8,1720.96
1065,2025-11-30,Clothing,234.63,1,234.63
1066,2025-12-01,Home,365.25,8,2922.0
1067,2025-12-02,Electronics,291.4,7,2039.7999999999997
1068,2025-12-03,Home,336.93,8,2695.44
1069,2025-12-04,Electronics,390.75,1,390.75
1070,2025-12-05,Electronics,432.48,6,2594.88
1071,2025-12-06,Electronics,163.8,7,1146.6000000000001
1072,2025-12-07,Clothing,273.63,5,1368.15
1073,2025-12-08,Clothing,421.65,5,2108.25
1074,2025-12-09,Home,494.83,7,3463.81
1075,2025-12-10,Electronics,445.86,3,1337.58
1076,2025-12-11,Electronics,192.02,6,1152.1200000000001
1077,2025-12-12,Clothing,105.63,7,739.41
1078,2025-12-13,Electronics,249.8,1,249.8
1079,2025-12-14,Clothing,373.4,2,746.8
1080,2025-12-15,Electronics,251.36,4,1005.44
1081,2025-12-16,Home,246.76,8,1974.08
1082,2025-12-17,Electronics,420.73,6,2524.38
1083,2025-12-18,Electronics,187.09,1,187.09
1084,2025-12-19,Toys,431.3,5,2156.5
1085,2025-12-20,Clothing,209.33,7,1465.3100000000002
1086,2025-12-21,Electronics,170.83,6,1024.98
1087,2025-12-22,Electronics,232.46,9,2092.14
1088,2025-12-23,Toys,383.6,8,3068.8
1089,2025-12-24,Toys,71.74,4,286.96
1090,2025-12-25,Clothing,106.25,5,531.25
1091,2025-12-26,Toys,476.21,7,3333.47
1092,2025-12-27,Home,95.99,8,767.92
1093,2025-12-28,Toys,288.19,5,1440.95
1094,2025-12-29,Home,293.86,9,2644.7400000000002
1095,2025-12-30,Clothing,249.92,4,999.68
1096,2025-12-31,Clothing,325.93,4,1303.72
1097,2026-01-01,Clothing,122.62,8,980.96
1098,2026-01-02,Clothing,280.8,1,280.8
1099,2026-01-03,Clothing,192.36,8,1538.88
1100,2026-01-04,Home,334.22,5,1671.1000000000001
1101,2026-01-05,Home,79.2,1,79.2
1102,2026-01-06,Clothing,289.73,4,1158.92
1103,2026-01-07,Toys,100.78,2,201.56
1104,2026-01-08,Electronics,146.54,4,586.16
1105,2026-01-09,Clothing,117.17,8,937.36
1106,2026-01-10,Toys,99.59,5,497.95000000000005
1107,2026-01-11,Electronics,414.6,1,414.6
1108,2026-01-12,Clothing,150.0,7,1050.0
1109,2026-01-13,Clothing,464.29,1,464.29
1110,2026-01-14,Home,485.26,9,4367.34
1111,2026-01-15,Electronics,289.92,3,869.76
1112,2026-01-16,Electronics,80.07,3,240.20999999999998
1113,2026-01-17,Toys,193.53,6,1161.18
1114,2026-01-18,Home,400.89,6,2405.34
1115,2026-01-19,Home,190.02,6,1140.1200000000001
1116,2026-01-20,Home,52.64,1,52.64
1117,2026-01-21,Home,282.82,5,1414.1
1118,2026-01-22,Electronics,424.11,6,2544.66
1119,2026-01-23,Electronics,400.0,8,3200.0
1120,2026-01-24,Clothing,95.81,1,95.81
1121,2026-01-25,Clothing,339.65,5,1698.25
1122,2026-01-26,Home,118.05,3,354.15
1123,2026-01-27,Home,116.92,2,233.84
1124,2026-01-28,Home,438.3,8,3506.4
1125,2026-01-29,Clothing,132.34,7,926.38
1126,2026-01-30,Toys,138.99,7,972.9300000000001
1127,2026-01-31,Toys,10.32,5,51.6
1128,2026-02-01,Clothing,436.63,9,3929.67
1129,2026-02-02,Clothing,398.37,5,1991.85
1130,2026-02-03,Clothing,317.39,2,634.78
1131,2026-02-04,Clothing,377.63,3,1132.8899999999999
1132,2026-02-05,Clothing,84.5,4,338.0
1133,2026-02-06,Clothing,234.58,5,1172.9
1134,2026-02-07,Home,182.1,3,546.3
1135,2026-02-08,Home,55.95,7,391.65000000000003
1136,2026-02-09,Home,248.2,5,1241.0
1137,2026-02-10,Home,461.16,5,2305.8
1138,2026-02-11,Clothing,29.63,6,177.78
1139,2026-02-12,Toys,152.82,7,1069.74
1140,2026-02-13,Electronics,111.7,8,893.6
1141,2026-02-14,Clothing,126.69,9,1140.21
1142,2026-02-15,Electronics,455.13,4,1820.52
1143,2026-02-16,Toys,239.35,5,1196.75
1144,2026-02-17,Home,238.49,5,1192.45
1145,2026-02-18,Toys,382.68,8,3061.44
1146,2026-02-19,Clothing,85.7,9,771.3000000000001
1147,2026-02-20,Home,248.76,7,1741.32
1148,2026-02-21,Clothing,220.69,5,1103.45
1149,2026-02-22,Home,302.49,3,907.47
1150,2026-02-23,Electronics,499.78,1,499.78
1151,2026-02-24,Electronics,387.03,9,3483.2699999999995
1152,2026-02-25,Electronics,204.95,5,1024.75
1153,2026-02-26,Toys,415.5,9,3739.5
1154,2026-02-27,Clothing,93.65,4,374.6
1155,2026-02-28,Toys,24.93,5,124.65
1156,2026-03-01,Electronics,110.18,4,440.72
1157,2026-03-02,Clothing,176.8,2,353.6
1158,2026-03-03,Electronics,260.18,1,260.18
1159,2026-03-04,Toys,311.41,8,2491.28
1160,2026-03-05,Toys,456.2,4,1824.8
1161,2026-03-06,Toys,259.83,5,1299.1499999999999
1162,2026-03-07,Electronics,255.63,6,1533.78
1163,2026-03-08,Clothing,34.62,8,276.96
1164,2026-03-09,Clothing,27.11,8,216.88
1165,2026-03-10,Electronics,280.07,7,1960.49
1166,2026-03-11,Clothing,224.71,4,898.84
1167,2026-03-12,Electronics,421.2,6,2527.2
1168,2026-03-13,Clothing,88.73,4,354.92
1169,2026-03-14,Home,22.24,7,155.67999999999998
1170,2026-03-15,Home,230.03,1,230.03
1171,2026-03-16,Toys,126.36,5,631.8
1172,2026-03-17,Home,34.31,4,137.24
1173,2026-03-18,Home,365.05,7,2555.35
1174,2026-03-19,Home,64.68,9,582.1200000000001
1175,2026-03-20,Electronics,308.08,5,1540.3999999999999
1176,2026-03-21,Home,147.71,4,590.84
1177,2026-03-22,Home,95.01,9,855.09
1178,2026-03-23,Toys,196.08,5,980.4000000000001
1179,2026-03-24,Home,402.71,9,3624.39
1180,2026-03-25,Home,202.13,8,1617.04
1181,2026-03-26,Clothing,377.88,4,1511.52
1182,2026-03-27,Toys,71.49,7,500.42999999999995
1183,2026-03-28,Toys,388.66,5,1943.3000000000002
1184,2026-03-29,Toys,126.1,4,504.4
1185,2026-03-30,Toys,341.92,5,1709.6000000000001
1186,2026-03-31,Toys,287.23,5,1436.15
1187,2026-04-01,Toys,465.28,9,4187.5199999999995
1188,2026-04-02,Electronics,199.79,9,1798.11
1189,2026-04-03,Home,42.42,6,254.52
1190,2026-04-04,Toys,19.39,4,77.56
1191,2026-04-05,Home,415.16,2,830.32
1192,2026-04-06,Home,267.12,3,801.36
1193,2026-04-07,Electronics,389.87,2,779.74
1194,2026-04-08,Toys,124.87,5,624.35
1195,2026-04-09,Clothing,179.09,6,1074.54
1196,2026-04-10,Electronics,24.75,5,123.75
1197,2026-04-11,Clothing,481.13,2,962.26
1198,2026-04-12,Home,337.26,5,1686.3
1199,2026-04-13,Home,467.27,9,4205.43
1200,2026-04-14,Electronics,140.09,4,560.36
1201,2026-04-15,Electronics,309.62,2,619.24
1202,2026-04-16,Clothing,342.46,3,1027.3799999999999
1203,2026-04-17,Toys,165.6,3,496.79999999999995
1204,2026-04-18,Clothing,425.57,9,3830.13
1205,2026-04-19,Electronics,474.11,4,1896.44
1206,2026-04-20,Clothing,443.58,1,443.58
1207,2026-04-21,Electronics,372.14,1,372.14
1208,2026-04-22,Clothing,145.96,7,1021.72
1209,2026-04-23,Electronics,147.99,7,1035.93
1210,2026-04-24,Electronics,482.05,2,964.1
1211,2026-04-25,Electronics,15.04,9,135.35999999999999
1212,2026-04-26,Toys,360.86,9,3247.7400000000002
1213,2026-04-27,Clothing,356.06,5,1780.3
1214,2026-04-28,Clothing,315.12,3,945.36
1215,2026-04-29,Clothing,495.15,3,1485.4499999999998
1216,2026-04-30,Electronics,162.82,3,488.46
1217,2026-05-01,Clothing,176.59,6,1059.54
1218,2026-05-02,Clothing,48.68,4,194.72
1219,2026-05-03,Electronics,226.97,8,1815.76
1220,2026-05-04,Home,137.91,5,689.55
1221,2026-05-05,Electronics,178.26,1,178.26
1222,2026-05-06,Clothing,418.94,9,3770.46
1223,2026-05-07,Electronics,468.39,1,468.39
1224,2026-05-08,Home,101.01,6,606.0600000000001
1225,2026-05-09,Electronics,192.53,1,192.53
1226,2026-05-10,Clothing,465.03,3,1395.09
1227,2026-05-11,Home,40.29,5,201.45
1228,2026-05-12,Toys,55.26,7,386.82
1229,2026-05-13,Clothing,89.77,8,718.16
1230,2026-05-14,Home,301.65,9,2714.85
1231,2026-05-15,Home,83.73,6,502.38
1232,2026-05-16,Toys,484.36,9,4359.24
1233,2026-05-17,Electronics,228.89,8,1831.12
1234,2026-05-18,Electronics,255.74,9,2301.66
1235,2026-05-19,Clothing,130.86,4,523.44
1236,2026-05-20,Toys,240.77,9,2166.9300000000003
1237,2026-05-21,Electronics,334.34,7,2340.3799999999997
1238,2026-05-22,Toys,378.08,5,1890.3999999999999
1239,2026-05-23,Electronics,379.4,5,1897.0
1240,2026-05-24,Home,293.17,1,293.17
1241,2026-05-25,Electronics,453.14,2,906.28
1242,2026-05-26,Toys,410.53,3,1231.59
1243,2026-05-27,Home,380.95,8,3047.6
1244,2026-05-28,Home,37.25,6,223.5
1245,2026-05-29,Home,13.37,5,66.85
1246,2026-05-30,Toys,114.1,1,114.1
1247,2026-05-31,Clothing,335.13,9,3016.17
1248,2026-06-01,Clothing,211.49,3,634.47
1249,2026-06-02,Clothing,207.18,3,621.54
1250,2026-06-03,Toys,443.45,2,886.9
1251,2026-06-04,Home,448.83,4,1795.32
1252,2026-06-05,Clothing,455.5,2,911.0
1253,2026-06-06,Toys,163.8,9,1474.2
1254,2026-06-07,Clothing,348.62,7,2440.34
1255,2026-06-08,Electronics,143.1,8,1144.8
1256,2026-06-09,Clothing,103.4,3,310.20000000000005
1257,2026-06-10,Clothing,100.47,6,602.8199999999999
1258,2026-06-11,Home,177.63,6,1065.78
1259,2026-06-12,Toys,220.68,1,220.68
1260,2026-06-13,Home,417.17,6,2503.02
1261,2026-06-14,Home,68.75,3,206.25
1262,2026-06-15,Home,370.11,3,1110.33
1263,2026-06-16,Home,270.41,3,811.23
1264,2026-06-17,Home,151.09,8,1208.72
1265,2026-06-18,Clothing,251.48,5,1257.3999999999999
1266,2026-06-19,Home,156.97,4,627.88
1267,2026-06-20,Home,302.08,9,2718.72
1268,2026-06-21,Toys,222.58,9,2003.22
1269,2026-06-22,Electronics,90.56,1,90.56
1270,2026-06-23,Clothing,67.13,2,134.26
1271,2026-06-24,Clothing,277.88,8,2223.04
1272,2026-06-25,Clothing,452.18,5,2260.9
1273,2026-06-26,Home,178.54,7,1249.78
1274,2026-06-27,Home,369.17,1,369.17
1275,2026-06-28,Home,332.74,5,1663.7
1276,2026-06-29,Toys,466.46,3,1399.3799999999999
1277,2026-06-30,Electronics,412.28,2,824.56
1278,2026-07-01,Home,287.64,2,575.28
1279,2026-07-02,Electronics,331.94,9,2987.46
1280,2026-07-03,Toys,450.21,4,1800.84
1281,2026-07-04,Clothing,205.76,4,823.04
1282,2026-07-05,Home,170.13,7,1190.9099999999999
1283,2026-07-06,Electronics,15.3,2,30.6
1284,2026-07-07,Electronics,415.01,3,1245.03
1285,2026-07-08,Home,402.48,3,1207.44
1286,2026-07-09,Clothing,61.18,6,367.08
1287,2026-07-10,Clothing,292.66,3,877.98
1288,2026-07-11,Clothing,237.35,5,1186.75
1289,2026-07-12,Toys,68.17,4,272.68
1290,2026-07-13,Electronics,490.48,3,1471.44
1291,2026-07-14,Electronics,115.2,8,921.6
1292,2026-07-15,Electronics,42.94,3,128.82
1293,2026-07-16,Toys,301.48,6,1808.88
1294,2026-07-17,Electronics,372.04,7,2604.28
1295,2026-07-18,Toys,25.9,7,181.29999999999998
1296,2026-07-19,Clothing,332.77,2,665.54
1297,2026-07-20,Home,270.82,3,812.46
1298,2026-07-21,Electronics,60.6,4,242.4
1299,2026-07-22,Electronics,94.54,7,661.7800000000001
1300,2026-07-23,Clothing,288.31,2,576.62
1301,2026-07-24,Home,155.22,3,465.65999999999997
1302,2026-07-25,Toys,469.77,7,3288.39
1303,2026-07-26,Home,411.18,7,2878.26
1304,2026-07-27,Clothing,491.95,3,1475.85
1305,2026-07-28,Clothing,137.24,1,137.24
1306,2026-07-29,Home,485.16,3,1455.48
1307,2026-07-30,Toys,221.3,5,1106.5
1308,2026-07-31,Toys,180.28,7,1261.96
1309,2026-08-01,Electronics,34.67,4,138.68
1310,2026-08-02,Toys,35.85,1,35.85
1311,2026-08-03,Home,349.09,6,2094.54
1312,2026-08-04,Clothing,234.39,2,468.78
1313,2026-08-05,Electronics,121.0,3,363.0
1314,2026-08-06,Electronics,310.85,4,1243.4
1315,2026-08-07,Clothing,133.9,6,803.4000000000001
1316,2026-08-08,Toys,293.04,6,1758.2400000000002
1317,2026-08-09,Clothing,186.01,7,1302.07
1318,2026-08-10,Toys,413.54,5,2067.7000000000003
1319,2026-08-11,Clothing,412.14,7,2884.98
1320,2026-08-12,Home,243.9,2,487.8
1321,2026-08-13,Toys,181.9,1,181.9
1322,2026-08-14,Home,187.65,8,1501.2
1323,2026-08-15,Electronics,404.8,1,404.8
1324,2026-08-16,Clothing,170.81,2,341.62
1325,2026-08-17,Electronics,112.44,6,674.64
1326,2026-08-18,Electronics,51.5,1,51.5
1327,2026-08-19,Electronics,238.68,3,716.04
1328,2026-08-20,Electronics,246.24,7,1723.68
1329,2026-08-21,Clothing,422.05,8,3376.4
1330,2026-08-22,Electronics,118.41,4,473.64
1331,2026-08-23,Clothing,196.69,3,590.0699999999999
1332,2026-08-24,Clothing,406.12,1,406.12
1333,2026-08-25,Home,413.58,9,3722.22
1334,2026-08-26,Toys,198.46,6,1190.76
1335,2026-08-27,Toys,234.97,6,1409.82
1336,2026-08-28,Clothing,158.61,9,1427.4900000000002
1337,2026-08-29,Home,466.95,1,466.95
1338,2026-08-30,Clothing,68.14,6,408.84000000000003
1339,2026-08-31,Clothing,467.54,5,2337.7000000000003
1340,2026-09-01,Clothing,345.09,6,2070.54
1341,2026-09-02,Home,270.47,8,2163.76
1342,2026-09-03,Toys,26.0,5,130.0
1343,2026-09-04,Home,243.04,2,486.08
1344,2026-09-05,Electronics,209.8,2,419.6
1345,2026-09-06,Home,89.0,5,445.0
1346,2026-09-07,Home,331.64,3,994.92
1347,2026-09-08,Home,485.86,3,1457.58
1348,2026-09-09,Home,285.47,8,2283.76
1349,2026-09-10,Toys,360.23,7,2521.61
1350,2026-09-11,Electronics,43.54,1,43.54
1351,2026-09-12,Toys,214.66,5,1073.3
1352,2026-09-13,Toys,67.02,9,603.18
1353,2026-09-14,Home,310.27,4,1241.08
1354,2026-09-15,Clothing,469.86,1,469.86
1355,2026-09-16,Clothing,334.27,8,2674.16
1356,2026-09-17,Toys,47.63,5,238.15
1357,2026-09-18,Toys,183.79,2,367.58
1358,2026-09-19,Home,279.83,1,279.83
1359,2026-09-20,Toys,207.57,3,622.71
1360,2026-09-21,Home,418.49,9,3766.41
1361,2026-09-22,Clothing,409.19,1,409.19
1362,2026-09-23,Clothing,309.8,4,1239.2
1363,2026-09-24,Electronics,192.99,8,1543.92
1364,2026-09-25,Clothing,135.11,8,1080.88
1365,2026-09-26,Toys,61.88,8,495.04
1366,2026-09-27,Clothing,183.9,8,1471.2
1367,2026-09-28,Home,212.45,4,849.8
1368,2026-09-29,Clothing,341.15,8,2729.2
1369,2026-09-30,Electronics,332.5,9,2992.5
1370,2026-10-01,Clothing,44.35,7,310.45
1371,2026-10-02,Home,203.68,2,407.36
1372,2026-10-03,Home,99.07,9,891.6299999999999
1373,2026-10-04,Toys,86.84,8,694.72
1374,2026-10-05,Clothing,415.38,5,2076.9
1375,2026-10-06,Home,30.54,3,91.62
1376,2026-10-07,Electronics,215.4,7,1507.8
1377,2026-10-08,Toys,92.42,2,184.84
1378,2026-10-09,Electronics,440.87,3,1322.6100000000001
1379,2026-10-10,Clothing,282.95,9,2546.5499999999997
1380,2026-10-11,Clothing,123.38,4,493.52
1381,2026-10-12,Clothing,256.19,4,1024.76
1382,2026-10-13,Toys,368.43,3,1105.29
1383,2026-10-14,Home,479.48,5,2397.4
1384,2026-10-15,Toys,118.02,3,354.06
1385,2026-10-16,Electronics,444.23,9,3998.07
1386,2026-10-17,Toys,467.81,3,1403.43
1387,2026-10-18,Electronics,459.05,2,918.1
1388,2026-10-19,Toys,321.35,5,1606.75
1389,2026-10-20,Home,318.61,6,1911.66
1390,2026-10-21,Electronics,207.57,1,207.57
1391,2026-10-22,Clothing,378.67,6,2272.02
1392,2026-10-23,Clothing,270.33,3,810.99
1393,2026-10-24,Toys,341.94,4,1367.76
1394,2026-10-25,Clothing,219.94,6,1319.6399999999999
1395,2026-10-26,Electronics,368.43,8,2947.44
1396,2026-10-27,Clothing,413.99,9,3725.91
1397,2026-10-28,Home,81.75,6,490.5
1398,2026-10-29,Home,418.14,7,2926.98
1399,2026-10-30,Toys,274.75,5,1373.75
1400,2026-10-31,Electronics,423.89,9,3815.0099999999998
1401,2026-11-01,Home,221.34,4,885.36
1402,2026-11-02,Home,195.73,6,1174.3799999999999
1403,2026-11-03,Electronics,458.38,5,2291.9
1404,2026-11-04,Clothing,133.07,1,133.07
1405,2026-11-05,Clothing,423.66,5,2118.3
1406,2026-11-06,Toys,247.17,5,1235.85
1407,2026-11-07,Clothing,261.91,9,2357.19
1408,2026-11-08,Electronics,161.15,1,161.15
1409,2026-11-09,Home,290.79,5,1453.95
1410,2026-11-10,Clothing,169.35,7,1185.45
1411,2026-11-11,Toys,29.24,6,175.44
1412,2026-11-12,Clothing,143.28,6,859.6800000000001
1413,2026-11-13,Electronics,13.13,7,91.91000000000001
1414,2026-11-14,Toys,489.39,6,2936.34
1415,2026-11-15,Clothing,483.22,5,2416.1000000000004
1416,2026-11-16,Toys,203.63,5,1018.15
1417,2026-11-17,Electronics,366.9,9,3302.1
1418,2026-11-18,Home,179.44,8,1435.52
1419,2026-11-19,Electronics,338.84,4,1355.36
1420,2026-11-20,Electronics,404.66,4,1618.64
1421,2026-11-21,Electronics,473.91,5,2369.55
1422,2026-11-22,Electronics,206.1,3,618.3
1423,2026-11-23,Home,393.82,8,3150.56
1424,2026-11-24,Home,140.3,7,982.1000000000001
1425,2026-11-25,Toys,495.26,5,2476.3
1426,2026-11-26,Clothing,22.63,3,67.89
1427,2026-11-27,Home,305.73,5,1528.65
1428,2026-11-28,Home,333.16,3,999.48
1429,2026-11-29,Clothing,347.14,5,1735.6999999999998
1430,2026-11-30,Home,68.99,1,68.99
1431,2026-12-01,Electronics,469.88,6,2819.2799999999997
1432,2026-12-02,Electronics,98.78,4,395.12
1433,2026-12-03,Clothing,315.15,4,1260.6
1434,2026-12-04,Toys,119.11,8,952.88
1435,2026-12-05,Toys,160.54,2,321.08
1436,2026-12-06,Clothing,277.76,4,1111.04
1437,2026-12-07,Clothing,214.42,2,428.84
1438,2026-12-08,Electronics,88.51,1,88.51
1439,2026-12-09,Toys,93.76,3,281.28000000000003
1440,2026-12-10,Home,214.89,8,1719.12
1441,2026-12-11,Electronics,381.07,6,2286.42
1442,2026-12-12,Clothing,450.0,7,3150.0
1443,2026-12-13,Toys,51.22,2,102.44
1444,2026-12-14,Home,202.62,6,1215.72
1445,2026-12-15,Home,59.12,8,472.96
1446,2026-12-16,Electronics,18.13,8,145.04
1447,2026-12-17,Toys,334.24,4,1336.96
1448,2026-12-18,Toys,305.2,6,1831.1999999999998
1449,2026-12-19,Clothing,89.88,5,449.4
1450,2026-12-20,Toys,124.57,9,1121.1299999999999
1451,2026-12-21,Toys,21.62,8,172.96
1452,2026-12-22,Electronics,419.12,2,838.24
1453,2026-12-23,Toys,487.6,7,3413.2000000000003
1454,2026-12-24,Home,76.38,7,534.66
1455,2026-12-25,Electronics,123.42,1,123.42
1456,2026-12-26,Electronics,435.52,1,435.52
1457,2026-12-27,Clothing,463.97,4,1855.88
1458,2026-12-28,Toys,215.62,5,1078.1
1459,2026-12-29,Clothing,34.81,4,139.24
1460,2026-12-30,Home,29.3,7,205.1
1461,2026-12-31,Electronics,291.24,3,873.72
1462,2027-01-01,Electronics,202.52,7,1417.64
1463,2027-01-02,Electronics,24.04,8,192.32
1464,2027-01-03,Home,295.79,6,1774.7400000000002
1465,2027-01-04,Home,15.54,6,93.24
1466,2027-01-05,Clothing,395.81,8,3166.48
1467,2027-01-06,Clothing,160.15,8,1281.2
1468,2027-01-07,Clothing,29.73,7,208.11
1469,2027-01-08,Toys,298.29,6,1789.7400000000002
1470,2027-01-09,Electronics,204.87,6,1229.22
1471,2027-01-10,Electronics,487.16,6,2922.96
1472,2027-01-11,Clothing,276.66,8,2213.28
1473,2027-01-12,Electronics,144.87,1,144.87
1474,2027-01-13,Clothing,357.63,5,1788.15
1475,2027-01-14,Toys,143.03,3,429.09000000000003
1476,2027-01-15,Toys,453.08,8,3624.64
1477,2027-01-16,Home,193.61,6,1161.66
1478,2027-01-17,Toys,279.44,2,558.88
1479,2027-01-18,Clothing,34.78,7,243.46
1480,2027-01-19,Toys,218.8,7,1531.6000000000001
1481,2027-01-20,Home,417.86,5,2089.3
1482,2027-01-21,Electronics,404.77,8,3238.16
1483,2027-01-22,Clothing,119.92,5,599.6
1484,2027-01-23,Electronics,120.78,1,120.78
1485,2027-01-24,Home,410.48,9,3694.32
1486,2027-01-25,Home,465.9,4,1863.6
1487,2027-01-26,Home,56.73,2,113.46
1488,2027-01-27,Electronics,230.53,4,922.12
1489,2027-01-28,Electronics,175.35,9,1578.1499999999999
1490,2027-01-29,Electronics,436.64,2,873.28
1491,2027-01-30,Electronics,50.93,4,203.72
1492,2027-01-31,Home,113.45,2,226.9
1493,2027-02-01,Home,378.71,5,1893.55
1494,2027-02-02,Clothing,35.13,3,105.39000000000001
1495,2027-02-03,Clothing,251.34,2,502.68
1496,2027-02-04,Electronics,226.63,9,2039.67
1497,2027-02-05,Toys,173.86,5,869.3000000000001
1498,2027-02-06,Toys,203.34,5,1016.7
1499,2027-02-07,Home,269.67,1,269.67
1500,2027-02-08,Home,89.07,6,534.42
1501,2027-02-09,Home,290.28,7,2031.9599999999998
1502,2027-02-10,Clothing,404.66,1,404.66
1503,2027-02-11,Clothing,382.48,9,3442.32
1504,2027-02-12,Home,85.41,8,683.28
1505,2027-02-13,Home,83.13,8,665.04
1506,2027-02-14,Home,141.41,7,989.87
1507,2027-02-15,Toys,186.93,5,934.6500000000001
1508,2027-02-16,Clothing,210.14,3,630.42
1509,2027-02-17,Toys,343.05,9,3087.4500000000003
1510,2027-02-18,Toys,37.77,7,264.39000000000004
1511,2027-02-19,Home,26.99,8,215.92
1512,2027-02-20,Home,202.04,6,1212.24
1513,2027-02-21,Electronics,351.61,5,1758.0500000000002
1514,2027-02-22,Electronics,104.78,8,838.24
1515,2027-02-23,Toys,324.34,3,973.02
1516,2027-02-24,Clothing,137.32,7,961.24
1517,2027-02-25,Home,444.18,2,888.36
1518,2027-02-26,Home,448.89,3,1346.67
1519,2027-02-27,Toys,155.67,2,311.34
1520,2027-02-28,Electronics,122.7,5,613.5
1521,2027-03-01,Clothing,211.54,7,1480.78
1522,2027-03-02,Electronics,127.86,1,127.86
1523,2027-03-03,Electronics,339.47,9,3055.2300000000005
1524,2027-03-04,Electronics,414.77,1,414.77
1525,2027-03-05,Electronics,339.82,1,339.82
1526,2027-03-06,Home,413.93,8,3311.44
1527,2027-03-07,Home,204.53,6,1227.18
1528,2027-03-08,Electronics,86.6,6,519.5999999999999
1529,2027-03-09,Clothing,371.6,9,3344.4
1530,2027-03-10,Toys,186.63,4,746.52
1531,2027-03-11,Clothing,338.92,8,2711.36
1532,2027-03-12,Clothing,142.62,4,570.48
1533,2027-03-13,Clothing,49.8,2,99.6
1534,2027-03-14,Electronics,496.37,8,3970.96
1535,2027-03-15,Home,86.54,7,605.7800000000001
1536,2027-03-16,Clothing,494.33,4,1977.32
1537,2027-03-17,Electronics,488.87,9,4399.83
1538,2027-03-18,Clothing,398.97,9,3590.7300000000005
1539,2027-03-19,Clothing,333.12,8,2664.96
1540,2027-03-20,Electronics,293.13,1,293.13
1541,2027-03-21,Home,434.39,7,3040.73
1542,2027-03-22,Home,151.83,5,759.1500000000001
1543,2027-03-23,Toys,239.16,7,1674.12
1544,2027-03-24,Electronics,313.5,9,2821.5
1545,2027-03-25,Toys,211.48,2,422.96
1546,2027-03-26,Toys,219.47,4,877.88
1547,2027-03-27,Toys,171.84,4,687.36
1548,2027-03-28,Home,286.47,2,572.94
1549,2027-03-29,Electronics,426.78,3,1280.34
1550,2027-03-30,Toys,108.75,8,870.0
1551,2027-03-31,Electronics,467.87,9,4210.83
1552,2027-04-01,Electronics,347.65,6,2085.8999999999996
1553,2027-04-02,Home,413.4,2,826.8
1554,2027-04-03,Toys,282.53,2,565.06
1555,2027-04-04,Toys,391.96,7,2743.72
1556,2027-04-05,Electronics,17.94,8,143.52
1557,2027-04-06,Clothing,411.01,8,3288.08
1558,2027-04-07,Home,29.67,6,178.02
1559,2027-04-08,Home,446.06,8,3568.48
1560,2027-04-09,Home,496.06,1,496.06
1561,2027-04-10,Home,154.09,9,1386.81
1562,2027-04-11,Toys,113.06,1,113.06
1563,2027-04-12,Toys,385.03,3,1155.09
1564,2027-04-13,Clothing,133.98,9,1205.82
1565,2027-04-14,Home,434.13,5,2170.65
1566,2027-04-15,Home,60.39,9,543.51
1567,2027-04-16,Electronics,71.72,9,645.48
1568,2027-04-17,Toys,489.78,6,2938.68
1569,2027-04-18,Home,340.18,1,340.18
1570,2027-04-19,Clothing,424.97,7,2974.79
1571,2027-04-20,Clothing,168.92,6,1013.52
1572,2027-04-21,Toys,341.48,9,3073.32
1573,2027-04-22,Clothing,301.18,7,2108.26
1574,2027-04-23,Clothing,305.54,4,1222.16
1575,2027-04-24,Toys,344.44,7,2411.08
1576,2027-04-25,Home,291.93,2,583.86
1577,2027-04-26,Home,220.24,6,1321.44
1578,2027-04-27,Clothing,145.2,6,871.1999999999999
1579,2027-04-28,Clothing,386.6,2,773.2
1580,2027-04-29,Home,120.87,4,483.48
1581,2027-04-30,Toys,349.25,8,2794.0
1582,2027-05-01,Clothing,124.33,8,994.64
1583,2027-05-02,Electronics,316.41,8,2531.28
1584,2027-05-03,Toys,376.07,8,3008.56
1585,2027-05-04,Clothing,117.17,1,117.17
1586,2027-05-05,Clothing,39.37,2,78.74
1587,2027-05-06,Electronics,74.18,4,296.72
1588,2027-05-07,Electronics,306.94,9,2762.46
1589,2027-05-08,Home,426.23,3,1278.69
1590,2027-05-09,Toys,32.05,6,192.29999999999998
1591,2027-05-10,Toys,369.73,7,2588.11
1592,2027-05-11,Home,177.25,8,1418.0
1593,2027-05-12,Toys,244.48,7,1711.36
1594,2027-05-13,Toys,465.14,3,1395.42
1595,2027-05-14,Toys,172.67,6,1036.02
1596,2027-05-15,Toys,238.02,5,1190.1000000000001
1597,2027-05-16,Toys,16.7,4,66.8
1598,2027-05-17,Electronics,49.98,1,49.98
1599,2027-05-18,Toys,136.71,7,956.97
1600,2027-05-19,Electronics,23.65,8,189.2
1601,2027-05-20,Toys,319.37,2,638.74
1602,2027-05-21,Home,218.94,7,1532.58
1603,2027-05-22,Clothing,278.59,6,1671.54
1604,2027-05-23,Electronics,95.58,5,477.9
1605,2027-05-24,Toys,155.01,4,620.04
1606,2027-05-25,Home,335.27,2,670.54
1607,2027-05-26,Clothing,483.0,6,2898.0
1608,2027-05-27,Electronics,34.7,5,173.5
1609,2027-05-28,Clothing,446.29,2,892.58
1610,2027-05-29,Home,292.67,7,2048.69
1611,2027-05-30,Electronics,286.32,6,1717.92
1612,2027-05-31,Clothing,255.14,9,2296.2599999999998
1613,2027-06-01,Toys,44.0,5,220.0
1614,2027-06-02,Electronics,54.04,9,486.36
1615,2027-06-03,Clothing,304.45,9,2740.0499999999997
1616,2027-06-04,Home,177.07,1,177.07
1617,2027-06-05,Home,459.46,5,2297.2999999999997
1618,2027-06-06,Electronics,209.23,9,1883.07
1619,2027-06-07,Clothing,80.21,7,561.4699999999999
1620,2027-06-08,Electronics,360.21,6,2161.2599999999998
1621,2027-06-09,Electronics,153.74,6,922.44
1622,2027-06-10,Clothing,267.48,7,1872.3600000000001
1623,2027-06-11,Clothing,351.94,1,351.94
1624,2027-06-12,Toys,451.13,4,1804.52
1625,2027-06-13,Clothing,398.17,1,398.17
1626,2027-06-14,Home,341.42,6,2048.52
1627,2027-06-15,Electronics,343.02,4,1372.08
1628,2027-06-16,Electronics,473.5,1,473.5
1629,2027-06-17,Home,154.95,9,1394.55
1630,2027-06-18,Clothing,10.54,4,42.16
1631,2027-06-19,Home,143.26,6,859.56
1632,2027-06-20,Home,116.77,7,817.39
1633,2027-06-21,Toys,334.3,8,2674.4
1634,2027-06-22,Home,320.52,9,2884.68
1635,2027-06-23,Electronics,300.8,9,2707.2000000000003
1636,2027-06-24,Home,17.96,8,143.68
1637,2027-06-25,Electronics,367.1,3,1101.3000000000002
1638,2027-06-26,Electronics,168.53,2,337.06
1639,2027-06-27,Electronics,335.88,5,1679.4
1640,2027-06-28,Clothing,282.72,1,282.72
1641,2027-06-29,Toys,177.94,3,533.8199999999999
1642,2027-06-30,Electronics,75.94,1,75.94
1643,2027-07-01,Electronics,56.27,3,168.81
1644,2027-07-02,Clothing,417.44,4,1669.76
1645,2027-07-03,Electronics,460.01,7,3220.0699999999997
1646,2027-07-04,Home,328.4,5,1642.0
1647,2027-07-05,Home,60.68,5,303.4
1648,2027-07-06,Toys,206.99,1,206.99
1649,2027-07-07,Electronics,367.18,8,2937.44
1650,2027-07-08,Clothing,392.11,4,1568.44
1651,2027-07-09,Home,67.93,5,339.65000000000003
1652,2027-07-10,Clothing,10.02,2,20.04
1653,2027-07-11,Clothing,358.95,1,358.95
1654,2027-07-12,Home,184.73,9,1662.57
1655,2027-07-13,Clothing,134.7,2,269.4
1656,2027-07-14,Home,16.32,6,97.92
1657,2027-07-15,Clothing,274.75,1,274.75
1658,2027-07-16,Home,427.06,1,427.06
1659,2027-07-17,Electronics,479.24,9,4313.16
1660,2027-07-18,Toys,287.22,4,1148.88
1661,2027-07-19,Home,262.09,9,2358.81
1662,2027-07-20,Home,51.68,5,258.4
1663,2027-07-21,Toys,278.95,7,1952.6499999999999
1664,2027-07-22,Home,196.19,1,196.19
1665,2027-07-23,Home,307.5,6,1845.0
1666,2027-07-24,Clothing,200.48,8,1603.84
1667,2027-07-25,Toys,127.75,1,127.75
1668,2027-07-26,Electronics,56.53,9,508.77
1669,2027-07-27,Home,164.31,3,492.93
1670,2027-07-28,Toys,57.36,1,57.36
1671,2027-07-29,Clothing,96.68,1,96.68
1672,2027-07-30,Electronics,493.79,6,2962.7400000000002
1673,2027-07-31,Toys,227.61,6,1365.66
1674,2027-08-01,Electronics,270.62,1,270.62
1675,2027-08-02,Electronics,438.07,3,1314.21
1676,2027-08-03,Electronics,497.83,7,3484.81
1677,2027-08-04,Home,295.53,3,886.5899999999999
1678,2027-08-05,Home,408.11,3,1224.33
1679,2027-08-06,Clothing,170.2,3,510.59999999999997
1680,2027-08-07,Clothing,159.81,7,1118.67
1681,2027-08-08,Toys,207.32,4,829.28
1682,2027-08-09,Clothing,339.53,4,1358.12
1683,2027-08-10,Electronics,344.27,3,1032.81
1684,2027-08-11,Electronics,164.47,9,1480.23
1685,2027-08-12,Home,75.27,2,150.54
1686,2027-08-13,Electronics,319.87,4,1279.48
1687,2027-08-14,Toys,72.88,8,583.04
1688,2027-08-15,Electronics,293.46,6,1760.7599999999998
1689,2027-08-16,Electronics,349.78,7,2448.46
1690,2027-08-17,Toys,353.3,7,2473.1
1691,2027-08-18,Clothing,379.2,2,758.4
1692,2027-08-19,Clothing,437.7,4,1750.8
1693,2027-08-20,Toys,254.98,6,1529.8799999999999
1694,2027-08-21,Home,367.82,3,1103.46
1695,2027-08-22,Electronics,313.39,9,2820.5099999999998
1696,2027-08-23,Toys,101.45,4,405.8
1697,2027-08-24,Electronics,22.59,2,45.18
1698,2027-08-25,Home,149.43,6,896.58
1699,2027-08-26,Electronics,227.09,1,227.09
1700,2027-08-27,Toys,312.38,6,1874.28
1701,2027-08-28,Electronics,426.48,1,426.48
1702,2027-08-29,Clothing,106.16,8,849.28
1703,2027-08-30,Home,71.52,5,357.59999999999997
1704,2027-08-31,Home,482.11,6,2892.66
1705,2027-09-01,Home,62.94,2,125.88
1706,2027-09-02,Toys,244.46,2,488.92
1707,2027-09-03,Home,296.93,9,2672.37
1708,2027-09-04,Clothing,275.27,3,825.81
1709,2027-09-05,Toys,52.16,6,312.96
1710,2027-09-06,Clothing,37.94,5,189.7
1711,2027-09-07,Electronics,61.69,4,246.76
1712,2027-09-08,Electronics,296.94,2,593.88
1713,2027-09-09,Electronics,276.73,8,2213.84
1714,2027-09-10,Electronics,124.53,7,871.71
1715,2027-09-11,Clothing,322.51,2,645.02
1716,2027-09-12,Toys,411.83,6,2470.98
1717,2027-09-13,Toys,30.37,8,242.96
1718,2027-09-14,Home,254.08,7,1778.5600000000002
1719,2027-09-15,Clothing,347.76,1,347.76
1720,2027-09-16,Electronics,133.63,5,668.15
1721,2027-09-17,Clothing,160.81,2,321.62
1722,2027-09-18,Home,310.68,6,1864.08
1723,2027-09-19,Home,449.99,7,3149.9300000000003
1724,2027-09-20,Clothing,406.86,7,2848.02
1725,2027-09-21,Clothing,295.73,3,887.19
1726,2027-09-22,Clothing,367.81,7,2574.67
1727,2027-09-23,Toys,188.76,5,943.8
1728,2027-09-24,Electronics,324.07,8,2592.56
1729,2027-09-25,Clothing,238.43,8,1907.44
1730,2027-09-26,Clothing,103.07,7,721.49
1731,2027-09-27,Clothing,353.85,6,2123.1000000000004
1732,2027-09-28,Home,282.67,2,565.34
1733,2027-09-29,Home,185.72,6,1114.32
1734,2027-09-30,Toys,456.56,9,4109.04
1735,2027-10-01,Electronics,20.26,2,40.52
1736,2027-10-02,Toys,164.73,1,164.73
1737,2027-10-03,Electronics,37.87,5,189.35
1738,2027-10-04,Home,385.6,6,2313.6000000000004
1739,2027-10-05,Home,354.03,3,1062.09
1740,2027-10-06,Home,172.36,8,1378.88
1741,2027-10-07,Toys,341.07,7,2387.49
1742,2027-10-08,Clothing,204.01,2,408.02
1743,2027-10-09,Clothing,380.56,7,2663.92
1744,2027-10-10,Home,232.55,1,232.55
1745,2027-10-11,Clothing,212.02,9,1908.18
1746,2027-10-12,Clothing,468.02,7,3276.14
1747,2027-10-13,Toys,132.93,6,797.58
1748,2027-10-14,Electronics,69.02,2,138.04
1749,2027-10-15,Home,296.43,3,889.29
1750,2027-10-16,Home,484.97,1,484.97
1751,2027-10-17,Toys,195.14,5,975.6999999999999
1752,2027-10-18,Toys,40.4,9,363.59999999999997
1753,2027-10-19,Clothing,176.26,6,1057.56
1754,2027-10-20,Home,257.91,5,1289.5500000000002
1755,2027-10-21,Electronics,89.34,3,268.02
1756,2027-10-22,Toys,332.47,5,1662.3500000000001
1757,2027-10-23,Electronics,498.9,8,3991.2
1758,2027-10-24,Electronics,231.35,2,462.7
1759,2027-10-25,Home,183.82,5,919.0999999999999
1760,2027-10-26,Home,206.35,6,1238.1
1761,2027-10-27,Toys,66.42,8,531.36
1762,2027-10-28,Home,442.8,8,3542.4
1763,2027-10-29,Home,213.26,5,1066.3
1764,2027-10-30,Home,199.76,9,1797.84
1765,2027-10-31,Electronics,333.25,4,1333.0
1766,2027-11-01,Toys,226.6,9,2039.3999999999999
1767,2027-11-02,Clothing,327.63,7,2293.41
1768,2027-11-03,Electronics,40.11,6,240.66
1769,2027-11-04,Home,408.72,4,1634.88
1770,2027-11-05,Electronics,470.85,2,941.7
1771,2027-11-06,Home,327.9,8,2623.2
1772,2027-11-07,Home,477.74,6,2866.44
1773,2027-11-08,Electronics,84.2,3,252.60000000000002
1774,2027-11-09,Toys,243.93,7,1707.51
1775,2027-11-10,Home,304.89,7,2134.23
1776,2027-11-11,Toys,295.05,6,1770.3000000000002
1777,2027-11-12,Clothing,206.72,2,413.44
1778,2027-11-13,Home,175.66,8,1405.28
1779,2027-11-14,Toys,72.14,1,72.14
1780,2027-11-15,Toys,201.95,1,201.95
1781,2027-11-16,Clothing,89.7,6,538.2
1782,2027-11-17,Toys,369.84,5,1849.1999999999998
1783,2027-11-18,Toys,112.33,9,1010.97
1784,2027-11-19,Clothing,38.7,7,270.90000000000003
1785,2027-11-20,Home,280.66,2,561.32
1786,2027-11-21,Toys,301.66,7,2111.6200000000003
1787,2027-11-22,Toys,437.24,3,1311.72
1788,2027-11-23,Toys,292.72,1,292.72
1789,2027-11-24,Electronics,179.29,8,1434.32
1790,2027-11-25,Clothing,403.48,3,1210.44
1791,2027-11-26,Electronics,274.74,8,2197.92
1792,2027-11-27,Clothing,48.85,7,341.95
1793,2027-11-28,Home,287.27,2,574.54
1794,2027-11-29,Home,454.93,1,454.93
1795,2027-11-30,Toys,204.19,7,1429.33
1796,2027-12-01,Clothing,155.2,1,155.2
1797,2027-12-02,Home,80.3,6,481.79999999999995
1798,2027-12-03,Clothing,84.21,8,673.68
1799,2027-12-04,Home,222.06,7,1554.42
1800,2027-12-05,Electronics,301.88,4,1207.52
1801,2027-12-06,Home,49.5,1,49.5
1802,2027-12-07,Electronics,470.39,1,470.39
1803,2027-12-08,Home,380.02,4,1520.08
1804,2027-12-09,Toys,297.45,5,1487.25
1805,2027-12-10,Electronics,415.93,7,2911.51
1806,2027-12-11,Home,49.29,4,197.16
1807,2027-12-12,Toys,243.65,1,243.65
1808,2027-12-13,Electronics,318.75,7,2231.25
1809,2027-12-14,Toys,416.04,2,832.08
1810,2027-12-15,Clothing,393.9,2,787.8
1811,2027-12-16,Clothing,145.76,8,1166.08
1812,2027-12-17,Electronics,471.03,5,2355.1499999999996
1813,2027-12-18,Home,70.93,2,141.86
1814,2027-12-19,Electronics,438.82,5,2194.1
1815,2027-12-20,Toys,485.76,8,3886.08
1816,2027-12-21,Home,96.81,6,580.86
1817,2027-12-22,Clothing,363.81,3,1091.43
1818,2027-12-23,Home,29.74,8,237.92
1819,2027-12-24,Clothing,208.66,9,1877.94
1820,2027-12-25,Home,262.98,5,1314.9
1821,2027-12-26,Home,294.52,2,589.04
1822,2027-12-27,Home,468.61,2,937.22
1823,2027-12-28,Toys,339.4,7,2375.7999999999997
1824,2027-12-29,Toys,245.83,1,245.83
1825,2027-12-30,Electronics,406.74,2,813.48
1826,2027-12-31,Electronics,475.76,4,1903.04
1827,2028-01-01,Clothing,20.81,1,20.81
1828,2028-01-02,Toys,491.44,4,1965.76
1829,2028-01-03,Clothing,52.2,5,261.0
1830,2028-01-04,Electronics,409.05,9,3681.4500000000003
1831,2028-01-05,Clothing,147.36,1,147.36
1832,2028-01-06,Electronics,74.77,5,373.84999999999997
1833,2028-01-07,Toys,225.53,2,451.06
1834,2028-01-08,Home,325.54,9,2929.86
1835,2028-01-09,Toys,196.67,6,1180.02
1836,2028-01-10,Clothing,36.74,2,73.48
1837,2028-01-11,Clothing,303.74,3,911.22
1838,2028-01-12,Toys,452.18,8,3617.44
1839,2028-01-13,Toys,197.78,1,197.78
1840,2028-01-14,Electronics,116.0,3,348.0
1841,2028-01-15,Clothing,226.86,1,226.86
1842,2028-01-16,Clothing,33.7,8,269.6
1843,2028-01-17,Toys,412.04,1,412.04
1844,2028-01-18,Home,414.91,5,2074.55
1845,2028-01-19,Clothing,298.12,4,1192.48
1846,2028-01-20,Home,183.02,7,1281.14
1847,2028-01-21,Toys,401.89,5,2009.4499999999998
1848,2028-01-22,Toys,281.8,8,2254.4
1849,2028-01-23,Electronics,414.71,1,414.71
1850,2028-01-24,Clothing,319.41,5,1597.0500000000002
1851,2028-01-25,Home,394.36,4,1577.44
1852,2028-01-26,Electronics,303.3,3,909.9000000000001
1853,2028-01-27,Clothing,212.93,5,1064.65
1854,2028-01-28,Electronics,479.39,3,1438.17
1855,2028-01-29,Toys,275.15,8,2201.2
1856,2028-01-30,Clothing,306.49,3,919.47
1857,2028-01-31,Electronics,118.04,1,118.04
1858,2028-02-01,Electronics,316.57,9,2849.13
1859,2028-02-02,Home,290.09,9,2610.81
1860,2028-02-03,Electronics,100.57,6,603.42
1861,2028-02-04,Clothing,39.2,1,39.2
1862,2028-02-05,Clothing,306.14,8,2449.12
1863,2028-02-06,Home,384.21,2,768.42
1864,2028-02-07,Clothing,266.47,9,2398.2300000000005
1865,2028-02-08,Toys,121.12,8,968.96
1866,2028-02-09,Clothing,336.6,3,1009.8000000000001
1867,2028-02-10,Clothing,49.25,5,246.25
1868,2028-02-11,Electronics,226.5,9,2038.5
1869,2028-02-12,Electronics,90.05,1,90.05
1870,2028-02-13,Clothing,100.38,9,903.42
1871,2028-02-14,Home,109.12,4,436.48
1872,2028-02-15,Electronics,199.49,4,797.96
1873,2028-02-16,Home,35.06,4,140.24
1874,2028-02-17,Clothing,204.92,9,1844.28
1875,2028-02-18,Clothing,260.74,6,1564.44
1876,2028-02-19,Toys,246.81,8,1974.48
1877,2028-02-20,Electronics,197.56,4,790.24
1878,2028-02-21,Clothing,421.18,3,1263.54
1879,2028-02-22,Toys,81.21,1,81.21
1880,2028-02-23,Electronics,257.79,7,1804.5300000000002
1881,2028-02-24,Clothing,40.4,4,161.6
1882,2028-02-25,Clothing,44.87,8,358.96
1883,2028-02-26,Electronics,291.19,3,873.5699999999999
1884,2028-02-27,Electronics,287.35,1,287.35
1885,2028-02-28,Electronics,440.24,5,2201.2
1886,2028-02-29,Clothing,283.36,2,566.72
1887,2028-03-01,Clothing,480.3,3,1440.9
1888,2028-03-02,Toys,33.86,6,203.16
1889,2028-03-03,Home,58.02,3,174.06
1890,2028-03-04,Electronics,31.59,3,94.77
1891,2028-03-05,Clothing,100.79,6,604.74
1892,2028-03-06,Clothing,275.22,5,1376.1000000000001
1893,2028-03-07,Electronics,326.33,9,2936.97
1894,2028-03-08,Home,32.34,1,32.34
1895,2028-03-09,Electronics,473.53,3,1420.59
1896,2028-03-10,Home,422.66,3,1267.98
1897,2028-03-11,Clothing,155.34,6,932.04
1898,2028-03-12,Home,47.82,8,382.56
1899,2028-03-13,Toys,93.24,3,279.71999999999997
1900,2028-03-14,Clothing,72.2,3,216.60000000000002
1901,2028-03-15,Toys,70.41,6,422.46
1902,2028-03-16,Electronics,264.1,8,2112.8
1903,2028-03-17,Electronics,130.47,6,782.8199999999999
1904,2028-03-18,Electronics,185.49,3,556.47
1905,2028-03-19,Home,494.86,4,1979.44
1906,2028-03-20,Clothing,345.31,1,345.31
1907,2028-03-21,Electronics,475.0,8,3800.0
1908,2028-03-22,Electronics,79.85,4,319.4
1909,2028-03-23,Clothing,197.25,6,1183.5
1910,2028-03-24,Electronics,281.82,3,845.46
1911,2028-03-25,Toys,47.61,6,285.65999999999997
1912,2028-03-26,Clothing,12.05,9,108.45
1913,2028-03-27,Clothing,338.51,9,3046.59
1914,2028-03-28,Clothing,324.49,3,973.47
1915,2028-03-29,Toys,211.29,3,633.87
1916,2028-03-30,Clothing,249.93,4,999.72
1917,2028-03-31,Toys,213.57,7,1494.99
1918,2028-04-01,Clothing,21.76,3,65.28
1919,2028-04-02,Home,174.33,8,1394.64
1920,2028-04-03,Electronics,96.77,8,774.16
1921,2028-04-04,Home,58.23,6,349.38
1922,2028-04-05,Electronics,478.79,4,1915.16
1923,2028-04-06,Toys,303.69,5,1518.45
1924,2028-04-07,Home,367.04,2,734.08
1925,2028-04-08,Clothing,164.53,6,987.1800000000001
1926,2028-04-09,Electronics,202.64,3,607.92
1927,2028-04-10,Electronics,126.09,6,756.54
1928,2028-04-11,Home,57.51,5,287.55
1929,2028-04-12,Toys,97.73,2,195.46
1930,2028-04-13,Home,400.78,5,2003.8999999999999
1931,2028-04-14,Toys,342.0,5,1710.0
1932,2028-04-15,Toys,278.0,9,2502.0
1933,2028-04-16,Electronics,242.79,8,1942.32
1934,2028-04-17,Home,461.99,7,3233.9300000000003
1935,2028-04-18,Home,45.64,3,136.92000000000002
1936,2028-04-19,Toys,147.49,4,589.96
1937,2028-04-20,Home,181.47,6,1088.82
1938,2028-04-21,Clothing,393.39,3,1180.17
1939,2028-04-22,Clothing,496.33,9,4466.97
1940,2028-04-23,Home,127.93,8,1023.44
1941,2028-04-24,Home,438.41,6,2630.46
1942,2028-04-25,Toys,417.01,4,1668.04
1943,2028-04-26,Clothing,120.08,7,840.56
1944,2028-04-27,Clothing,205.67,3,617.01
1945,2028-04-28,Electronics,210.74,8,1685.92
1946,2028-04-29,Toys,489.33,1,489.33
1947,2028-04-30,Electronics,98.64,3,295.92
1948,2028-05-01,Clothing,401.59,5,2007.9499999999998
1949,2028-05-02,Toys,173.75,5,868.75
1950,2028-05-03,Home,368.13,2,736.26
1951,2028-05-04,Toys,215.81,8,1726.48
1952,2028-05-05,Home,293.4,5,1467.0
1953,2028-05-06,Home,417.98,7,2925.86
1954,2028-05-07,Toys,404.04,7,2828.28
1955,2028-05-08,Home,434.55,5,2172.75
1956,2028-05-09,Electronics,39.21,8,313.68
1957,2028-05-10,Clothing,349.1,9,3141.9
1958,2028-05-11,Home,78.59,4,314.36
1959,2028-05-12,Electronics,213.75,4,855.0
1960,2028-05-13,Home,278.81,8,2230.48
1961,2028-05-14,Clothing,207.34,1,207.34
1962,2028-05-15,Electronics,264.61,4,1058.44
1963,2028-05-16,Clothing,498.3,6,2989.8
1964,2028-05-17,Clothing,76.26,4,305.04
1965,2028-05-18,Electronics,340.97,6,2045.8200000000002
1966,2028-05-19,Electronics,204.04,5,1020.1999999999999
1967,2028-05-20,Electronics,75.17,9,676.53
1968,2028-05-21,Toys,87.78,9,790.02
1969,2028-05-22,Electronics,475.14,4,1900.56
1970,2028-05-23,Electronics,441.0,4,1764.0
1971,2028-05-24,Electronics,454.45,8,3635.6
1972,2028-05-25,Electronics,495.85,4,1983.4
1973,2028-05-26,Home,112.07,2,224.14
1974,2028-05-27,Toys,184.17,2,368.34
1975,2028-05-28,Clothing,337.92,1,337.92
1976,2028-05-29,Electronics,247.06,5,1235.3
1977,2028-05-30,Home,215.01,6,1290.06
1978,2028-05-31,Home,185.33,9,1667.97
1979,2028-06-01,Home,300.95,5,1504.75
1980,2028-06-02,Clothing,292.04,6,1752.2400000000002
1981,2028-06-03,Electronics,89.11,6,534.66
1982,2028-06-04,Toys,241.15,3,723.45
1983,2028-06-05,Toys,281.2,4,1124.8
1984,2028-06-06,Home,289.44,1,289.44
1985,2028-06-07,Clothing,112.95,4,451.8
1986,2028-06-08,Clothing,373.71,1,373.71
1987,2028-06-09,Clothing,22.35,5,111.75
1988,2028-06-10,Toys,183.87,8,1470.96
1989,2028-06-11,Home,392.3,8,3138.4
1990,2028-06-12,Electronics,286.31,5,1431.55
1991,2028-06-13,Toys,137.97,2,275.94
1992,2028-06-14,Home,350.53,6,2103.18
1993,2028-06-15,Home,288.02,1,288.02
1994,2028-06-16,Electronics,400.16,7,2801.1200000000003
1995,2028-06-17,Electronics,370.16,4,1480.64
1996,2028-06-18,Electronics,308.95,5,1544.75
1997,2028-06-19,Clothing,249.21,6,1495.26
1998,2028-06-20,Electronics,75.26,1,75.26
1999,2028-06-21,Home,138.05,9,1242.45
2000,2028-06-22,Electronics,215.36,4,861.44
2001,2028-06-23,Home,303.66,8,2429.28
2002,2028-06-24,Toys,261.72,5,1308.6000000000001
2003,2028-06-25,Clothing,151.21,8,1209.68
2004,2028-06-26,Toys,13.17,1,13.17
2005,2028-06-27,Toys,253.16,8,2025.28
2006,2028-06-28,Home,149.96,4,599.84
2007,2028-06-29,Toys,369.96,2,739.92
2008,2028-06-30,Home,21.73,6,130.38
2009,2028-07-01,Electronics,296.57,2,593.14
2010,2028-07-02,Electronics,471.32,5,2356.6
2011,2028-07-03,Home,95.46,2,190.92
2012,2028-07-04,Electronics,241.11,3,723.33
2013,2028-07-05,Clothing,54.8,6,328.79999999999995
2014,2028-07-06,Toys,316.58,1,316.58
2015,2028-07-07,Clothing,279.76,6,1678.56
2016,2028-07-08,Toys,209.61,3,628.83
2017,2028-07-09,Electronics,265.47,7,1858.2900000000002
2018,2028-07-10,Clothing,449.32,2,898.64
2019,2028-07-11,Electronics,106.18,6,637.08
2020,2028-07-12,Toys,21.06,8,168.48
2021,2028-07-13,Home,432.22,1,432.22
2022,2028-07-14,Home,292.79,9,2635.11
2023,2028-07-15,Clothing,446.42,5,2232.1
2024,2028-07-16,Electronics,302.5,5,1512.5
2025,2028-07-17,Electronics,406.98,5,2034.9
2026,2028-07-18,Clothing,220.54,6,1323.24
2027,2028-07-19,Home,377.43,2,754.86
2028,2028-07-20,Toys,457.39,6,2744.34
2029,2028-07-21,Clothing,290.34,4,1161.36
2030,2028-07-22,Toys,98.58,8,788.64
2031,2028-07-23,Home,141.71,9,1275.39
2032,2028-07-24,Electronics,107.34,9,966.0600000000001
2033,2028-07-25,Home,130.96,8,1047.68
2034,2028-07-26,Clothing,160.14,3,480.41999999999996
2035,2028-07-27,Electronics,282.02,4,1128.08
2036,2028-07-28,Clothing,298.12,1,298.12
2037,2028-07-29,Clothing,218.98,9,1970.82
2038,2028-07-30,Home,311.56,5,1557.8
2039,2028-07-31,Clothing,49.97,6,299.82
2040,2028-08-01,Home,53.02,3,159.06
2041,2028-08-02,Electronics,94.2,8,753.6
2042,2028-08-03,Home,263.86,7,1847.02
2043,2028-08-04,Electronics,114.86,1,114.86
2044,2028-08-05,Home,148.81,5,744.05
2045,2028-08-06,Toys,206.15,9,1855.3500000000001
2046,2028-08-07,Toys,407.81,6,2446.86
2047,2028-08-08,Clothing,16.79,8,134.32
2048,2028-08-09,Home,328.2,1,328.2
2049,2028-08-10,Home,337.75,7,2364.25
2050,2028-08-11,Electronics,401.34,3,1204.02
2051,2028-08-12,Clothing,467.05,9,4203.45
2052,2028-08-13,Home,19.87,6,119.22
2053,2028-08-14,Clothing,85.35,5,426.75
2054,2028-08-15,Toys,444.22,8,3553.76
2055,2028-08-16,Home,234.67,8,1877.36
2056,2028-08-17,Home,286.65,3,859.9499999999999
2057,2028-08-18,Clothing,334.88,2,669.76
2058,2028-08-19,Home,342.74,2,685.48
2059,2028-08-20,Clothing,466.55,5,2332.75
2060,2028-08-21,Home,498.51,7,3489.5699999999997
2061,2028-08-22,Electronics,362.88,8,2903.04
2062,2028-08-23,Clothing,150.74,8,1205.92
2063,2028-08-24,Home,441.08,8,3528.64
2064,2028-08-25,Toys,34.12,3,102.35999999999999
2065,2028-08-26,Home,123.23,2,246.46
2066,2028-08-27,Toys,449.72,4,1798.88
2067,2028-08-28,Toys,135.53,1,135.53
2068,2028-08-29,Electronics,118.12,3,354.36
2069,2028-08-30,Clothing,77.68,9,699.1200000000001
2070,2028-08-31,Home,430.96,7,3016.72
2071,2028-09-01,Electronics,255.03,7,1785.21
2072,2028-09-02,Home,340.7,1,340.7
2073,2028-09-03,Toys,127.14,7,889.98
2074,2028-09-04,Clothing,381.44,7,2670.08
2075,2028-09-05,Home,382.4,4,1529.6
2076,2028-09-06,Home,163.17,7,1142.1899999999998
2077,2028-09-07,Toys,211.23,8,1689.84
2078,2028-09-08,Home,112.75,3,338.25
2079,2028-09-09,Home,488.51,2,977.02
2080,2028-09-10,Toys,326.35,7,2284.4500000000003
2081,2028-09-11,Electronics,467.93,5,2339.65
2082,2028-09-12,Toys,158.66,5,793.3
2083,2028-09-13,Electronics,393.13,5,1965.65
2084,2028-09-14,Clothing,385.27,7,2696.89
2085,2028-09-15,Electronics,348.91,9,3140.19
2086,2028-09-16,Electronics,483.16,8,3865.28
2087,2028-09-17,Clothing,202.84,6,1217.04
2088,2028-09-18,Electronics,74.05,7,518.35
2089,2028-09-19,Toys,339.14,9,3052.2599999999998
2090,2028-09-20,Electronics,367.36,6,2204.16
2091,2028-09-21,Clothing,291.78,1,291.78
2092,2028-09-22,Toys,111.34,4,445.36
2093,2028-09-23,Clothing,257.18,8,2057.44
2094,2028-09-24,Clothing,162.97,7,1140.79
2095,2028-09-25,Home,219.46,3,658.38
2096,2028-09-26,Home,326.16,3,978.48
2097,2028-09-27,Clothing,375.16,3,1125.48
2098,2028-09-28,Clothing,123.79,1,123.79
2099,2028-09-29,Clothing,208.61,1,208.61
2100,2028-09-30,Home,141.89,6,851.3399999999999
2101,2028-10-01,Home,107.33,1,107.33
2102,2028-10-02,Electronics,393.86,5,1969.3000000000002
2103,2028-10-03,Electronics,455.53,4,1822.12
2104,2028-10-04,Clothing,191.41,5,957.05
2105,2028-10-05,Toys,378.13,7,2646.91
2106,2028-10-06,Toys,449.53,6,2697.18
2107,2028-10-07,Home,424.6,9,3821.4
2108,2028-10-08,Home,99.58,6,597.48
2109,2028-10-09,Home,478.58,9,4307.22
2110,2028-10-10,Clothing,194.57,4,778.28
2111,2028-10-11,Toys,176.23,1,176.23
2112,2028-10-12,Electronics,40.59,1,40.59
2113,2028-10-13,Clothing,248.23,7,1737.61
2114,2028-10-14,Electronics,63.42,3,190.26
2115,2028-10-15,Electronics,131.78,2,263.56
2116,2028-10-16,Clothing,165.3,6,991.8000000000001
2117,2028-10-17,Electronics,406.32,6,2437.92
2118,2028-10-18,Toys,438.99,7,3072.9300000000003
2119,2028-10-19,Electronics,158.21,5,791.0500000000001
2120,2028-10-20,Toys,430.76,8,3446.08
2121,2028-10-21,Toys,430.04,7,3010.28
2122,2028-10-22,Toys,384.68,2,769.36
2123,2028-10-23,Home,81.88,1,81.88
2124,2028-10-24,Electronics,348.26,9,3134.34
2125,2028-10-25,Clothing,473.06,5,2365.3
2126,2028-10-26,Clothing,344.44,5,1722.2
2127,2028-10-27,Electronics,172.49,4,689.96
2128,2028-10-28,Home,255.28,2,510.56
2129,2028-10-29,Home,326.41,5,1632.0500000000002
2130,2028-10-30,Toys,260.18,2,520.36
2131,2028-10-31,Electronics,68.78,7,481.46000000000004
2132,2028-11-01,Electronics,162.91,9,1466.19
2133,2028-11-02,Clothing,403.17,9,3628.53
2134,2028-11-03,Electronics,432.09,6,2592.54
2135,2028-11-04,Home,77.28,1,77.28
2136,2028-11-05,Electronics,476.67,6,2860.02
2137,2028-11-06,Clothing,171.12,5,855.6
2138,2028-11-07,Toys,334.53,4,1338.12
2139,2028-11-08,Clothing,378.39,6,2270.34
2140,2028-11-09,Clothing,407.85,6,2447.1000000000004
2141,2028-11-10,Toys,473.42,6,2840.52
2142,2028-11-11,Clothing,163.33,2,326.66
2143,2028-11-12,Clothing,430.67,7,3014.69
2144,2028-11-13,Electronics,74.53,4,298.12
2145,2028-11-14,Electronics,355.47,9,3199.2300000000005
2146,2028-11-15,Toys,373.57,2,747.14
2147,2028-11-16,Electronics,342.08,5,1710.3999999999999
2148,2028-11-17,Electronics,133.63,4,534.52
2149,2028-11-18,Clothing,437.79,9,3940.11
2150,2028-11-19,Home,92.74,4,370.96
2151,2028-11-20,Electronics,36.28,8,290.24
2152,2028-11-21,Home,361.56,8,2892.48
2153,2028-11-22,Electronics,242.98,6,1457.8799999999999
2154,2028-11-23,Electronics,426.06,6,2556.36
2155,2028-11-24,Toys,197.86,8,1582.88
2156,2028-11-25,Toys,92.46,9,832.14
2157,2028-11-26,Toys,419.86,5,2099.3
2158,2028-11-27,Home,278.97,1,278.97
2159,2028-11-28,Clothing,102.71,1,102.71
2160,2028-11-29,Electronics,362.99,2,725.98
2161,2028-11-30,Electronics,260.45,5,1302.25
2162,2028-12-01,Electronics,306.11,4,1224.44
2163,2028-12-02,Home,235.84,1,235.84
2164,2028-12-03,Toys,416.07,4,1664.28
2165,2028-12-04,Clothing,416.49,4,1665.96
2166,2028-12-05,Home,357.6,4,1430.4
2167,2028-12-06,Toys,61.65,1,61.65
2168,2028-12-07,Home,421.04,9,3789.36
2169,2028-12-08,Clothing,338.8,3,1016.4000000000001
2170,2028-12-09,Toys,351.54,4,1406.16
2171,2028-12-10,Home,187.86,5,939.3000000000001
2172,2028-12-11,Clothing,440.85,7,3085.9500000000003
2173,2028-12-12,Electronics,365.43,6,2192.58
2174,2028-12-13,Clothing,65.17,5,325.85
2175,2028-12-14,Electronics,209.81,8,1678.48
2176,2028-12-15,Home,444.33,1,444.33
2177,2028-12-16,Toys,33.13,7,231.91000000000003
2178,2028-12-17,Toys,481.09,6,2886.54
2179,2028-12-18,Home,342.79,5,1713.95
2180,2028-12-19,Toys,319.37,7,2235.59
2181,2028-12-20,Toys,142.57,3,427.71
2182,2028-12-21,Electronics,131.91,1,131.91
2183,2028-12-22,Home,471.61,9,4244.49
2184,2028-12-23,Clothing,156.15,2,312.3
2185,2028-12-24,Electronics,390.0,3,1170.0
2186,2028-12-25,Home,202.63,8,1621.04
2187,2028-12-26,Electronics,78.23,9,704.07
2188,2028-12-27,Clothing,15.25,3,45.75
2189,2028-12-28,Clothing,276.69,6,1660.1399999999999
2190,2028-12-29,Home,488.13,7,3416.91
2191,2028-12-30,Clothing,190.88,1,190.88
2192,2028-12-31,Electronics,185.02,7,1295.14
2193,2029-01-01,Clothing,178.6,4,714.4
2194,2029-01-02,Electronics,265.07,5,1325.35
2195,2029-01-03,Electronics,225.93,8,1807.44
2196,2029-01-04,Clothing,441.16,4,1764.64
2197,2029-01-05,Home,257.71,4,1030.84
2198,2029-01-06,Toys,258.8,8,2070.4
2199,2029-01-07,Clothing,77.8,5,389.0
2200,2029-01-08,Electronics,491.54,6,2949.2400000000002
2201,2029-01-09,Electronics,132.49,5,662.45
2202,2029-01-10,Clothing,45.95,1,45.95
2203,2029-01-11,Home,334.94,7,2344.58
2204,2029-01-12,Home,301.73,6,1810.38
2205,2029-01-13,Electronics,213.42,2,426.84
2206,2029-01-14,Electronics,216.87,7,1518.0900000000001
2207,2029-01-15,Home,394.68,6,2368.08
2208,2029-01-16,Toys,105.9,5,529.5
2209,2029-01-17,Clothing,411.92,8,3295.36
2210,2029-01-18,Electronics,327.89,5,1639.4499999999998
2211,2029-01-19,Electronics,215.3,2,430.6
2212,2029-01-20,Home,234.43,6,1406.58
2213,2029-01-21,Clothing,135.76,1,135.76
2214,2029-01-22,Home,378.54,5,1892.7
2215,2029-01-23,Clothing,261.31,6,1567.8600000000001
2216,2029-01-24,Clothing,167.22,7,1170.54
2217,2029-01-25,Clothing,302.06,2,604.12
2218,2029-01-26,Electronics,497.91,1,497.91
2219,2029-01-27,Toys,223.28,6,1339.68
2220,2029-01-28,Home,461.14,3,1383.42
2221,2029-01-29,Toys,179.06,5,895.3
2222,2029-01-30,Home,36.82,2,73.64
2223,2029-01-31,Clothing,110.08,1,110.08
2224,2029-02-01,Electronics,215.16,1,215.16
2225,2029-02-02,Toys,117.62,4,470.48
2226,2029-02-03,Electronics,10.11,2,20.22
2227,2029-02-04,Home,458.35,1,458.35
2228,2029-02-05,Electronics,423.5,6,2541.0
2229,2029-02-06,Electronics,373.72,4,1494.88
2230,2029-02-07,Toys,92.23,7,645.61
2231,2029-02-08,Clothing,68.98,6,413.88
2232,2029-02-09,Electronics,43.13,5,215.65
2233,2029-02-10,Clothing,364.77,2,729.54
2234,2029-02-11,Home,465.12,5,2325.6
2235,2029-02-12,Electronics,220.96,9,1988.64
2236,2029-02-13,Toys,68.38,9,615.42
2237,2029-02-14,Home,261.07,2,522.14
2238,2029-02-15,Home,180.93,7,1266.51
2239,2029-02-16,Toys,193.66,4,774.64
2240,2029-02-17,Electronics,314.45,3,943.3499999999999
2241,2029-02-18,Electronics,362.17,1,362.17
2242,2029-02-19,Home,64.2,3,192.60000000000002
2243,2029-02-20,Electronics,27.44,9,246.96
2244,2029-02-21,Clothing,497.22,9,4474.9800000000005
2245,2029-02-22,Toys,124.04,7,868.2800000000001
2246,2029-02-23,Clothing,36.38,3,109.14000000000001
2247,2029-02-24,Electronics,103.04,3,309.12
2248,2029-02-25,Home,29.09,4,116.36
2249,2029-02-26,Toys,201.99,7,1413.93
2250,2029-02-27,Electronics,403.18,7,2822.26
2251,2029-02-28,Electronics,177.21,2,354.42
2252,2029-03-01,Home,227.65,5,1138.25
2253,2029-03-02,Home,341.04,7,2387.28
2254,2029-03-03,Clothing,259.36,7,1815.52
2255,2029-03-04,Toys,432.11,6,2592.66
2256,2029-03-05,Toys,434.36,8,3474.88
2257,2029-03-06,Home,14.86,3,44.58
2258,2029-03-07,Clothing,391.24,1,391.24
2259,2029-03-08,Toys,235.76,3,707.28
2260,2029-03-09,Home,494.53,2,989.06
2261,2029-03-10,Electronics,246.78,2,493.56
2262,2029-03-11,Toys,493.58,2,987.16
2263,2029-03-12,Clothing,379.74,5,1898.7
2264,2029-03-13,Clothing,131.82,1,131.82
2265,2029-03-14,Clothing,273.81,4,1095.24
2266,2029-03-15,Electronics,496.15,5,2480.75
2267,2029-03-16,Toys,430.19,2,860.38
2268,2029-03-17,Toys,57.71,5,288.55
2269,2029-03-18,Electronics,356.12,4,1424.48
2270,2029-03-19,Toys,179.33,8,1434.64
2271,2029-03-20,Electronics,13.42,1,13.42
2272,2029-03-21,Electronics,207.71,5,1038.55
2273,2029-03-22,Electronics,125.03,1,125.03
2274,2029-03-23,Clothing,411.25,4,1645.0
2275,2029-03-24,Toys,175.29,8,1402.32
2276,2029-03-25,Electronics,415.49,1,415.49
2277,2029-03-26,Toys,10.29,2,20.58
2278,2029-03-27,Clothing,160.83,1,160.83
2279,2029-03-28,Electronics,128.17,7,897.1899999999999
2280,2029-03-29,Home,124.45,2,248.9
2281,2029-03-30,Clothing,43.41,1,43.41
2282,2029-03-31,Home,101.69,6,610.14
2283,2029-04-01,Toys,282.22,6,1693.3200000000002
2284,2029-04-02,Toys,152.77,2,305.54
2285,2029-04-03,Clothing,214.52,1,214.52
2286,2029-04-04,Toys,194.66,3,583.98
2287,2029-04-05,Home,439.19,5,2195.95
2288,2029-04-06,Electronics,453.6,6,2721.6000000000004
2289,2029-04-07,Electronics,251.55,3,754.6500000000001
2290,2029-04-08,Electronics,171.78,9,1546.02
2291,2029-04-09,Clothing,62.33,5,311.65
2292,2029-04-10,Toys,477.17,2,954.34
2293,2029-04-11,Home,39.51,6,237.06
2294,2029-04-12,Toys,155.85,8,1246.8
2295,2029-04-13,Toys,156.05,6,936.3000000000001
2296,2029-04-14,Toys,167.0,4,668.0
2297,2029-04-15,Electronics,90.5,6,543.0
2298,2029-04-16,Home,393.75,8,3150.0
2299,2029-04-17,Home,70.02,8,560.16
2300,2029-04-18,Toys,321.1,2,642.2
2301,2029-04-19,Electronics,70.68,8,565.44
2302,2029-04-20,Electronics,44.56,6,267.36
2303,2029-04-21,Home,455.62,2,911.24
2304,2029-04-22,Electronics,103.16,1,103.16
2305,2029-04-23,Electronics,412.41,6,2474.46
2306,2029-04-24,Electronics,276.87,7,1938.0900000000001
2307,2029-04-25,Clothing,48.15,5,240.75
2308,2029-04-26,Toys,478.17,8,3825.36
2309,2029-04-27,Home,131.01,9,1179.09
2310,2029-04-28,Home,431.23,4,1724.92
2311,2029-04-29,Clothing,92.72,7,649.04
2312,2029-04-30,Toys,428.43,8,3427.44
2313,2029-05-01,Home,16.48,6,98.88
2314,2029-05-02,Electronics,260.77,2,521.54
2315,2029-05-03,Home,387.03,7,2709.21
2316,2029-05-04,Electronics,468.05,9,4212.45
2317,2029-05-05,Clothing,455.51,5,2277.55
2318,2029-05-06,Electronics,411.62,2,823.24
2319,2029-05-07,Home,445.21,4,1780.84
2320,2029-05-08,Home,107.62,3,322.86
2321,2029-05-09,Home,149.25,4,597.0
2322,2029-05-10,Clothing,151.59,7,1061.13
2323,2029-05-11,Clothing,194.76,8,1558.08
2324,2029-05-12,Toys,202.73,1,202.73
2325,2029-05-13,Home,276.83,8,2214.64
2326,2029-05-14,Electronics,88.34,5,441.70000000000005
2327,2029-05-15,Clothing,348.71,7,2440.97
2328,2029-05-16,Home,92.11,1,92.11
2329,2029-05-17,Home,162.05,2,324.1
2330,2029-05-18,Clothing,256.64,1,256.64
2331,2029-05-19,Toys,400.26,5,2001.3
2332,2029-05-20,Clothing,372.34,6,2234.04
2333,2029-05-21,Clothing,326.31,9,2936.79
2334,2029-05-22,Electronics,86.33,8,690.64
2335,2029-05-23,Electronics,278.05,7,1946.3500000000001
2336,2029-05-24,Toys,52.85,5,264.25
2337,2029-05-25,Home,194.91,3,584.73
2338,2029-05-26,Clothing,212.62,9,1913.58
2339,2029-05-27,Toys,29.51,5,147.55
2340,2029-05-28,Electronics,144.25,3,432.75
2341,2029-05-29,Clothing,478.27,3,1434.81
2342,2029-05-30,Home,477.28,3,1431.84
2343,2029-05-31,Electronics,182.64,6,1095.84
2344,2029-06-01,Electronics,31.12,1,31.12
2345,2029-06-02,Electronics,97.76,4,391.04
2346,2029-06-03,Toys,202.19,8,1617.52
2347,2029-06-04,Home,474.41,3,1423.23
2348,2029-06-05,Clothing,79.19,5,395.95
2349,2029-06-06,Toys,384.12,2,768.24
2350,2029-06-07,Toys,63.25,2,126.5
2351,2029-06-08,Toys,490.82,7,3435.74
2352,2029-06-09,Electronics,196.99,3,590.97
2353,2029-06-10,Home,389.86,5,1949.3000000000002
2354,2029-06-11,Toys,177.87,3,533.61
2355,2029-06-12,Clothing,317.56,6,1905.3600000000001
2356,2029-06-13,Home,104.09,3,312.27
2357,2029-06-14,Clothing,81.55,8,652.4
2358,2029-06-15,Home,469.65,2,939.3
2359,2029-06-16,Clothing,459.65,3,1378.9499999999998
2360,2029-06-17,Electronics,444.86,8,3558.88
2361,2029-06-18,Toys,316.46,8,2531.68
2362,2029-06-19,Clothing,406.05,1,406.05
2363,2029-06-20,Home,43.83,8,350.64
2364,2029-06-21,Toys,174.05,2,348.1
2365,2029-06-22,Toys,163.71,7,1145.97
2366,2029-06-23,Home,321.47,6,1928.8200000000002
2367,2029-06-24,Clothing,184.42,2,368.84
2368,2029-06-25,Electronics,82.77,5,413.84999999999997
2369,2029-06-26,Electronics,302.27,7,2115.89
2370,2029-06-27,Clothing,409.05,8,3272.4
2371,2029-06-28,Toys,197.24,3,591.72
2372,2029-06-29,Toys,74.81,1,74.81
2373,2029-06-30,Toys,106.38,7,744.66
2374,2029-07-01,Toys,126.37,5,631.85
2375,2029-07-02,Clothing,156.95,5,784.75
2376,2029-07-03,Toys,324.97,7,2274.79
2377,2029-07-04,Home,304.46,1,304.46
2378,2029-07-05,Toys,351.08,8,2808.64
2379,2029-07-06,Electronics,187.63,5,938.15
2380,2029-07-07,Toys,413.76,8,3310.08
2381,2029-07-08,Clothing,110.0,5,550.0
2382,2029-07-09,Electronics,239.83,7,1678.8100000000002
2383,2029-07-10,Clothing,402.46,3,1207.3799999999999
2384,2029-07-11,Clothing,98.28,2,196.56
2385,2029-07-12,Electronics,63.83,6,382.98
2386,2029-07-13,Clothing,443.01,5,2215.05
2387,2029-07-14,Clothing,178.04,9,1602.36
2388,2029-07-15,Toys,345.1,4,1380.4
2389,2029-07-16,Home,22.42,3,67.26
2390,2029-07-17,Clothing,348.12,9,3133.08
2391,2029-07-18,Clothing,164.89,8,1319.12
2392,2029-07-19,Clothing,37.31,6,223.86
2393,2029-07-20,Toys,308.81,1,308.81
2394,2029-07-21,Home,127.99,1,127.99
2395,2029-07-22,Electronics,199.54,6,1197.24
2396,2029-07-23,Toys,49.48,3,148.44
2397,2029-07-24,Toys,82.11,3,246.32999999999998
2398,2029-07-25,Home,156.01,6,936.06
2399,2029-07-26,Home,53.98,3,161.94
2400,2029-07-27,Toys,456.3,6,2737.8
2401,2029-07-28,Electronics,12.96,5,64.80000000000001
2402,2029-07-29,Toys,247.09,4,988.36
2403,2029-07-30,Home,70.39,8,563.12
2404,2029-07-31,Electronics,160.76,2,321.52
2405,2029-08-01,Home,463.77,7,3246.39
2406,2029-08-02,Electronics,89.23,4,356.92
2407,2029-08-03,Clothing,483.26,2,966.52
2408,2029-08-04,Home,110.84,7,775.88
2409,2029-08-05,Home,373.37,1,373.37
2410,2029-08-06,Toys,277.87,4,1111.48
2411,2029-08-07,Home,443.39,9,3990.5099999999998
2412,2029-08-08,Home,281.46,4,1125.84
2413,2029-08-09,Clothing,271.93,3,815.79
2414,2029-08-10,Home,105.77,2,211.54
2415,2029-08-11,Clothing,91.45,3,274.35
2416,2029-08-12,Clothing,459.08,1,459.08
2417,2029-08-13,Clothing,170.64,8,1365.12
2418,2029-08-14,Clothing,192.32,1,192.32
2419,2029-08-15,Electronics,382.31,3,1146.93
2420,2029-08-16,Toys,176.02,3,528.0600000000001
2421,2029-08-17,Electronics,476.51,2,953.02
2422,2029-08-18,Home,371.58,5,1857.8999999999999
2423,2029-08-19,Electronics,302.74,3,908.22
2424,2029-08-20,Electronics,441.64,3,1324.92
2425,2029-08-21,Home,34.31,8,274.48
2426,2029-08-22,Home,135.96,4,543.84
2427,2029-08-23,Home,237.87,4,951.48
2428,2029-08-24,Electronics,121.22,3,363.65999999999997
2429,2029-08-25,Electronics,374.51,1,374.51
2430,2029-08-26,Home,460.41,8,3683.28
2431,2029-08-27,Toys,217.65,1,217.65
2432,2029-08-28,Toys,177.64,7,1243.48
2433,2029-08-29,Clothing,481.16,5,2405.8
2434,2029-08-30,Home,227.98,4,911.92
2435,2029-08-31,Clothing,249.63,4,998.52
2436,2029-09-01,Toys,182.31,8,1458.48
2437,2029-09-02,Clothing,455.68,6,2734.08
2438,2029-09-03,Home,288.79,1,288.79
2439,2029-09-04,Home,383.47,8,3067.76
2440,2029-09-05,Home,407.79,2,815.58
2441,2029-09-06,Electronics,177.51,6,1065.06
2442,2029-09-07,Clothing,222.51,9,2002.59
2443,2029-09-08,Toys,425.75,1,425.75
2444,2029-09-09,Toys,188.0,6,1128.0
2445,2029-09-10,Toys,399.03,8,3192.24
2446,2029-09-11,Electronics,471.09,2,942.18
2447,2029-09-12,Electronics,315.37,5,1576.85
2448,2029-09-13,Home,373.4,6,2240.3999999999996
2449,2029-09-14,Toys,404.5,5,2022.5
2450,2029-09-15,Electronics,424.07,3,1272.21
2451,2029-09-16,Home,203.58,4,814.32
2452,2029-09-17,Toys,35.12,7,245.83999999999997
2453,2029-09-18,Clothing,206.92,4,827.68
2454,2029-09-19,Home,340.14,9,3061.2599999999998
2455,2029-09-20,Electronics,230.67,2,461.34
2456,2029-09-21,Electronics,376.99,5,1884.95
2457,2029-09-22,Home,184.92,8,1479.36
2458,2029-09-23,Home,321.02,5,1605.1
2459,2029-09-24,Electronics,101.35,8,810.8
2460,2029-09-25,Clothing,377.19,8,3017.52
2461,2029-09-26,Toys,277.39,9,2496.5099999999998
2462,2029-09-27,Clothing,109.99,6,659.9399999999999
2463,2029-09-28,Home,153.04,4,612.16
2464,2029-09-29,Clothing,376.82,3,1130.46
2465,2029-09-30,Electronics,246.47,5,1232.35
2466,2029-10-01,Home,115.86,6,695.16
2467,2029-10-02,Toys,483.96,3,1451.8799999999999
2468,2029-10-03,Electronics,360.41,2,720.82
2469,2029-10-04,Electronics,479.0,7,3353.0
2470,2029-10-05,Toys,219.28,5,1096.4
2471,2029-10-06,Toys,242.8,9,2185.2000000000003
2472,2029-10-07,Clothing,450.0,3,1350.0
2473,2029-10-08,Home,267.27,8,2138.16
2474,2029-10-09,Toys,356.57,6,2139.42
2475,2029-10-10,Toys,133.56,4,534.24
2476,2029-10-11,Home,228.9,9,2060.1
2477,2029-10-12,Toys,70.49,5,352.45
2478,2029-10-13,Toys,110.93,6,665.58
2479,2029-10-14,Clothing,10.46,9,94.14000000000001
2480,2029-10-15,Electronics,29.24,7,204.67999999999998
2481,2029-10-16,Electronics,488.87,5,2444.35
2482,2029-10-17,Electronics,128.75,2,257.5
2483,2029-10-18,Electronics,335.02,4,1340.08
2484,2029-10-19,Toys,421.16,2,842.32
2485,2029-10-20,Home,279.82,3,839.46
2486,2029-10-21,Home,85.04,3,255.12
2487,2029-10-22,Clothing,366.78,4,1467.12
2488,2029-10-23,Clothing,304.12,6,1824.72
2489,2029-10-24,Toys,368.31,3,1104.93
2490,2029-10-25,Home,387.18,1,387.18
2491,2029-10-26,Home,487.95,1,487.95
2492,2029-10-27,Electronics,291.05,9,2619.4500000000003
2493,2029-10-28,Toys,177.4,9,1596.6000000000001
2494,2029-10-29,Toys,327.75,5,1638.75
2495,2029-10-30,Electronics,43.54,9,391.86
2496,2029-10-31,Toys,449.72,7,3148.04
2497,2029-11-01,Toys,68.5,9,616.5
2498,2029-11-02,Clothing,170.64,7,1194.48
2499,2029-11-03,Home,409.72,9,3687.4800000000005
2500,2029-11-04,Toys,302.68,2,605.36
2501,2029-11-05,Clothing,202.88,8,1623.04
2502,2029-11-06,Home,241.98,7,1693.86
2503,2029-11-07,Electronics,428.73,6,2572.38
2504,2029-11-08,Clothing,176.6,5,883.0
2505,2029-11-09,Clothing,436.13,4,1744.52
2506,2029-11-10,Home,53.19,7,372.33
2507,2029-11-11,Electronics,390.63,3,1171.8899999999999
2508,2029-11-12,Clothing,425.3,8,3402.4
2509,2029-11-13,Toys,99.09,2,198.18
2510,2029-11-14,Toys,220.87,1,220.87
2511,2029-11-15,Toys,91.09,2,182.18
2512,2029-11-16,Electronics,356.24,9,3206.16
2513,2029-11-17,Clothing,272.32,5,1361.6
2514,2029-11-18,Toys,321.31,8,2570.48
2515,2029-11-19,Electronics,106.28,3,318.84000000000003
2516,2029-11-20,Toys,113.76,7,796.32
2517,2029-11-21,Home,30.33,2,60.66
2518,2029-11-22,Clothing,167.81,8,1342.48
2519,2029-11-23,Clothing,284.27,7,1989.8899999999999
2520,2029-11-24,Electronics,430.39,5,2151.95
2521,2029-11-25,Electronics,336.79,4,1347.16
2522,2029-11-26,Clothing,223.34,1,223.34
2523,2029-11-27,Toys,477.03,5,2385.1499999999996
2524,2029-11-28,Toys,362.43,9,3261.87
2525,2029-11-29,Home,465.78,4,1863.12
2526,2029-11-30,Toys,268.52,9,2416.68
2527,2029-12-01,Electronics,136.86,2,273.72
2528,2029-12-02,Electronics,35.89,4,143.56
2529,2029-12-03,Toys,365.78,9,3292.0199999999995
2530,2029-12-04,Electronics,69.44,4,277.76
2531,2029-12-05,Clothing,158.36,5,791.8000000000001
2532,2029-12-06,Clothing,270.91,8,2167.28
2533,2029-12-07,Toys,286.56,1,286.56
2534,2029-12-08,Clothing,304.29,1,304.29
2535,2029-12-09,Clothing,91.47,9,823.23
2536,2029-12-10,Home,196.07,9,1764.6299999999999
2537,2029-12-11,Home,312.43,4,1249.72
2538,2029-12-12,Clothing,485.21,2,970.42
2539,2029-12-13,Toys,366.54,9,3298.86
2540,2029-12-14,Home,462.08,4,1848.32
2541,2029-12-15,Electronics,383.48,6,2300.88
2542,2029-12-16,Electronics,299.94,1,299.94
2543,2029-12-17,Electronics,104.09,9,936.8100000000001
2544,2029-12-18,Toys,336.68,5,1683.4
2545,2029-12-19,Clothing,315.46,3,946.3799999999999
2546,2029-12-20,Electronics,305.21,4,1220.84
2547,2029-12-21,Toys,250.0,1,250.0
2548,2029-12-22,Home,269.04,9,2421.36
2549,2029-12-23,Clothing,173.88,8,1391.04
2550,2029-12-24,Home,264.46,4,1057.84
2551,2029-12-25,Toys,106.8,2,213.6
2552,2029-12-26,Electronics,404.54,9,3640.86
2553,2029-12-27,Electronics,101.03,4,404.12
2554,2029-12-28,Toys,51.63,9,464.67
2555,2029-12-29,Electronics,223.76,3,671.28
2556,2029-12-30,Clothing,332.57,7,2327.99
2557,2029-12-31,Toys,224.48,7,1571.36
2558,2030-01-01,Home,145.61,4,582.44
2559,2030-01-02,Toys,283.5,2,567.0
2560,2030-01-03,Clothing,180.03,9,1620.27
2561,2030-01-04,Clothing,467.11,4,1868.44
2562,2030-01-05,Toys,462.1,8,3696.8
2563,2030-01-06,Toys,256.16,2,512.32
2564,2030-01-07,Electronics,170.66,8,1365.28
2565,2030-01-08,Clothing,371.19,5,1855.95
2566,2030-01-09,Toys,27.99,7,195.92999999999998
2567,2030-01-10,Toys,242.64,7,1698.48
2568,2030-01-11,Clothing,174.8,9,1573.2
2569,2030-01-12,Toys,461.06,3,1383.18
2570,2030-01-13,Electronics,15.88,4,63.52
2571,2030-01-14,Clothing,280.88,4,1123.52
2572,2030-01-15,Electronics,372.93,5,1864.65
2573,2030-01-16,Electronics,247.66,6,1485.96
2574,2030-01-17,Electronics,51.85,3,155.55
2575,2030-01-18,Electronics,486.51,4,1946.04
2576,2030-01-19,Clothing,263.83,3,791.49
2577,2030-01-20,Electronics,310.95,2,621.9
2578,2030-01-21,Electronics,125.94,9,1133.46
2579,2030-01-22,Toys,246.91,1,246.91
2580,2030-01-23,Clothing,220.28,2,440.56
2581,2030-01-24,Clothing,46.7,8,373.6
2582,2030-01-25,Home,62.02,7,434.14000000000004
2583,2030-01-26,Clothing,420.36,1,420.36
2584,2030-01-27,Clothing,127.51,5,637.5500000000001
2585,2030-01-28,Home,105.53,6,633.1800000000001
2586,2030-01-29,Clothing,257.41,5,1287.0500000000002
2587,2030-01-30,Clothing,386.69,4,1546.76
2588,2030-01-31,Clothing,40.35,1,40.35
2589,2030-02-01,Clothing,292.64,7,2048.48
2590,2030-02-02,Home,68.41,9,615.6899999999999
2591,2030-02-03,Clothing,27.87,6,167.22
2592,2030-02-04,Clothing,35.84,3,107.52000000000001
2593,2030-02-05,Home,418.74,4,1674.96
2594,2030-02-06,Toys,67.81,5,339.05
2595,2030-02-07,Electronics,32.12,1,32.12
2596,2030-02-08,Toys,224.57,5,1122.85
2597,2030-02-09,Home,423.56,1,423.56
2598,2030-02-10,Electronics,138.58,9,1247.22
2599,2030-02-11,Home,216.64,7,1516.48
2600,2030-02-12,Home,29.56,3,88.67999999999999
2601,2030-02-13,Clothing,230.05,9,2070.4500000000003
2602,2030-02-14,Electronics,293.03,2,586.06
2603,2030-02-15,Clothing,289.74,7,2028.18
2604,2030-02-16,Electronics,172.89,9,1556.0099999999998
2605,2030-02-17,Home,164.61,6,987.6600000000001
2606,2030-02-18,Home,62.25,5,311.25
2607,2030-02-19,Toys,189.73,7,1328.11
2608,2030-02-20,Electronics,58.75,6,352.5
2609,2030-02-21,Clothing,385.63,5,1928.15
2610,2030-02-22,Toys,483.47,2,966.94
2611,2030-02-23,Toys,485.34,8,3882.72
2612,2030-02-24,Toys,433.88,7,3037.16
2613,2030-02-25,Clothing,304.39,6,1826.34
2614,2030-02-26,Toys,353.42,5,1767.1000000000001
2615,2030-02-27,Clothing,149.75,5,748.75
2616,2030-02-28,Toys,319.08,9,2871.72
2617,2030-03-01,Clothing,233.27,1,233.27
2618,2030-03-02,Home,246.19,9,2215.71
2619,2030-03-03,Home,381.31,6,2287.86
2620,2030-03-04,Home,148.14,4,592.56
2621,2030-03-05,Home,165.84,7,1160.88
2622,2030-03-06,Home,463.07,9,4167.63
2623,2030-03-07,Toys,37.55,5,187.75
2624,2030-03-08,Toys,247.96,5,1239.8
2625,2030-03-09,Toys,457.27,8,3658.16
2626,2030-03-10,Clothing,309.08,7,2163.56
2627,2030-03-11,Clothing,277.74,8,2221.92
2628,2030-03-12,Clothing,132.37,2,264.74
2629,2030-03-13,Clothing,178.2,9,1603.8
2630,2030-03-14,Home,427.5,3,1282.5
2631,2030-03-15,Home,284.02,6,1704.12
2632,2030-03-16,Home,262.22,6,1573.3200000000002
2633,2030-03-17,Electronics,58.79,2,117.58
2634,2030-03-18,Toys,17.85,7,124.95000000000002
2635,2030-03-19,Clothing,482.21,9,4339.889999999999
2636,2030-03-20,Clothing,194.72,1,194.72
2637,2030-03-21,Home,305.57,8,2444.56
2638,2030-03-22,Clothing,49.06,2,98.12
2639,2030-03-23,Clothing,344.73,1,344.73
2640,2030-03-24,Toys,466.96,8,3735.68
2641,2030-03-25,Home,292.08,2,584.16
2642,2030-03-26,Toys,71.8,6,430.79999999999995
2643,2030-03-27,Electronics,295.04,6,1770.2400000000002
2644,2030-03-28,Electronics,385.51,5,1927.55
2645,2030-03-29,Electronics,209.14,8,1673.12
2646,2030-03-30,Home,441.12,3,1323.3600000000001
2647,2030-03-31,Clothing,327.85,4,1311.4
2648,2030-04-01,Home,450.63,7,3154.41
2649,2030-04-02,Home,315.52,7,2208.64
2650,2030-04-03,Clothing,74.33,8,594.64
2651,2030-04-04,Toys,161.75,2,323.5
2652,2030-04-05,Electronics,108.88,2,217.76
2653,2030-04-06,Toys,455.32,4,1821.28
2654,2030-04-07,Electronics,382.6,9,3443.4
2655,2030-04-08,Home,341.44,9,3072.96
2656,2030-04-09,Electronics,157.47,4,629.88
2657,2030-04-10,Home,100.18,9,901.6200000000001
2658,2030-04-11,Toys,380.66,3,1141.98
2659,2030-04-12,Home,242.34,5,1211.7
2660,2030-04-13,Toys,120.64,9,1085.76
2661,2030-04-14,Clothing,312.14,6,1872.84
2662,2030-04-15,Clothing,29.76,3,89.28
2663,2030-04-16,Clothing,169.82,9,1528.3799999999999
2664,2030-04-17,Home,239.59,6,1437.54
2665,2030-04-18,Clothing,82.5,4,330.0
2666,2030-04-19,Electronics,492.48,4,1969.92
2667,2030-04-20,Toys,112.46,8,899.68
2668,2030-04-21,Toys,73.87,7,517.09
2669,2030-04-22,Electronics,109.73,1,109.73
2670,2030-04-23,Home,386.84,6,2321.04
2671,2030-04-24,Home,218.5,8,1748.0
2672,2030-04-25,Toys,287.05,3,861.1500000000001
2673,2030-04-26,Clothing,20.29,9,182.60999999999999
2674,2030-04-27,Home,26.87,2,53.74
2675,2030-04-28,Home,228.45,6,1370.6999999999998
2676,2030-04-29,Electronics,410.16,1,410.16
2677,2030-04-30,Electronics,443.77,2,887.54
2678,2030-05-01,Clothing,52.49,5,262.45
2679,2030-05-02,Home,273.8,1,273.8
2680,2030-05-03,Home,457.48,8,3659.84
2681,2030-05-04,Electronics,200.11,1,200.11
2682,2030-05-05,Home,416.49,9,3748.41
2683,2030-05-06,Toys,75.51,3,226.53000000000003
2684,2030-05-07,Electronics,468.34,2,936.68
2685,2030-05-08,Clothing,378.2,1,378.2
2686,2030-05-09,Electronics,471.25,9,4241.25
2687,2030-05-10,Home,341.54,4,1366.16
2688,2030-05-11,Clothing,188.07,1,188.07
2689,2030-05-12,Electronics,469.71,1,469.71
2690,2030-05-13,Toys,145.03,7,1015.21
2691,2030-05-14,Toys,172.76,2,345.52
2692,2030-05-15,Electronics,353.4,7,2473.7999999999997
2693,2030-05-16,Toys,385.0,7,2695.0
2694,2030-05-17,Toys,465.41,9,4188.6900000000005
2695,2030-05-18,Toys,110.35,7,772.4499999999999
2696,2030-05-19,Clothing,401.02,1,401.02
2697,2030-05-20,Toys,371.89,8,2975.12
2698,2030-05-21,Toys,41.26,8,330.08
2699,2030-05-22,Toys,199.74,4,798.96
2700,2030-05-23,Clothing,148.56,8,1188.48
2701,2030-05-24,Electronics,159.2,4,636.8
2702,2030-05-25,Home,491.64,8,3933.12
2703,2030-05-26,Toys,324.96,5,1624.8
2704,2030-05-27,Electronics,361.66,4,1446.64
2705,2030-05-28,Toys,488.54,6,2931.2400000000002
2706,2030-05-29,Clothing,194.83,2,389.66
2707,2030-05-30,Electronics,402.9,2,805.8
2708,2030-05-31,Clothing,222.92,2,445.84
2709,2030-06-01,Toys,436.07,9,3924.63
2710,2030-06-02,Toys,98.52,3,295.56
2711,2030-06-03,Clothing,474.37,4,1897.48
2712,2030-06-04,Home,117.2,8,937.6
2713,2030-06-05,Clothing,169.85,4,679.4
2714,2030-06-06,Toys,380.53,7,2663.71
2715,2030-06-07,Clothing,202.94,5,1014.7
2716,2030-06-08,Home,308.02,9,2772.18
2717,2030-06-09,Clothing,227.84,4,911.36
2718,2030-06-10,Home,373.76,3,1121.28
2719,2030-06-11,Home,121.88,2,243.76
2720,2030-06-12,Clothing,38.64,1,38.64
2721,2030-06-13,Clothing,156.97,6,941.8199999999999
2722,2030-06-14,Electronics,242.41,2,484.82
2723,2030-06-15,Toys,92.33,8,738.64
2724,2030-06-16,Home,183.85,6,1103.1
2725,2030-06-17,Electronics,205.99,5,1029.95
2726,2030-06-18,Clothing,38.12,2,76.24
2727,2030-06-19,Toys,295.82,7,2070.74
2728,2030-06-20,Electronics,443.33,2,886.66
2729,2030-06-21,Home,84.35,5,421.75
2730,2030-06-22,Electronics,302.93,2,605.86
2731,2030-06-23,Home,335.72,2,671.44
2732,2030-06-24,Clothing,215.47,7,1508.29
2733,2030-06-25,Toys,353.54,9,3181.86
2734,2030-06-26,Toys,211.26,5,1056.3
2735,2030-06-27,Toys,257.27,7,1800.8899999999999
2736,2030-06-28,Clothing,13.6,4,54.4
2737,2030-06-29,Home,348.94,2,697.88
2738,2030-06-30,Clothing,334.06,3,1002.1800000000001
2739,2030-07-01,Toys,28.82,2,57.64
2740,2030-07-02,Clothing,190.44,5,952.2
2741,2030-07-03,Clothing,489.73,6,2938.38
2742,2030-07-04,Clothing,216.16,7,1513.12
2743,2030-07-05,Home,255.95,3,767.8499999999999
2744,2030-07-06,Electronics,455.87,4,1823.48
2745,2030-07-07,Electronics,361.46,8,2891.68
2746,2030-07-08,Clothing,295.21,4,1180.84
2747,2030-07-09,Electronics,400.92,7,2806.44
2748,2030-07-10,Electronics,433.54,6,2601.2400000000002
2749,2030-07-11,Clothing,233.88,7,1637.1599999999999
2750,2030-07-12,Clothing,242.8,1,242.8
2751,2030-07-13,Toys,199.16,3,597.48
2752,2030-07-14,Electronics,483.69,6,2902.14
2753,2030-07-15,Home,351.61,3,1054.83
2754,2030-07-16,Clothing,50.78,7,355.46000000000004
2755,2030-07-17,Toys,432.85,9,3895.65
2756,2030-07-18,Home,245.47,3,736.41
2757,2030-07-19,Electronics,43.69,1,43.69
2758,2030-07-20,Toys,279.36,6,1676.16
2759,2030-07-21,Clothing,214.41,1,214.41
2760,2030-07-22,Home,440.1,1,440.1
2761,2030-07-23,Clothing,109.96,8,879.68
2762,2030-07-24,Electronics,414.97,9,3734.7300000000005
2763,2030-07-25,Home,283.27,2,566.54
2764,2030-07-26,Electronics,36.76,9,330.84
2765,2030-07-27,Electronics,486.2,5,2431.0
2766,2030-07-28,Toys,261.18,8,2089.44
2767,2030-07-29,Clothing,152.53,7,1067.71
2768,2030-07-30,Home,240.01,7,1680.07
2769,2030-07-31,Electronics,430.35,4,1721.4
2770,2030-08-01,Electronics,159.4,2,318.8
2771,2030-08-02,Home,104.41,5,522.05
2772,2030-08-03,Electronics,73.24,3,219.71999999999997
2773,2030-08-04,Toys,155.95,9,1403.55
2774,2030-08-05,Toys,392.22,6,2353.32
2775,2030-08-06,Toys,241.1,1,241.1
2776,2030-08-07,Toys,121.47,3,364.40999999999997
2777,2030-08-08,Electronics,91.43,4,365.72
2778,2030-08-09,Home,173.04,9,1557.36
2779,2030-08-10,Home,470.56,6,2823.36
2780,2030-08-11,Home,178.08,4,712.32
2781,2030-08-12,Home,494.18,1,494.18
2782,2030-08-13,Clothing,247.76,8,1982.08
2783,2030-08-14,Home,97.79,2,195.58
2784,2030-08-15,Clothing,446.66,8,3573.28
2785,2030-08-16,Clothing,235.57,6,1413.42
2786,2030-08-17,Toys,357.74,8,2861.92
2787,2030-08-18,Clothing,492.02,6,2952.12
2788,2030-08-19,Electronics,34.59,5,172.95000000000002
2789,2030-08-20,Clothing,57.38,5,286.90000000000003
2790,2030-08-21,Toys,363.02,8,2904.16
2791,2030-08-22,Clothing,148.09,7,1036.63
2792,2030-08-23,Electronics,100.31,8,802.48
2793,2030-08-24,Electronics,29.29,8,234.32
2794,2030-08-25,Electronics,20.7,7,144.9
2795,2030-08-26,Toys,389.5,2,779.0
2796,2030-08-27,Toys,75.87,9,682.83
2797,2030-08-28,Home,239.18,7,1674.26
2798,2030-08-29,Toys,306.89,6,1841.34
2799,2030-08-30,Electronics,219.89,9,1979.0099999999998
2800,2030-08-31,Electronics,23.28,1,23.28
2801,2030-09-01,Toys,393.92,2,787.84
2802,2030-09-02,Clothing,15.15,1,15.15
2803,2030-09-03,Toys,383.33,3,1149.99
2804,2030-09-04,Toys,447.72,5,2238.6000000000004
2805,2030-09-05,Electronics,222.09,1,222.09
2806,2030-09-06,Home,272.42,4,1089.68
2807,2030-09-07,Electronics,243.72,8,1949.76
2808,2030-09-08,Home,200.71,6,1204.26
2809,2030-09-09,Electronics,444.84,1,444.84
2810,2030-09-10,Toys,448.03,1,448.03
2811,2030-09-11,Electronics,174.55,3,523.6500000000001
2812,2030-09-12,Electronics,311.38,8,2491.04
2813,2030-09-13,Electronics,464.18,8,3713.44
2814,2030-09-14,Toys,481.41,3,1444.23
2815,2030-09-15,Toys,259.39,7,1815.73
2816,2030-09-16,Toys,231.88,3,695.64
2817,2030-09-17,Toys,146.56,4,586.24
2818,2030-09-18,Home,479.85,9,4318.650000000001
2819,2030-09-19,Home,79.98,4,319.92
2820,2030-09-20,Clothing,294.12,3,882.36
2821,2030-09-21,Toys,148.45,5,742.25
2822,2030-09-22,Home,146.71,7,1026.97
2823,2030-09-23,Electronics,208.43,5,1042.15
2824,2030-09-24,Toys,499.41,4,1997.64
2825,2030-09-25,Clothing,36.93,8,295.44
2826,2030-09-26,Clothing,293.49,4,1173.96
2827,2030-09-27,Clothing,50.46,2,100.92
2828,2030-09-28,Electronics,85.72,6,514.3199999999999
2829,2030-09-29,Home,225.39,2,450.78
2830,2030-09-30,Electronics,260.13,3,780.39
2831,2030-10-01,Toys,136.81,1,136.81
2832,2030-10-02,Clothing,165.06,5,825.3
2833,2030-10-03,Electronics,52.61,9,473.49
2834,2030-10-04,Electronics,158.58,2,317.16
2835,2030-10-05,Home,483.61,7,3385.27
2836,2030-10-06,Home,472.91,5,2364.55
2837,2030-10-07,Clothing,174.09,2,348.18
2838,2030-10-08,Electronics,289.72,8,2317.76
2839,2030-10-09,Electronics,455.7,6,2734.2
2840,2030-10-10,Home,13.03,4,52.12
2841,2030-10-11,Electronics,407.23,4,1628.92
2842,2030-10-12,Electronics,474.7,2,949.4
2843,2030-10-13,Electronics,54.75,3,164.25
2844,2030-10-14,Home,89.11,7,623.77
2845,2030-10-15,Clothing,480.77,3,1442.31
2846,2030-10-16,Toys,273.39,5,1366.9499999999998
2847,2030-10-17,Clothing,16.96,6,101.76
2848,2030-10-18,Toys,136.24,6,817.44
2849,2030-10-19,Electronics,230.47,4,921.88
2850,2030-10-20,Clothing,349.53,6,2097.18
2851,2030-10-21,Toys,369.25,3,1107.75
2852,2030-10-22,Home,497.76,7,3484.3199999999997
2853,2030-10-23,Home,150.88,7,1056.1599999999999
2854,2030-10-24,Clothing,273.73,4,1094.92
2855,2030-10-25,Clothing,271.33,2,542.66
2856,2030-10-26,Electronics,208.77,7,1461.39
2857,2030-10-27,Clothing,92.89,3,278.67
2858,2030-10-28,Electronics,488.95,1,488.95
2859,2030-10-29,Electronics,428.13,2,856.26
2860,2030-10-30,Home,254.18,9,2287.62
2861,2030-10-31,Home,305.59,8,2444.72
2862,2030-11-01,Toys,121.36,6,728.16
2863,2030-11-02,Home,276.46,6,1658.7599999999998
2864,2030-11-03,Home,350.54,1,350.54
2865,2030-11-04,Clothing,262.43,2,524.86
2866,2030-11-05,Home,495.24,4,1980.96
2867,2030-11-06,Toys,309.56,3,928.6800000000001
2868,2030-11-07,Clothing,191.78,1,191.78
2869,2030-11-08,Toys,388.35,8,3106.8
2870,2030-11-09,Home,93.53,7,654.71
2871,2030-11-10,Toys,198.41,4,793.64
2872,2030-11-11,Clothing,180.01,9,1620.09
2873,2030-11-12,Electronics,221.59,4,886.36
2874,2030-11-13,Toys,393.07,1,393.07
2875,2030-11-14,Toys,247.24,1,247.24
2876,2030-11-15,Clothing,399.07,1,399.07
2877,2030-11-16,Clothing,292.48,1,292.48
2878,2030-11-17,Toys,177.61,4,710.44
2879,2030-11-18,Home,406.89,1,406.89
2880,2030-11-19,Toys,126.76,2,253.52
2881,2030-11-20,Clothing,119.95,4,479.8
2882,2030-11-21,Electronics,257.21,7,1800.4699999999998
2883,2030-11-22,Electronics,137.82,2,275.64
2884,2030-11-23,Home,14.45,8,115.6
2885,2030-11-24,Toys,327.67,7,2293.69
2886,2030-11-25,Electronics,260.44,9,2343.96
2887,2030-11-26,Toys,228.3,6,1369.8000000000002
2888,2030-11-27,Clothing,483.81,4,1935.24
2889,2030-11-28,Electronics,289.89,6,1739.34
2890,2030-11-29,Home,433.08,4,1732.32
2891,2030-11-30,Clothing,78.33,7,548.31
2892,2030-12-01,Home,288.91,9,2600.19
2893,2030-12-02,Clothing,435.31,3,1305.93
2894,2030-12-03,Electronics,295.72,3,887.1600000000001
2895,2030-12-04,Home,361.83,2,723.66
2896,2030-12-05,Home,192.3,1,192.3
2897,2030-12-06,Clothing,55.3,1,55.3
2898,2030-12-07,Home,234.37,3,703.11
2899,2030-12-08,Clothing,203.29,7,1423.03
2900,2030-12-09,Clothing,434.86,9,3913.7400000000002
2901,2030-12-10,Clothing,129.56,2,259.12
2902,2030-12-11,Clothing,483.7,7,3385.9
2903,2030-12-12,Electronics,479.49,1,479.49
2904,2030-12-13,Clothing,131.34,2,262.68
2905,2030-12-14,Toys,180.55,6,1083.3000000000002
2906,2030-12-15,Home,448.82,5,2244.1
2907,2030-12-16,Toys,483.64,8,3869.12
2908,2030-12-17,Electronics,227.29,2,454.58
2909,2030-12-18,Toys,167.29,1,167.29
2910,2030-12-19,Home,267.79,7,1874.5300000000002
2911,2030-12-20,Toys,347.01,6,2082.06
2912,2030-12-21,Electronics,144.0,8,1152.0
2913,2030-12-22,Clothing,370.87,8,2966.96
2914,2030-12-23,Toys,35.31,2,70.62
2915,2030-12-24,Electronics,34.15,8,273.2
2916,2030-12-25,Electronics,199.28,6,1195.68
2917,2030-12-26,Home,183.2,9,1648.8
2918,2030-12-27,Home,164.66,7,1152.62
2919,2030-12-28,Toys,250.6,2,501.2
2920,2030-12-29,Clothing,167.16,8,1337.28
2921,2030-12-30,Electronics,104.21,9,937.89
2922,2030-12-31,Toys,161.64,7,1131.48
2923,2031-01-01,Electronics,487.7,4,1950.8
2924,2031-01-02,Electronics,211.45,9,1903.05
2925,2031-01-03,Clothing,227.91,4,911.64
2926,2031-01-04,Clothing,292.51,4,1170.04
2927,2031-01-05,Toys,491.84,9,4426.5599999999995
2928,2031-01-06,Clothing,128.38,8,1027.04
2929,2031-01-07,Clothing,343.83,4,1375.32
2930,2031-01-08,Toys,360.83,8,2886.64
2931,2031-01-09,Clothing,307.59,8,2460.72
2932,2031-01-10,Home,53.4,7,373.8
2933,2031-01-11,Electronics,341.67,6,2050.02
2934,2031-01-12,Electronics,41.41,8,331.28
2935,2031-01-13,Electronics,302.11,7,2114.77
2936,2031-01-14,Electronics,372.39,5,1861.9499999999998
2937,2031-01-15,Toys,113.38,4,453.52
2938,2031-01-16,Electronics,422.39,2,844.78
2939,2031-01-17,Electronics,24.87,8,198.96
2940,2031-01-18,Electronics,423.47,9,3811.2300000000005
2941,2031-01-19,Electronics,235.56,4,942.24
2942,2031-01-20,Home,116.62,4,466.48
2943,2031-01-21,Electronics,75.55,5,377.75
2944,2031-01-22,Home,477.12,2,954.24
2945,2031-01-23,Toys,45.61,7,319.27
2946,2031-01-24,Clothing,107.56,5,537.8
2947,2031-01-25,Electronics,180.43,6,1082.58
2948,2031-01-26,Clothing,313.92,4,1255.68
2949,2031-01-27,Clothing,276.95,8,2215.6
2950,2031-01-28,Toys,71.57,8,572.56
2951,2031-01-29,Clothing,151.97,5,759.85
2952,2031-01-30,Home,126.99,6,761.9399999999999
2953,2031-01-31,Clothing,114.64,3,343.92
2954,2031-02-01,Clothing,211.46,1,211.46
2955,2031-02-02,Clothing,354.98,9,3194.82
2956,2031-02-03,Electronics,116.55,9,1048.95
2957,2031-02-04,Electronics,189.67,3,569.01
2958,2031-02-05,Home,201.55,4,806.2
2959,2031-02-06,Home,488.46,7,3419.22
2960,2031-02-07,Electronics,477.79,2,955.58
2961,2031-02-08,Home,402.07,3,1206.21
2962,2031-02-09,Electronics,128.41,6,770.46
2963,2031-02-10,Toys,43.34,8,346.72
2964,2031-02-11,Clothing,165.28,1,165.28
2965,2031-02-12,Clothing,140.73,4,562.92
2966,2031-02-13,Home,257.9,1,257.9
2967,2031-02-14,Electronics,391.09,2,782.18
2968,2031-02-15,Electronics,430.58,8,3444.64
2969,2031-02-16,Home,423.98,6,2543.88
2970,2031-02-17,Electronics,186.24,9,1676.16
2971,2031-02-18,Toys,346.74,2,693.48
2972,2031-02-19,Clothing,163.29,3,489.87
2973,2031-02-20,Home,39.84,9,358.56000000000006
2974,2031-02-21,Home,353.77,9,3183.93
2975,2031-02-22,Electronics,14.82,6,88.92
2976,2031-02-23,Home,210.5,3,631.5
2977,2031-02-24,Toys,171.4,5,857.0
2978,2031-02-25,Electronics,349.75,2,699.5
2979,2031-02-26,Electronics,385.46,7,2698.22
2980,2031-02-27,Electronics,159.01,8,1272.08
2981,2031-02-28,Electronics,407.7,6,2446.2
2982,2031-03-01,Toys,154.02,8,1232.16
2983,2031-03-02,Electronics,228.7,2,457.4
2984,2031-03-03,Home,366.24,3,1098.72
2985,2031-03-04,Toys,349.53,7,2446.71
2986,2031-03-05,Clothing,493.81,1,493.81
2987,2031-03-06,Clothing,120.33,7,842.31
2988,2031-03-07,Home,334.54,6,2007.2400000000002
2989,2031-03-08,Home,308.74,8,2469.92
2990,2031-03-09,Toys,458.4,7,3208.7999999999997
2991,2031-03-10,Clothing,86.62,4,346.48
2992,2031-03-11,Clothing,378.38,3,1135.1399999999999
2993,2031-03-12,Clothing,288.45,3,865.3499999999999
2994,2031-03-13,Clothing,144.59,4,578.36
2995,2031-03-14,Clothing,242.47,9,2182.23
2996,2031-03-15,Electronics,173.55,9,1561.95
2997,2031-03-16,Home,293.86,2,587.72
2998,2031-03-17,Electronics,445.61,5,2228.05
2999,2031-03-18,Clothing,288.96,1,288.96
3000,2031-03-19,Toys,319.54,4,1278.16
3001,2031-03-20,Toys,264.19,2,528.38
3002,2031-03-21,Clothing,35.07,8,280.56
3003,2031-03-22,Clothing,124.1,4,496.4
3004,2031-03-23,Toys,251.08,5,1255.4
3005,2031-03-24,Electronics,162.02,4,648.08
3006,2031-03-25,Electronics,99.06,5,495.3
3007,2031-03-26,Clothing,257.03,5,1285.1499999999999
3008,2031-03-27,Electronics,168.18,5,840.9000000000001
3009,2031-03-28,Toys,136.47,3,409.40999999999997
3010,2031-03-29,Electronics,237.35,7,1661.45
3011,2031-03-30,Clothing,75.31,3,225.93
3012,2031-03-31,Toys,464.6,2,929.2
3013,2031-04-01,Electronics,435.17,3,1305.51
3014,2031-04-02,Home,356.73,3,1070.19
3015,2031-04-03,Toys,62.04,8,496.32
3016,2031-04-04,Toys,390.18,4,1560.72
3017,2031-04-05,Home,405.9,3,1217.6999999999998
3018,2031-04-06,Home,386.2,5,1931.0
3019,2031-04-07,Toys,65.84,4,263.36
3020,2031-04-08,Home,325.51,9,2929.59
3021,2031-04-09,Clothing,418.82,8,3350.56
3022,2031-04-10,Clothing,292.9,7,2050.2999999999997
3023,2031-04-11,Clothing,326.74,8,2613.92
3024,2031-04-12,Toys,234.6,5,1173.0
3025,2031-04-13,Home,269.07,4,1076.28
3026,2031-04-14,Home,26.84,7,187.88
3027,2031-04-15,Electronics,323.09,1,323.09
3028,2031-04-16,Electronics,49.91,6,299.46
3029,2031-04-17,Home,223.16,8,1785.28
3030,2031-04-18,Home,153.4,7,1073.8
3031,2031-04-19,Home,277.26,2,554.52
3032,2031-04-20,Toys,75.37,7,527.59
3033,2031-04-21,Home,348.91,6,2093.46
3034,2031-04-22,Electronics,399.56,5,1997.8
3035,2031-04-23,Toys,90.04,4,360.16
3036,2031-04-24,Home,61.11,1,61.11
3037,2031-04-25,Electronics,81.3,2,162.6
3038,2031-04-26,Toys,439.79,7,3078.53
3039,2031-04-27,Home,268.81,3,806.4300000000001
3040,2031-04-28,Home,238.96,5,1194.8
3041,2031-04-29,Home,62.29,8,498.32
3042,2031-04-30,Toys,328.28,8,2626.24
3043,2031-05-01,Electronics,435.32,6,2611.92
3044,2031-05-02,Electronics,415.81,5,2079.05
3045,2031-05-03,Clothing,316.77,2,633.54
3046,2031-05-04,Home,46.89,9,422.01
3047,2031-05-05,Clothing,65.07,1,65.07
3048,2031-05-06,Clothing,34.16,2,68.32
3049,2031-05-07,Electronics,136.16,1,136.16
3050,2031-05-08,Toys,76.47,4,305.88
3051,2031-05-09,Toys,137.42,4,549.68
3052,2031-05-10,Electronics,198.68,5,993.4000000000001
3053,2031-05-11,Toys,472.06,5,2360.3
3054,2031-05-12,Clothing,309.08,8,2472.64
3055,2031-05-13,Home,419.14,3,1257.42
3056,2031-05-14,Electronics,358.07,6,2148.42
3057,2031-05-15,Home,65.13,3,195.39
3058,2031-05-16,Toys,370.6,2,741.2
3059,2031-05-17,Home,144.8,8,1158.4
3060,2031-05-18,Toys,323.16,1,323.16
3061,2031-05-19,Toys,177.07,9,1593.6299999999999
3062,2031-05-20,Clothing,498.86,7,3492.02
3063,2031-05-21,Toys,139.14,4,556.56
3064,2031-05-22,Clothing,146.77,3,440.31000000000006
3065,2031-05-23,Clothing,466.03,6,2796.18
3066,2031-05-24,Clothing,22.08,9,198.71999999999997
3067,2031-05-25,Electronics,351.38,9,3162.42
3068,2031-05-26,Electronics,365.41,4,1461.64
3069,2031-05-27,Toys,419.83,5,2099.15
3070,2031-05-28,Clothing,487.48,9,4387.32
3071,2031-05-29,Electronics,488.04,2,976.08
3072,2031-05-30,Clothing,41.99,2,83.98
3073,2031-05-31,Home,412.7,5,2063.5
3074,2031-06-01,Home,326.69,1,326.69
3075,2031-06-02,Home,327.2,8,2617.6
3076,2031-06-03,Toys,72.89,5,364.45
3077,2031-06-04,Clothing,328.59,2,657.18
3078,2031-06-05,Home,491.42,9,4422.78
3079,2031-06-06,Electronics,456.79,2,913.58
3080,2031-06-07,Home,225.17,7,1576.1899999999998
3081,2031-06-08,Home,29.57,8,236.56
3082,2031-06-09,Home,187.52,6,1125.1200000000001
3083,2031-06-10,Toys,414.93,7,2904.51
3084,2031-06-11,Electronics,353.73,1,353.73
3085,2031-06-12,Clothing,235.08,4,940.32
3086,2031-06-13,Electronics,37.0,7,259.0
3087,2031-06-14,Clothing,219.18,1,219.18
3088,2031-06-15,Toys,239.82,1,239.82
3089,2031-06-16,Toys,464.99,6,2789.94
3090,2031-06-17,Toys,324.13,4,1296.52
3091,2031-06-18,Toys,162.71,3,488.13
3092,2031-06-19,Clothing,267.41,5,1337.0500000000002
3093,2031-06-20,Home,42.37,9,381.33
3094,2031-06-21,Clothing,486.56,3,1459.68
3095,2031-06-22,Electronics,186.43,5,932.1500000000001
3096,2031-06-23,Toys,244.16,5,1220.8
3097,2031-06-24,Toys,184.09,9,1656.81
3098,2031-06-25,Electronics,344.43,4,1377.72
3099,2031-06-26,Clothing,334.49,1,334.49
3100,2031-06-27,Home,360.51,5,1802.55
3101,2031-06-28,Home,141.39,1,141.39
3102,2031-06-29,Electronics,164.68,6,988.08
3103,2031-06-30,Home,71.37,7,499.59000000000003
3104,2031-07-01,Clothing,331.2,1,331.2
3105,2031-07-02,Clothing,29.5,4,118.0
3106,2031-07-03,Electronics,302.86,9,2725.7400000000002
3107,2031-07-04,Clothing,436.15,1,436.15
3108,2031-07-05,Toys,446.51,9,4018.59
3109,2031-07-06,Electronics,230.03,8,1840.24
3110,2031-07-07,Clothing,235.06,5,1175.3
3111,2031-07-08,Electronics,47.71,6,286.26
3112,2031-07-09,Home,338.67,7,2370.69
3113,2031-07-10,Clothing,412.42,4,1649.68
3114,2031-07-11,Toys,129.88,6,779.28
3115,2031-07-12,Clothing,216.44,7,1515.08
3116,2031-07-13,Electronics,421.03,6,2526.18
3117,2031-07-14,Electronics,439.79,6,2638.7400000000002
3118,2031-07-15,Clothing,129.16,2,258.32
3119,2031-07-16,Toys,279.78,5,1398.8999999999999
3120,2031-07-17,Toys,104.32,3,312.96
3121,2031-07-18,Toys,59.92,7,419.44
3122,2031-07-19,Electronics,456.45,4,1825.8
3123,2031-07-20,Clothing,412.05,1,412.05
3124,2031-07-21,Home,382.42,6,2294.52
3125,2031-07-22,Electronics,33.9,6,203.39999999999998
3126,2031-07-23,Toys,423.43,7,2964.01
3127,2031-07-24,Clothing,224.64,8,1797.12
3128,2031-07-25,Toys,177.77,3,533.3100000000001
3129,2031-07-26,Home,277.77,6,1666.62
3130,2031-07-27,Toys,54.76,2,109.52
3131,2031-07-28,Toys,380.76,9,3426.84
3132,2031-07-29,Home,295.39,2,590.78
3133,2031-07-30,Clothing,101.43,3,304.29
3134,2031-07-31,Electronics,102.23,2,204.46
3135,2031-08-01,Clothing,100.28,9,902.52
3136,2031-08-02,Home,37.93,1,37.93
3137,2031-08-03,Toys,298.02,5,1490.1
3138,2031-08-04,Clothing,421.77,1,421.77
3139,2031-08-05,Electronics,18.57,5,92.85
3140,2031-08-06,Home,34.01,8,272.08
3141,2031-08-07,Clothing,290.66,8,2325.28
3142,2031-08-08,Electronics,411.55,8,3292.4
3143,2031-08-09,Home,170.1,2,340.2
3144,2031-08-10,Electronics,181.31,8,1450.48
3145,2031-08-11,Home,302.21,5,1511.05
3146,2031-08-12,Toys,144.36,1,144.36
3147,2031-08-13,Clothing,23.04,7,161.28
3148,2031-08-14,Electronics,370.26,6,2221.56
3149,2031-08-15,Home,316.57,5,1582.85
3150,2031-08-16,Electronics,294.57,1,294.57
3151,2031-08-17,Electronics,373.43,1,373.43
3152,2031-08-18,Clothing,340.86,6,2045.16
3153,2031-08-19,Toys,110.88,7,776.16
3154,2031-08-20,Electronics,182.72,1,182.72
3155,2031-08-21,Home,71.79,9,646.11
3156,2031-08-22,Home,73.63,4,294.52
3157,2031-08-23,Toys,341.34,5,1706.6999999999998
3158,2031-08-24,Home,430.71,2,861.42
3159,2031-08-25,Toys,481.74,8,3853.92
3160,2031-08-26,Home,317.89,2,635.78
3161,2031-08-27,Clothing,100.21,3,300.63
3162,2031-08-28,Electronics,61.77,9,555.9300000000001
3163,2031-08-29,Clothing,408.3,2,816.6
3164,2031-08-30,Electronics,293.59,6,1761.54
3165,2031-08-31,Electronics,312.96,4,1251.84
3166,2031-09-01,Electronics,392.92,7,2750.44
3167,2031-09-02,Clothing,354.61,6,2127.66
3168,2031-09-03,Electronics,418.88,9,3769.92
3169,2031-09-04,Clothing,37.54,9,337.86
3170,2031-09-05,Toys,376.29,4,1505.16
3171,2031-09-06,Home,426.92,1,426.92
3172,2031-09-07,Home,150.21,2,300.42
3173,2031-09-08,Electronics,323.82,8,2590.56
3174,2031-09-09,Clothing,163.94,8,1311.52
3175,2031-09-10,Home,479.41,2,958.82
3176,2031-09-11,Clothing,26.38,4,105.52
3177,2031-09-12,Clothing,294.1,1,294.1
3178,2031-09-13,Electronics,91.59,7,641.13
3179,2031-09-14,Home,358.99,4,1435.96
3180,2031-09-15,Electronics,96.19,8,769.52
3181,2031-09-16,Electronics,125.34,9,1128.06
3182,2031-09-17,Home,252.24,9,2270.16
3183,2031-09-18,Home,458.27,3,1374.81
3184,2031-09-19,Toys,113.74,5,568.6999999999999
3185,2031-09-20,Toys,80.68,6,484.08000000000004
3186,2031-09-21,Clothing,381.9,6,2291.3999999999996
3187,2031-09-22,Home,255.3,8,2042.4
3188,2031-09-23,Toys,456.77,6,2740.62
3189,2031-09-24,Clothing,81.84,6,491.04
3190,2031-09-25,Clothing,326.5,4,1306.0
3191,2031-09-26,Clothing,124.11,7,868.77
3192,2031-09-27,Toys,86.81,8,694.48
3193,2031-09-28,Home,344.88,3,1034.6399999999999
3194,2031-09-29,Electronics,300.91,7,2106.3700000000003
3195,2031-09-30,Clothing,379.87,3,1139.6100000000001
3196,2031-10-01,Toys,161.64,8,1293.12
3197,2031-10-02,Toys,229.51,1,229.51
3198,2031-10-03,Electronics,208.68,1,208.68
3199,2031-10-04,Electronics,492.2,6,2953.2
3200,2031-10-05,Toys,153.2,9,1378.8
3201,2031-10-06,Home,154.46,4,617.84
3202,2031-10-07,Electronics,183.73,6,1102.3799999999999
3203,2031-10-08,Toys,286.65,5,1433.25
3204,2031-10-09,Electronics,133.64,1,133.64
3205,2031-10-10,Home,458.49,6,2750.94
3206,2031-10-11,Clothing,140.19,9,1261.71
3207,2031-10-12,Electronics,448.95,3,1346.85
3208,2031-10-13,Home,60.7,3,182.10000000000002
3209,2031-10-14,Toys,331.72,2,663.44
3210,2031-10-15,Electronics,454.42,4,1817.68
3211,2031-10-16,Electronics,92.69,3,278.07
3212,2031-10-17,Toys,484.48,2,968.96
3213,2031-10-18,Clothing,231.91,1,231.91
3214,2031-10-19,Toys,473.4,3,1420.1999999999998
3215,2031-10-20,Electronics,341.64,6,2049.84
3216,2031-10-21,Toys,157.78,9,1420.02
3217,2031-10-22,Home,102.27,5,511.34999999999997
3218,2031-10-23,Toys,158.83,3,476.49
3219,2031-10-24,Electronics,55.58,5,277.9
3220,2031-10-25,Toys,80.5,5,402.5
3221,2031-10-26,Clothing,61.28,5,306.4
3222,2031-10-27,Toys,217.24,7,1520.68
3223,2031-10-28,Clothing,399.83,5,1999.1499999999999
3224,2031-10-29,Home,79.28,7,554.96
3225,2031-10-30,Clothing,73.86,9,664.74
3226,2031-10-31,Toys,325.28,5,1626.3999999999999
3227,2031-11-01,Electronics,106.62,2,213.24
3228,2031-11-02,Clothing,57.83,5,289.15
3229,2031-11-03,Home,91.76,8,734.08
3230,2031-11-04,Clothing,462.63,4,1850.52
3231,2031-11-05,Clothing,412.52,2,825.04
3232,2031-11-06,Clothing,183.49,3,550.47
3233,2031-11-07,Home,331.35,9,2982.15
3234,2031-11-08,Toys,273.27,9,2459.43
3235,2031-11-09,Clothing,341.79,8,2734.32
3236,2031-11-10,Clothing,344.51,8,2756.08
3237,2031-11-11,Electronics,318.08,8,2544.64
3238,2031-11-12,Home,140.39,8,1123.12
3239,2031-11-13,Clothing,29.11,8,232.88
3240,2031-11-14,Home,233.23,1,233.23
3241,2031-11-15,Clothing,446.58,6,2679.48
3242,2031-11-16,Toys,289.05,9,2601.4500000000003
3243,2031-11-17,Toys,417.87,8,3342.96
3244,2031-11-18,Clothing,495.9,3,1487.6999999999998
3245,2031-11-19,Toys,90.17,1,90.17
3246,2031-11-20,Clothing,348.97,2,697.94
3247,2031-11-21,Toys,340.4,2,680.8
3248,2031-11-22,Electronics,490.18,7,3431.26
3249,2031-11-23,Electronics,492.94,6,2957.64
3250,2031-11-24,Electronics,346.47,2,692.94
3251,2031-11-25,Home,129.37,8,1034.96
3252,2031-11-26,Home,401.29,9,3611.61
3253,2031-11-27,Electronics,62.44,7,437.08
3254,2031-11-28,Home,392.54,4,1570.16
3255,2031-11-29,Toys,456.0,1,456.0
3256,2031-11-30,Clothing,197.59,4,790.36
3257,2031-12-01,Clothing,319.01,4,1276.04
3258,2031-12-02,Clothing,220.77,8,1766.16
3259,2031-12-03,Electronics,224.5,4,898.0
3260,2031-12-04,Home,162.08,4,648.32
3261,2031-12-05,Toys,383.44,2,766.88
3262,2031-12-06,Toys,468.73,7,3281.11
3263,2031-12-07,Electronics,470.97,4,1883.88
3264,2031-12-08,Toys,95.64,6,573.84
3265,2031-12-09,Toys,438.62,3,1315.8600000000001
3266,2031-12-10,Toys,371.34,7,2599.3799999999997
3267,2031-12-11,Toys,133.89,6,803.3399999999999
3268,2031-12-12,Home,42.97,3,128.91
3269,2031-12-13,Toys,141.32,4,565.28
3270,2031-12-14,Clothing,456.98,5,2284.9
3271,2031-12-15,Electronics,320.26,9,2882.34
3272,2031-12-16,Home,363.32,6,2179.92
3273,2031-12-17,Toys,136.0,4,544.0
3274,2031-12-18,Home,362.5,7,2537.5
3275,2031-12-19,Toys,23.78,2,47.56
3276,2031-12-20,Clothing,193.91,4,775.64
3277,2031-12-21,Electronics,317.11,5,1585.5500000000002
3278,2031-12-22,Toys,81.59,4,326.36
3279,2031-12-23,Toys,413.27,4,1653.08
3280,2031-12-24,Toys,125.17,9,1126.53
3281,2031-12-25,Toys,329.62,2,659.24
3282,2031-12-26,Electronics,208.55,6,1251.3000000000002
3283,2031-12-27,Electronics,302.06,8,2416.48
3284,2031-12-28,Clothing,62.65,8,501.2
3285,2031-12-29,Electronics,18.29,7,128.03
3286,2031-12-30,Toys,455.69,4,1822.76
3287,2031-12-31,Clothing,142.12,7,994.84
3288,2032-01-01,Clothing,411.64,6,2469.84
3289,2032-01-02,Clothing,499.68,6,2998.08
3290,2032-01-03,Toys,113.6,2,227.2
3291,2032-01-04,Home,139.93,8,1119.44
3292,2032-01-05,Toys,334.8,8,2678.4
3293,2032-01-06,Electronics,483.07,7,3381.49
3294,2032-01-07,Electronics,458.75,9,4128.75
3295,2032-01-08,Toys,256.41,8,2051.28
3296,2032-01-09,Toys,399.6,9,3596.4
3297,2032-01-10,Clothing,76.52,9,688.68
3298,2032-01-11,Toys,488.94,6,2933.64
3299,2032-01-12,Clothing,482.53,2,965.06
3300,2032-01-13,Electronics,90.23,7,631.61
3301,2032-01-14,Clothing,156.72,3,470.15999999999997
3302,2032-01-15,Toys,59.08,7,413.56
3303,2032-01-16,Electronics,143.14,9,1288.2599999999998
3304,2032-01-17,Home,409.82,2,819.64
3305,2032-01-18,Clothing,195.37,6,1172.22
3306,2032-01-19,Electronics,53.31,6,319.86
3307,2032-01-20,Clothing,177.69,9,1599.21
3308,2032-01-21,Electronics,490.88,9,4417.92
3309,2032-01-22,Electronics,318.54,5,1592.7
3310,2032-01-23,Clothing,213.92,5,1069.6
3311,2032-01-24,Home,91.6,9,824.4
3312,2032-01-25,Electronics,493.23,8,3945.84
3313,2032-01-26,Electronics,412.22,7,2885.54
3314,2032-01-27,Electronics,147.92,8,1183.36
3315,2032-01-28,Home,44.33,6,265.98
3316,2032-01-29,Home,37.75,3,113.25
3317,2032-01-30,Toys,68.99,7,482.92999999999995
3318,2032-01-31,Clothing,294.58,8,2356.64
3319,2032-02-01,Home,465.09,8,3720.72
3320,2032-02-02,Clothing,253.4,1,253.4
3321,2032-02-03,Toys,423.04,7,2961.28
3322,2032-02-04,Clothing,228.48,3,685.4399999999999
3323,2032-02-05,Home,357.21,2,714.42
3324,2032-02-06,Clothing,368.62,2,737.24
3325,2032-02-07,Home,95.24,8,761.92
3326,2032-02-08,Clothing,187.0,9,1683.0
3327,2032-02-09,Home,322.28,3,966.8399999999999
3328,2032-02-10,Home,44.64,3,133.92000000000002
3329,2032-02-11,Clothing,187.15,6,1122.9
3330,2032-02-12,Toys,272.05,1,272.05
3331,2032-02-13,Electronics,498.15,6,2988.8999999999996
3332,2032-02-14,Toys,242.52,3,727.5600000000001
3333,2032-02-15,Clothing,409.87,4,1639.48
3334,2032-02-16,Toys,221.71,9,1995.39
3335,2032-02-17,Home,400.23,3,1200.69
3336,2032-02-18,Electronics,301.75,1,301.75
3337,2032-02-19,Clothing,444.43,3,1333.29
3338,2032-02-20,Clothing,211.36,7,1479.52
3339,2032-02-21,Clothing,306.11,7,2142.77
3340,2032-02-22,Electronics,318.71,5,1593.55
3341,2032-02-23,Home,214.52,1,214.52
3342,2032-02-24,Clothing,80.71,8,645.68
3343,2032-02-25,Toys,55.84,8,446.72
3344,2032-02-26,Clothing,18.17,2,36.34
3345,2032-02-27,Clothing,438.03,3,1314.09
3346,2032-02-28,Clothing,125.87,4,503.48
3347,2032-02-29,Clothing,113.64,1,113.64
3348,2032-03-01,Home,370.66,4,1482.64
3349,2032-03-02,Toys,166.81,5,834.05
3350,2032-03-03,Home,257.96,3,773.8799999999999
3351,2032-03-04,Toys,89.63,2,179.26
3352,2032-03-05,Clothing,480.28,6,2881.68
3353,2032-03-06,Electronics,427.27,8,3418.16
3354,2032-03-07,Home,433.26,7,3032.8199999999997
3355,2032-03-08,Electronics,209.32,1,209.32
3356,2032-03-09,Home,383.56,4,1534.24
3357,2032-03-10,Clothing,80.5,3,241.5
3358,2032-03-11,Home,14.22,6,85.32000000000001
3359,2032-03-12,Clothing,19.79,9,178.10999999999999
3360,2032-03-13,Home,297.43,9,2676.87
3361,2032-03-14,Clothing,233.14,7,1631.98
3362,2032-03-15,Clothing,263.83,9,2374.47
3363,2032-03-16,Toys,13.66,8,109.28
3364,2032-03-17,Clothing,217.12,5,1085.6
3365,2032-03-18,Toys,361.85,9,3256.65
3366,2032-03-19,Clothing,226.92,7,1588.4399999999998
3367,2032-03-20,Electronics,368.79,5,1843.95
3368,2032-03-21,Clothing,124.18,8,993.44
3369,2032-03-22,Electronics,408.44,7,2859.08
3370,2032-03-23,Electronics,298.33,9,2684.97
3371,2032-03-24,Clothing,113.27,1,113.27
3372,2032-03-25,Electronics,125.99,9,1133.9099999999999
3373,2032-03-26,Toys,317.73,7,2224.11
3374,2032-03-27,Home,416.67,1,416.67
3375,2032-03-28,Clothing,213.66,1,213.66
3376,2032-03-29,Electronics,136.57,5,682.8499999999999
3377,2032-03-30,Clothing,434.84,8,3478.72
3378,2032-03-31,Toys,337.94,9,3041.46
3379,2032-04-01,Clothing,229.56,6,1377.3600000000001
3380,2032-04-02,Clothing,249.07,8,1992.56
3381,2032-04-03,Electronics,110.09,6,660.54
3382,2032-04-04,Toys,317.13,6,1902.78
3383,2032-04-05,Home,185.78,4,743.12
3384,2032-04-06,Home,497.87,5,2489.35
3385,2032-04-07,Electronics,245.29,2,490.58
3386,2032-04-08,Clothing,248.08,3,744.24
3387,2032-04-09,Electronics,287.27,3,861.81
3388,2032-04-10,Electronics,459.21,5,2296.0499999999997
3389,2032-04-11,Electronics,402.4,5,2012.0
3390,2032-04-12,Clothing,231.05,6,1386.3000000000002
3391,2032-04-13,Toys,362.16,5,1810.8000000000002
3392,2032-04-14,Electronics,297.26,6,1783.56
3393,2032-04-15,Clothing,251.26,8,2010.08
3394,2032-04-16,Toys,104.23,2,208.46
3395,2032-04-17,Electronics,237.33,4,949.32
3396,2032-04-18,Home,130.45,6,782.6999999999999
3397,2032-04-19,Toys,458.27,5,2291.35
3398,2032-04-20,Electronics,174.35,1,174.35
3399,2032-04-21,Toys,476.61,9,4289.49
3400,2032-04-22,Toys,271.2,3,813.5999999999999
3401,2032-04-23,Toys,319.46,2,638.92
3402,2032-04-24,Toys,276.04,9,2484.36
3403,2032-04-25,Toys,73.4,7,513.8000000000001
3404,2032-04-26,Toys,194.15,5,970.75
3405,2032-04-27,Electronics,58.58,6,351.48
3406,2032-04-28,Home,315.25,4,1261.0
3407,2032-04-29,Clothing,228.97,1,228.97
3408,2032-04-30,Toys,391.21,4,1564.84
3409,2032-05-01,Clothing,118.03,9,1062.27
3410,2032-05-02,Electronics,90.64,1,90.64
3411,2032-05-03,Toys,209.1,3,627.3
3412,2032-05-04,Home,464.03,5,2320.1499999999996
3413,2032-05-05,Clothing,358.11,7,2506.77
3414,2032-05-06,Toys,215.27,9,1937.43
3415,2032-05-07,Electronics,263.46,6,1580.7599999999998
3416,2032-05-08,Home,51.26,3,153.78
3417,2032-05-09,Clothing,492.44,7,3447.08
3418,2032-05-10,Clothing,336.54,4,1346.16
3419,2032-05-11,Toys,149.85,3,449.54999999999995
3420,2032-05-12,Home,297.05,7,2079.35
3421,2032-05-13,Home,63.65,7,445.55
3422,2032-05-14,Home,483.26,4,1933.04
3423,2032-05-15,Home,95.64,7,669.48
3424,2032-05-16,Electronics,327.53,2,655.06
3425,2032-05-17,Home,130.27,1,130.27
3426,2032-05-18,Clothing,361.61,2,723.22
3427,2032-05-19,Clothing,390.64,4,1562.56
3428,2032-05-20,Electronics,339.98,8,2719.84
3429,2032-05-21,Clothing,311.1,3,933.3000000000001
3430,2032-05-22,Clothing,447.31,6,2683.86
3431,2032-05-23,Home,48.53,6,291.18
3432,2032-05-24,Clothing,172.15,9,1549.3500000000001
3433,2032-05-25,Electronics,131.66,9,1184.94
3434,2032-05-26,Home,494.13,4,1976.52
3435,2032-05-27,Toys,200.8,9,1807.2
3436,2032-05-28,Home,368.98,6,2213.88
3437,2032-05-29,Electronics,345.52,2,691.04
3438,2032-05-30,Home,113.92,6,683.52
3439,2032-05-31,Home,127.11,2,254.22
3440,2032-06-01,Electronics,147.83,8,1182.64
3441,2032-06-02,Home,211.45,4,845.8
3442,2032-06-03,Electronics,124.82,5,624.0999999999999
3443,2032-06-04,Electronics,19.63,8,157.04
3444,2032-06-05,Toys,440.9,8,3527.2
3445,2032-06-06,Clothing,483.15,6,2898.8999999999996
3446,2032-06-07,Clothing,177.37,4,709.48
3447,2032-06-08,Home,175.87,1,175.87
3448,2032-06-09,Home,13.47,7,94.29
3449,2032-06-10,Toys,343.32,8,2746.56
3450,2032-06-11,Toys,414.47,9,3730.2300000000005
3451,2032-06-12,Toys,81.84,2,163.68
3452,2032-06-13,Electronics,88.24,1,88.24
3453,2032-06-14,Toys,397.14,4,1588.56
3454,2032-06-15,Toys,311.98,5,1559.9
3455,2032-06-16,Home,31.98,1,31.98
3456,2032-06-17,Toys,315.05,5,1575.25
3457,2032-06-18,Electronics,161.37,6,968.22
3458,2032-06-19,Electronics,190.68,3,572.04
3459,2032-06-20,Home,387.17,7,2710.19
3460,2032-06-21,Toys,407.36,6,2444.16
3461,2032-06-22,Toys,206.17,4,824.68
3462,2032-06-23,Electronics,474.1,3,1422.3000000000002
3463,2032-06-24,Toys,209.17,5,1045.85
3464,2032-06-25,Toys,388.2,3,1164.6
3465,2032-06-26,Toys,247.1,9,2223.9
3466,2032-06-27,Clothing,449.79,9,4048.11
3467,2032-06-28,Home,454.8,6,2728.8
3468,2032-06-29,Clothing,52.83,6,316.98
3469,2032-06-30,Home,468.88,4,1875.52
3470,2032-07-01,Electronics,414.51,4,1658.04
3471,2032-07-02,Toys,397.74,2,795.48
3472,2032-07-03,Home,108.45,4,433.8
3473,2032-07-04,Clothing,404.51,8,3236.08
3474,2032-07-05,Toys,426.57,2,853.14
3475,2032-07-06,Electronics,151.68,9,1365.1200000000001
3476,2032-07-07,Home,476.61,1,476.61
3477,2032-07-08,Home,34.43,2,68.86
3478,2032-07-09,Home,83.46,2,166.92
3479,2032-07-10,Toys,273.41,6,1640.46
3480,2032-07-11,Clothing,292.14,7,2044.98
3481,2032-07-12,Clothing,326.12,3,978.36
3482,2032-07-13,Home,18.31,9,164.79
3483,2032-07-14,Electronics,480.58,5,2402.9
3484,2032-07-15,Electronics,31.85,5,159.25
3485,2032-07-16,Clothing,80.1,4,320.4
3486,2032-07-17,Electronics,16.87,9,151.83
3487,2032-07-18,Clothing,287.76,8,2302.08
3488,2032-07-19,Home,466.81,4,1867.24
3489,2032-07-20,Clothing,336.31,4,1345.24
3490,2032-07-21,Clothing,413.1,2,826.2
3491,2032-07-22,Home,16.51,9,148.59
3492,2032-07-23,Electronics,275.59,3,826.77
3493,2032-07-24,Clothing,235.19,4,940.76
3494,2032-07-25,Clothing,254.49,7,1781.43
3495,2032-07-26,Home,45.38,8,363.04
3496,2032-07-27,Electronics,345.37,8,2762.96
3497,2032-07-28,Clothing,256.58,4,1026.32
3498,2032-07-29,Home,384.92,7,2694.44
3499,2032-07-30,Clothing,247.79,1,247.79
3500,2032-07-31,Toys,83.2,6,499.20000000000005
3501,2032-08-01,Home,327.65,6,1965.8999999999999
3502,2032-08-02,Electronics,94.47,6,566.8199999999999
3503,2032-08-03,Electronics,437.47,2,874.94
3504,2032-08-04,Electronics,310.43,8,2483.44
3505,2032-08-05,Electronics,87.03,5,435.15
3506,2032-08-06,Clothing,481.55,5,2407.75
3507,2032-08-07,Clothing,264.0,2,528.0
3508,2032-08-08,Electronics,45.72,4,182.88
3509,2032-08-09,Electronics,317.15,9,2854.35
3510,2032-08-10,Electronics,134.07,9,1206.6299999999999
3511,2032-08-11,Clothing,403.81,6,2422.86
3512,2032-08-12,Electronics,410.73,9,3696.57
3513,2032-08-13,Electronics,489.68,4,1958.72
3514,2032-08-14,Toys,255.92,1,255.92
3515,2032-08-15,Toys,232.93,2,465.86
3516,2032-08-16,Electronics,379.2,1,379.2
3517,2032-08-17,Home,74.91,8,599.28
3518,2032-08-18,Electronics,277.99,9,2501.91
3519,2032-08-19,Toys,277.66,6,1665.96
3520,2032-08-20,Home,53.84,2,107.68
3521,2032-08-21,Home,214.81,6,1288.8600000000001
3522,2032-08-22,Electronics,428.11,9,3852.9900000000002
3523,2032-08-23,Toys,429.52,3,1288.56
3524,2032-08-24,Toys,58.63,9,527.6700000000001
3525,2032-08-25,Home,54.45,2,108.9
3526,2032-08-26,Electronics,138.72,5,693.6
3527,2032-08-27,Clothing,438.64,2,877.28
3528,2032-08-28,Clothing,73.16,7,512.12
3529,2032-08-29,Toys,362.8,9,3265.2000000000003
3530,2032-08-30,Clothing,59.57,7,416.99
3531,2032-08-31,Toys,315.34,5,1576.6999999999998
3532,2032-09-01,Toys,184.47,4,737.88
3533,2032-09-02,Toys,396.57,4,1586.28
3534,2032-09-03,Clothing,124.51,8,996.08
3535,2032-09-04,Toys,323.21,1,323.21
3536,2032-09-05,Home,125.48,5,627.4
3537,2032-09-06,Electronics,359.69,2,719.38
3538,2032-09-07,Electronics,438.1,9,3942.9
3539,2032-09-08,Toys,72.13,7,504.90999999999997
3540,2032-09-09,Electronics,434.63,8,3477.04
3541,2032-09-10,Clothing,300.85,6,1805.1000000000001
3542,2032-09-11,Clothing,72.28,9,650.52
3543,2032-09-12,Electronics,219.5,6,1317.0
3544,2032-09-13,Clothing,88.82,7,621.74
3545,2032-09-14,Electronics,353.17,7,2472.19
3546,2032-09-15,Electronics,381.85,9,3436.65
3547,2032-09-16,Electronics,61.84,8,494.72
3548,2032-09-17,Toys,258.01,1,258.01
3549,2032-09-18,Electronics,409.17,4,1636.68
3550,2032-09-19,Toys,468.72,7,3281.04
3551,2032-09-20,Electronics,261.62,8,2092.96
3552,2032-09-21,Electronics,475.64,7,3329.48
3553,2032-09-22,Electronics,272.49,3,817.47
3554,2032-09-23,Clothing,203.15,4,812.6
3555,2032-09-24,Toys,425.62,7,2979.34
3556,2032-09-25,Toys,251.56,8,2012.48
3557,2032-09-26,Electronics,241.23,7,1688.61
3558,2032-09-27,Electronics,250.25,6,1501.5
3559,2032-09-28,Clothing,424.92,9,3824.28
3560,2032-09-29,Clothing,417.65,9,3758.85
3561,2032-09-30,Clothing,207.72,7,1454.04
3562,2032-10-01,Toys,173.32,8,1386.56
3563,2032-10-02,Toys,251.04,6,1506.24
3564,2032-10-03,Toys,290.66,1,290.66
3565,2032-10-04,Electronics,126.79,1,126.79
3566,2032-10-05,Toys,399.04,6,2394.2400000000002
3567,2032-10-06,Home,248.38,2,496.76
3568,2032-10-07,Home,173.68,8,1389.44
3569,2032-10-08,Clothing,62.34,1,62.34
3570,2032-10-09,Toys,127.03,2,254.06
3571,2032-10-10,Home,475.15,8,3801.2
3572,2032-10-11,Clothing,159.5,6,957.0
3573,2032-10-12,Toys,92.74,2,185.48
3574,2032-10-13,Electronics,235.73,2,471.46
3575,2032-10-14,Home,160.47,7,1123.29
3576,2032-10-15,Electronics,27.23,5,136.15
3577,2032-10-16,Toys,168.34,5,841.7
3578,2032-10-17,Home,276.61,8,2212.88
3579,2032-10-18,Toys,280.34,7,1962.3799999999999
3580,2032-10-19,Electronics,184.71,9,1662.39
3581,2032-10-20,Home,229.18,4,916.72
3582,2032-10-21,Electronics,483.1,4,1932.4
3583,2032-10-22,Toys,194.9,2,389.8
3584,2032-10-23,Toys,136.53,3,409.59000000000003
3585,2032-10-24,Electronics,129.3,1,129.3
3586,2032-10-25,Home,234.3,1,234.3
3587,2032-10-26,Electronics,382.16,7,2675.1200000000003
3588,2032-10-27,Toys,110.93,5,554.6500000000001
3589,2032-10-28,Electronics,357.56,3,1072.68
3590,2032-10-29,Toys,20.36,7,142.51999999999998
3591,2032-10-30,Electronics,215.28,2,430.56
3592,2032-10-31,Home,390.17,3,1170.51
3593,2032-11-01,Home,175.98,1,175.98
3594,2032-11-02,Electronics,286.23,8,2289.84
3595,2032-11-03,Electronics,110.44,2,220.88
3596,2032-11-04,Home,373.58,7,2615.06
3597,2032-11-05,Toys,35.62,9,320.58
3598,2032-11-06,Home,427.75,6,2566.5
3599,2032-11-07,Toys,107.12,2,214.24
3600,2032-11-08,Electronics,438.46,2,876.92
3601,2032-11-09,Electronics,182.74,9,1644.66
3602,2032-11-10,Toys,364.11,8,2912.88
3603,2032-11-11,Electronics,166.42,9,1497.78
3604,2032-11-12,Toys,453.9,4,1815.6
3605,2032-11-13,Clothing,72.05,4,288.2
3606,2032-11-14,Home,97.47,2,194.94
3607,2032-11-15,Clothing,251.58,1,251.58
3608,2032-11-16,Toys,50.15,4,200.6
3609,2032-11-17,Home,106.03,8,848.24
3610,2032-11-18,Toys,472.45,2,944.9
3611,2032-11-19,Home,488.48,8,3907.84
3612,2032-11-20,Home,194.37,1,194.37
3613,2032-11-21,Home,462.41,1,462.41
3614,2032-11-22,Home,276.96,4,1107.84
3615,2032-11-23,Toys,142.17,7,995.1899999999999
3616,2032-11-24,Home,354.18,9,3187.62
3617,2032-11-25,Home,332.86,5,1664.3000000000002
3618,2032-11-26,Clothing,494.67,2,989.34
3619,2032-11-27,Electronics,139.87,7,979.09
3620,2032-11-28,Electronics,339.31,2,678.62
3621,2032-11-29,Clothing,35.49,9,319.41
3622,2032-11-30,Clothing,65.69,9,591.21
3623,2032-12-01,Toys,11.92,3,35.76
3624,2032-12-02,Toys,499.74,8,3997.92
3625,2032-12-03,Toys,403.11,4,1612.44
3626,2032-12-04,Clothing,395.49,3,1186.47
3627,2032-12-05,Clothing,259.77,1,259.77
3628,2032-12-06,Home,157.03,5,785.15
3629,2032-12-07,Toys,84.12,4,336.48
3630,2032-12-08,Toys,149.49,1,149.49
3631,2032-12-09,Toys,194.23,8,1553.84
3632,2032-12-10,Electronics,380.59,8,3044.72
3633,2032-12-11,Home,274.43,8,2195.44
3634,2032-12-12,Toys,47.97,3,143.91
3635,2032-12-13,Toys,18.83,6,112.97999999999999
3636,2032-12-14,Toys,60.14,7,420.98
3637,2032-12-15,Electronics,211.14,9,1900.2599999999998
3638,2032-12-16,Electronics,467.26,5,2336.3
3639,2032-12-17,Clothing,322.33,9,2900.97
3640,2032-12-18,Home,402.89,6,2417.34
3641,2032-12-19,Clothing,238.52,4,954.08
3642,2032-12-20,Home,187.22,1,187.22
3643,2032-12-21,Electronics,63.12,1,63.12
3644,2032-12-22,Toys,439.21,5,2196.0499999999997
3645,2032-12-23,Clothing,393.75,3,1181.25
3646,2032-12-24,Toys,92.38,5,461.9
3647,2032-12-25,Clothing,261.01,5,1305.05
3648,2032-12-26,Electronics,248.81,1,248.81
3649,2032-12-27,Electronics,316.29,8,2530.32
3650,2032-12-28,Electronics,473.63,5,2368.15
3651,2032-12-29,Clothing,294.09,5,1470.4499999999998
3652,2032-12-30,Home,274.71,9,2472.39
3653,2032-12-31,Clothing,34.66,8,277.28
3654,2033-01-01,Home,40.82,1,40.82
3655,2033-01-02,Clothing,101.8,3,305.4
3656,2033-01-03,Clothing,25.91,7,181.37
3657,2033-01-04,Electronics,374.24,1,374.24
3658,2033-01-05,Toys,364.43,1,364.43
3659,2033-01-06,Toys,76.67,5,383.35
3660,2033-01-07,Home,419.68,9,3777.12
3661,2033-01-08,Toys,85.85,6,515.0999999999999
3662,2033-01-09,Clothing,157.58,2,315.16
3663,2033-01-10,Clothing,132.0,9,1188.0
3664,2033-01-11,Electronics,192.43,6,1154.58
3665,2033-01-12,Electronics,134.79,5,673.9499999999999
3666,2033-01-13,Toys,249.59,5,1247.95
3667,2033-01-14,Home,209.63,3,628.89
3668,2033-01-15,Toys,493.42,6,2960.52
3669,2033-01-16,Toys,37.4,4,149.6
3670,2033-01-17,Toys,79.67,2,159.34
3671,2033-01-18,Toys,35.88,3,107.64000000000001
3672,2033-01-19,Clothing,316.66,9,2849.94
3673,2033-01-20,Home,36.71,9,330.39
3674,2033-01-21,Clothing,419.86,6,2519.16
3675,2033-01-22,Home,260.85,9,2347.65
3676,2033-01-23,Electronics,268.23,4,1072.92
3677,2033-01-24,Toys,285.18,5,1425.9
3678,2033-01-25,Clothing,93.7,6,562.2
3679,2033-01-26,Home,106.87,9,961.83
3680,2033-01-27,Electronics,166.22,5,831.1
3681,2033-01-28,Electronics,300.81,8,2406.48
3682,2033-01-29,Toys,112.96,1,112.96
3683,2033-01-30,Home,67.0,5,335.0
3684,2033-01-31,Clothing,485.36,1,485.36
3685,2033-02-01,Toys,20.77,6,124.62
3686,2033-02-02,Clothing,403.32,7,2823.24
3687,2033-02-03,Electronics,396.14,5,1980.6999999999998
3688,2033-02-04,Clothing,155.63,1,155.63
3689,2033-02-05,Clothing,76.46,6,458.76
3690,2033-02-06,Toys,81.36,5,406.8
3691,2033-02-07,Clothing,351.74,6,2110.44
3692,2033-02-08,Toys,324.98,7,2274.86
3693,2033-02-09,Electronics,393.55,7,2754.85
3694,2033-02-10,Toys,469.37,2,938.74
3695,2033-02-11,Toys,349.04,3,1047.1200000000001
3696,2033-02-12,Home,86.37,6,518.22
3697,2033-02-13,Clothing,129.29,3,387.87
3698,2033-02-14,Electronics,422.67,2,845.34
3699,2033-02-15,Toys,112.56,4,450.24
3700,2033-02-16,Electronics,45.54,5,227.7
3701,2033-02-17,Home,354.61,9,3191.4900000000002
3702,2033-02-18,Clothing,207.24,3,621.72
3703,2033-02-19,Toys,460.82,3,1382.46
3704,2033-02-20,Clothing,328.62,6,1971.72
3705,2033-02-21,Home,54.31,5,271.55
3706,2033-02-22,Home,474.45,6,2846.7
3707,2033-02-23,Electronics,136.69,7,956.8299999999999
3708,2033-02-24,Toys,175.23,3,525.6899999999999
3709,2033-02-25,Electronics,207.11,5,1035.5500000000002
3710,2033-02-26,Home,35.1,8,280.8
3711,2033-02-27,Clothing,253.29,4,1013.16
3712,2033-02-28,Electronics,70.43,2,140.86
3713,2033-03-01,Electronics,206.48,4,825.92
3714,2033-03-02,Clothing,181.85,2,363.7
3715,2033-03-03,Electronics,388.69,3,1166.07
3716,2033-03-04,Clothing,403.55,4,1614.2
3717,2033-03-05,Toys,85.17,4,340.68
3718,2033-03-06,Clothing,189.61,9,1706.4900000000002
3719,2033-03-07,Toys,192.94,6,1157.6399999999999
3720,2033-03-08,Clothing,84.19,9,757.71
3721,2033-03-09,Home,401.24,4,1604.96
3722,2033-03-10,Home,356.54,9,3208.86
3723,2033-03-11,Toys,103.29,9,929.61
3724,2033-03-12,Toys,189.69,6,1138.1399999999999
3725,2033-03-13,Home,61.84,5,309.20000000000005
3726,2033-03-14,Toys,317.82,3,953.46
3727,2033-03-15,Clothing,69.47,5,347.35
3728,2033-03-16,Clothing,493.11,3,1479.33
3729,2033-03-17,Home,392.53,5,1962.6499999999999
3730,2033-03-18,Electronics,201.22,5,1006.1
3731,2033-03-19,Clothing,293.5,2,587.0
3732,2033-03-20,Toys,456.56,9,4109.04
3733,2033-03-21,Electronics,281.51,7,1970.57
3734,2033-03-22,Electronics,95.5,6,573.0
3735,2033-03-23,Clothing,195.56,5,977.8
3736,2033-03-24,Clothing,423.14,4,1692.56
3737,2033-03-25,Electronics,325.66,8,2605.28
3738,2033-03-26,Electronics,328.85,2,657.7
3739,2033-03-27,Home,434.74,8,3477.92
3740,2033-03-28,Toys,448.05,1,448.05
3741,2033-03-29,Home,460.7,1,460.7
3742,2033-03-30,Clothing,56.48,3,169.44
3743,2033-03-31,Home,276.62,5,1383.1
3744,2033-04-01,Home,372.85,6,2237.1000000000004
3745,2033-04-02,Home,380.89,4,1523.56
3746,2033-04-03,Home,307.29,7,2151.03
3747,2033-04-04,Toys,91.73,7,642.11
3748,2033-04-05,Toys,400.74,2,801.48
3749,2033-04-06,Electronics,362.85,2,725.7
3750,2033-04-07,Clothing,52.21,2,104.42
3751,2033-04-08,Home,237.27,2,474.54
3752,2033-04-09,Electronics,95.25,9,857.25
3753,2033-04-10,Electronics,175.36,5,876.8000000000001
3754,2033-04-11,Electronics,18.86,8,150.88
3755,2033-04-12,Toys,206.16,5,1030.8
3756,2033-04-13,Home,279.44,5,1397.2
3757,2033-04-14,Home,313.6,1,313.6
3758,2033-04-15,Clothing,335.11,6,2010.66
3759,2033-04-16,Home,419.78,4,1679.12
3760,2033-04-17,Home,115.58,3,346.74
3761,2033-04-18,Electronics,69.04,6,414.24
3762,2033-04-19,Clothing,427.25,2,854.5
3763,2033-04-20,Home,86.74,8,693.92
3764,2033-04-21,Toys,487.63,1,487.63
3765,2033-04-22,Home,422.84,9,3805.56
3766,2033-04-23,Electronics,255.43,8,2043.44
3767,2033-04-24,Toys,490.9,1,490.9
3768,2033-04-25,Electronics,57.71,9,519.39
3769,2033-04-26,Home,158.5,2,317.0
3770,2033-04-27,Toys,322.73,3,968.19
3771,2033-04-28,Clothing,181.5,2,363.0
3772,2033-04-29,Clothing,464.9,8,3719.2
3773,2033-04-30,Toys,42.16,2,84.32
3774,2033-05-01,Toys,279.21,2,558.42
3775,2033-05-02,Electronics,299.52,1,299.52
3776,2033-05-03,Toys,329.84,7,2308.8799999999997
3777,2033-05-04,Electronics,135.28,2,270.56
3778,2033-05-05,Home,188.64,5,943.1999999999999
3779,2033-05-06,Electronics,423.4,5,2117.0
3780,2033-05-07,Toys,105.52,3,316.56
3781,2033-05-08,Toys,415.17,3,1245.51
3782,2033-05-09,Home,285.7,3,857.0999999999999
3783,2033-05-10,Toys,383.47,6,2300.82
3784,2033-05-11,Toys,359.67,4,1438.68
3785,2033-05-12,Clothing,111.68,3,335.04
3786,2033-05-13,Clothing,288.72,2,577.44
3787,2033-05-14,Home,435.18,3,1305.54
3788,2033-05-15,Electronics,221.74,4,886.96
3789,2033-05-16,Clothing,483.63,6,2901.7799999999997
3790,2033-05-17,Electronics,231.59,4,926.36
3791,2033-05-18,Toys,79.96,8,639.68
3792,2033-05-19,Clothing,200.82,3,602.46
3793,2033-05-20,Home,476.33,3,1428.99
3794,2033-05-21,Home,166.66,3,499.98
3795,2033-05-22,Home,435.37,8,3482.96
3796,2033-05-23,Clothing,441.81,4,1767.24
3797,2033-05-24,Electronics,181.59,1,181.59
3798,2033-05-25,Toys,50.8,2,101.6
3799,2033-05-26,Electronics,365.03,2,730.06
3800,2033-05-27,Electronics,162.64,3,487.91999999999996
3801,2033-05-28,Toys,393.63,6,2361.7799999999997
3802,2033-05-29,Toys,226.9,8,1815.2
3803,2033-05-30,Clothing,247.78,1,247.78
3804,2033-05-31,Clothing,391.18,9,3520.62
3805,2033-06-01,Clothing,197.36,1,197.36
3806,2033-06-02,Clothing,227.13,2,454.26
3807,2033-06-03,Clothing,194.33,3,582.99
3808,2033-06-04,Toys,190.0,7,1330.0
3809,2033-06-05,Electronics,267.71,9,2409.39
3810,2033-06-06,Clothing,406.31,3,1218.93
3811,2033-06-07,Clothing,187.27,8,1498.16
3812,2033-06-08,Electronics,266.88,9,2401.92
3813,2033-06-09,Clothing,338.66,7,2370.6200000000003
3814,2033-06-10,Electronics,142.03,4,568.12
3815,2033-06-11,Electronics,145.99,4,583.96
3816,2033-06-12,Toys,467.37,4,1869.48
3817,2033-06-13,Home,364.53,6,2187.18
3818,2033-06-14,Toys,292.82,4,1171.28
3819,2033-06-15,Home,327.38,5,1636.9
3820,2033-06-16,Home,24.36,9,219.24
3821,2033-06-17,Home,312.87,7,2190.09
3822,2033-06-18,Clothing,259.66,8,2077.28
3823,2033-06-19,Toys,277.42,5,1387.1000000000001
3824,2033-06-20,Home,186.12,5,930.6
3825,2033-06-21,Electronics,49.92,7,349.44
3826,2033-06-22,Clothing,104.74,8,837.92
3827,2033-06-23,Toys,475.86,9,4282.74
3828,2033-06-24,Home,210.26,2,420.52
3829,2033-06-25,Electronics,238.67,3,716.01
3830,2033-06-26,Toys,35.83,2,71.66
3831,2033-06-27,Toys,28.41,7,198.87
3832,2033-06-28,Clothing,361.42,2,722.84
3833,2033-06-29,Toys,273.67,2,547.34
3834,2033-06-30,Clothing,259.27,2,518.54
3835,2033-07-01,Home,129.13,4,516.52
3836,2033-07-02,Clothing,374.93,1,374.93
3837,2033-07-03,Electronics,92.44,2,184.88
3838,2033-07-04,Clothing,103.07,3,309.21
3839,2033-07-05,Electronics,235.75,7,1650.25
3840,2033-07-06,Clothing,150.28,1,150.28
3841,2033-07-07,Toys,131.26,6,787.56
3842,2033-07-08,Home,326.17,3,978.51
3843,2033-07-09,Electronics,328.98,3,986.94
3844,2033-07-10,Clothing,414.01,4,1656.04
3845,2033-07-11,Clothing,214.68,4,858.72
3846,2033-07-12,Clothing,45.81,7,320.67
3847,2033-07-13,Toys,144.1,3,432.29999999999995
3848,2033-07-14,Toys,490.2,8,3921.6
3849,2033-07-15,Electronics,302.17,8,2417.36
3850,2033-07-16,Electronics,357.77,7,2504.39
3851,2033-07-17,Toys,13.61,2,27.22
3852,2033-07-18,Electronics,263.92,5,1319.6000000000001
3853,2033-07-19,Home,28.39,6,170.34
3854,2033-07-20,Home,288.92,4,1155.68
3855,2033-07-21,Toys,461.18,5,2305.9
3856,2033-07-22,Electronics,484.53,9,4360.7699999999995
3857,2033-07-23,Clothing,274.87,7,1924.0900000000001
3858,2033-07-24,Home,234.52,2,469.04
3859,2033-07-25,Toys,473.06,1,473.06
3860,2033-07-26,Electronics,340.07,2,680.14
3861,2033-07-27,Toys,41.8,3,125.39999999999999
3862,2033-07-28,Clothing,238.21,2,476.42
3863,2033-07-29,Home,127.72,3,383.15999999999997
3864,2033-07-30,Toys,240.2,9,2161.7999999999997
3865,2033-07-31,Toys,233.18,4,932.72
3866,2033-08-01,Toys,295.25,9,2657.25
3867,2033-08-02,Clothing,184.82,3,554.46
3868,2033-08-03,Toys,90.49,1,90.49
3869,2033-08-04,Clothing,256.82,5,1284.1
3870,2033-08-05,Clothing,416.8,2,833.6
3871,2033-08-06,Clothing,335.37,4,1341.48
3872,2033-08-07,Home,175.8,2,351.6
3873,2033-08-08,Home,468.41,2,936.82
3874,2033-08-09,Toys,456.98,3,1370.94
3875,2033-08-10,Toys,112.58,5,562.9
3876,2033-08-11,Home,29.31,4,117.24
3877,2033-08-12,Electronics,373.24,2,746.48
3878,2033-08-13,Home,415.53,2,831.06
3879,2033-08-14,Clothing,484.25,6,2905.5
3880,2033-08-15,Home,446.02,7,3122.14
3881,2033-08-16,Clothing,304.26,6,1825.56
3882,2033-08-17,Toys,269.73,7,1888.1100000000001
3883,2033-08-18,Electronics,23.64,1,23.64
3884,2033-08-19,Toys,130.86,6,785.1600000000001
3885,2033-08-20,Clothing,235.21,3,705.63
3886,2033-08-21,Clothing,317.97,1,317.97
3887,2033-08-22,Clothing,283.05,8,2264.4
3888,2033-08-23,Electronics,373.89,4,1495.56
3889,2033-08-24,Home,147.09,8,1176.72
3890,2033-08-25,Toys,286.83,4,1147.32
3891,2033-08-26,Toys,53.19,4,212.76
3892,2033-08-27,Home,212.7,4,850.8
3893,2033-08-28,Toys,377.58,6,2265.48
3894,2033-08-29,Electronics,349.77,9,3147.93
3895,2033-08-30,Toys,495.41,5,2477.05
3896,2033-08-31,Clothing,146.17,8,1169.36
3897,2033-09-01,Home,254.11,8,2032.88
3898,2033-09-02,Electronics,171.47,4,685.88
3899,2033-09-03,Home,225.9,9,2033.1000000000001
3900,2033-09-04,Electronics,429.91,9,3869.19
3901,2033-09-05,Clothing,345.26,5,1726.3
3902,2033-09-06,Home,442.4,6,2654.3999999999996
3903,2033-09-07,Toys,109.72,5,548.6
3904,2033-09-08,Electronics,437.95,3,1313.85
3905,2033-09-09,Home,39.28,8,314.24
3906,2033-09-10,Toys,445.41,9,4008.69
3907,2033-09-11,Home,171.25,4,685.0
3908,2033-09-12,Home,164.15,9,1477.3500000000001
3909,2033-09-13,Home,260.92,9,2348.28
3910,2033-09-14,Electronics,470.94,7,3296.58
3911,2033-09-15,Toys,33.41,8,267.28
3912,2033-09-16,Clothing,182.59,3,547.77
3913,2033-09-17,Electronics,429.72,5,2148.6000000000004
3914,2033-09-18,Electronics,204.07,3,612.21
3915,2033-09-19,Electronics,107.59,7,753.13
3916,2033-09-20,Clothing,218.15,6,1308.9
3917,2033-09-21,Toys,198.92,3,596.76
3918,2033-09-22,Toys,458.55,9,4126.95
3919,2033-09-23,Toys,383.35,1,383.35
3920,2033-09-24,Home,257.51,3,772.53
3921,2033-09-25,Home,494.3,7,3460.1
3922,2033-09-26,Home,237.99,3,713.97
3923,2033-09-27,Clothing,38.54,3,115.62
3924,2033-09-28,Home,138.51,2,277.02
3925,2033-09-29,Clothing,223.67,9,2013.03
3926,2033-09-30,Toys,86.88,4,347.52
3927,2033-10-01,Home,474.31,6,2845.86
3928,2033-10-02,Home,385.76,2,771.52
3929,2033-10-03,Electronics,141.46,9,1273.14
3930,2033-10-04,Clothing,299.49,7,2096.4300000000003
3931,2033-10-05,Toys,363.51,5,1817.55
3932,2033-10-06,Electronics,471.23,7,3298.61
3933,2033-10-07,Electronics,442.0,4,1768.0
3934,2033-10-08,Toys,262.44,7,1837.08
3935,2033-10-09,Electronics,389.58,2,779.16
3936,2033-10-10,Clothing,285.45,7,1998.1499999999999
3937,2033-10-11,Clothing,280.82,4,1123.28
3938,2033-10-12,Home,66.22,4,264.88
3939,2033-10-13,Electronics,71.81,1,71.81
3940,2033-10-14,Home,269.47,3,808.4100000000001
3941,2033-10-15,Electronics,141.74,5,708.7
3942,2033-10-16,Clothing,20.31,5,101.55
3943,2033-10-17,Clothing,364.19,2,728.38
3944,2033-10-18,Clothing,25.92,4,103.68
3945,2033-10-19,Electronics,301.69,1,301.69
3946,2033-10-20,Clothing,274.2,9,2467.7999999999997
3947,2033-10-21,Electronics,484.72,1,484.72
3948,2033-10-22,Home,247.26,6,1483.56
3949,2033-10-23,Electronics,41.16,7,288.12
3950,2033-10-24,Home,280.33,3,840.99
3951,2033-10-25,Electronics,422.14,1,422.14
3952,2033-10-26,Home,498.46,7,3489.22
3953,2033-10-27,Clothing,220.87,3,662.61
3954,2033-10-28,Home,166.95,6,1001.6999999999999
3955,2033-10-29,Clothing,454.26,6,2725.56
3956,2033-10-30,Clothing,103.71,4,414.84
3957,2033-10-31,Home,311.56,6,1869.3600000000001
3958,2033-11-01,Electronics,208.8,4,835.2
3959,2033-11-02,Electronics,30.13,8,241.04
3960,2033-11-03,Toys,180.17,9,1621.53
3961,2033-11-04,Electronics,139.96,2,279.92
3962,2033-11-05,Toys,346.18,7,2423.26
3963,2033-11-06,Electronics,474.91,9,4274.1900000000005
3964,2033-11-07,Electronics,141.34,9,1272.06
3965,2033-11-08,Clothing,407.62,5,2038.1
3966,2033-11-09,Toys,37.13,1,37.13
3967,2033-11-10,Electronics,273.68,6,1642.08
3968,2033-11-11,Toys,44.57,8,356.56
3969,2033-11-12,Clothing,467.68,1,467.68
3970,2033-11-13,Clothing,385.51,2,771.02
3971,2033-11-14,Toys,332.4,1,332.4
3972,2033-11-15,Clothing,413.71,5,2068.5499999999997
3973,2033-11-16,Home,327.28,2,654.56
3974,2033-11-17,Home,484.78,4,1939.12
3975,2033-11-18,Clothing,359.84,1,359.84
3976,2033-11-19,Home,463.08,7,3241.56
3977,2033-11-20,Electronics,263.39,8,2107.12
3978,2033-11-21,Toys,67.36,5,336.8
3979,2033-11-22,Electronics,268.81,2,537.62
3980,2033-11-23,Toys,72.17,8,577.36
3981,2033-11-24,Clothing,300.32,1,300.32
3982,2033-11-25,Electronics,246.42,7,1724.9399999999998
3983,2033-11-26,Clothing,315.06,1,315.06
3984,2033-11-27,Clothing,14.92,6,89.52
3985,2033-11-28,Toys,105.47,6,632.8199999999999
3986,2033-11-29,Toys,250.75,5,1253.75
3987,2033-11-30,Toys,475.75,2,951.5
3988,2033-12-01,Electronics,197.97,2,395.94
3989,2033-12-02,Home,217.94,9,1961.46
3990,2033-12-03,Toys,360.2,5,1801.0
3991,2033-12-04,Toys,305.86,5,1529.3000000000002
3992,2033-12-05,Electronics,156.47,7,1095.29
3993,2033-12-06,Toys,211.3,6,1267.8000000000002
3994,2033-12-07,Electronics,116.67,2,233.34
3995,2033-12-08,Clothing,483.35,1,483.35
3996,2033-12-09,Toys,74.01,5,370.05
3997,2033-12-10,Toys,192.2,4,768.8
3998,2033-12-11,Clothing,22.66,3,67.98
3999,2033-12-12,Clothing,118.67,2,237.34
4000,2033-12-13,Clothing,392.43,2,784.86
4001,2033-12-14,Toys,108.58,4,434.32
4002,2033-12-15,Home,49.23,2,98.46
4003,2033-12-16,Home,242.48,4,969.92
4004,2033-12-17,Home,14.88,3,44.64
4005,2033-12-18,Toys,51.54,9,463.86
4006,2033-12-19,Clothing,405.74,7,2840.1800000000003
4007,2033-12-20,Toys,388.02,3,1164.06
4008,2033-12-21,Clothing,458.42,8,3667.36
4009,2033-12-22,Toys,428.71,9,3858.39
4010,2033-12-23,Toys,344.76,7,2413.3199999999997
4011,2033-12-24,Clothing,35.64,6,213.84
4012,2033-12-25,Home,393.6,4,1574.4
4013,2033-12-26,Clothing,424.3,5,2121.5
4014,2033-12-27,Electronics,401.55,8,3212.4
4015,2033-12-28,Electronics,259.15,3,777.4499999999999
4016,2033-12-29,Clothing,124.12,2,248.24
4017,2033-12-30,Toys,424.21,3,1272.6299999999999
4018,2033-12-31,Electronics,366.31,7,2564.17
4019,2034-01-01,Electronics,490.57,8,3924.56
4020,2034-01-02,Toys,86.29,1,86.29
4021,2034-01-03,Toys,120.58,7,844.06
4022,2034-01-04,Home,113.78,9,1024.02
4023,2034-01-05,Toys,398.34,3,1195.02
4024,2034-01-06,Clothing,101.58,3,304.74
4025,2034-01-07,Clothing,42.66,8,341.28
4026,2034-01-08,Home,499.29,4,1997.16
4027,2034-01-09,Electronics,22.16,8,177.28
4028,2034-01-10,Electronics,419.27,5,2096.35
4029,2034-01-11,Toys,189.03,3,567.09
4030,2034-01-12,Clothing,422.39,4,1689.56
4031,2034-01-13,Electronics,281.76,4,1127.04
4032,2034-01-14,Home,451.8,8,3614.4
4033,2034-01-15,Home,463.83,6,2782.98
4034,2034-01-16,Clothing,14.46,7,101.22
4035,2034-01-17,Home,46.95,9,422.55
4036,2034-01-18,Home,132.68,6,796.08
4037,2034-01-19,Clothing,337.96,3,1013.8799999999999
4038,2034-01-20,Toys,445.25,3,1335.75
4039,2034-01-21,Toys,235.37,3,706.11
4040,2034-01-22,Home,307.42,2,614.84
4041,2034-01-23,Toys,102.36,1,102.36
4042,2034-01-24,Toys,404.43,1,404.43
4043,2034-01-25,Home,483.99,4,1935.96
4044,2034-01-26,Toys,141.61,3,424.83000000000004
4045,2034-01-27,Home,252.46,5,1262.3
4046,2034-01-28,Electronics,52.2,9,469.8
4047,2034-01-29,Clothing,283.98,8,2271.84
4048,2034-01-30,Clothing,256.36,9,2307.2400000000002
4049,2034-01-31,Toys,80.77,5,403.84999999999997
4050,2034-02-01,Toys,226.61,8,1812.88
4051,2034-02-02,Toys,173.71,4,694.84
4052,2034-02-03,Clothing,265.7,5,1328.5
4053,2034-02-04,Electronics,296.97,3,890.9100000000001
4054,2034-02-05,Electronics,14.16,5,70.8
4055,2034-02-06,Clothing,382.89,3,1148.67
4056,2034-02-07,Electronics,359.38,5,1796.9
4057,2034-02-08,Clothing,189.48,5,947.4
4058,2034-02-09,Electronics,35.94,6,215.64
4059,2034-02-10,Home,379.92,9,3419.28
4060,2034-02-11,Home,478.04,1,478.04
4061,2034-02-12,Clothing,127.67,6,766.02
4062,2034-02-13,Electronics,168.53,1,168.53
4063,2034-02-14,Toys,100.07,6,600.42
4064,2034-02-15,Electronics,292.7,2,585.4
4065,2034-02-16,Home,85.87,8,686.96
4066,2034-02-17,Home,184.54,3,553.62
4067,2034-02-18,Electronics,351.54,6,2109.2400000000002
4068,2034-02-19,Electronics,284.46,6,1706.7599999999998
4069,2034-02-20,Toys,199.37,4,797.48
4070,2034-02-21,Toys,215.92,5,1079.6
4071,2034-02-22,Electronics,285.43,2,570.86
4072,2034-02-23,Electronics,12.87,8,102.96
4073,2034-02-24,Electronics,48.47,7,339.28999999999996
4074,2034-02-25,Electronics,441.82,6,2650.92
4075,2034-02-26,Clothing,48.16,7,337.12
4076,2034-02-27,Electronics,356.33,1,356.33
4077,2034-02-28,Toys,460.82,5,2304.1
4078,2034-03-01,Home,142.63,7,998.41
4079,2034-03-02,Clothing,191.54,1,191.54
4080,2034-03-03,Electronics,288.77,2,577.54
4081,2034-03-04,Home,442.04,9,3978.36
4082,2034-03-05,Clothing,471.53,3,1414.59
4083,2034-03-06,Home,372.39,6,2234.34
4084,2034-03-07,Electronics,52.44,7,367.08
4085,2034-03-08,Electronics,337.89,9,3041.0099999999998
4086,2034-03-09,Toys,211.05,5,1055.25
4087,2034-03-10,Electronics,240.64,4,962.56
4088,2034-03-11,Electronics,34.08,2,68.16
4089,2034-03-12,Clothing,103.62,3,310.86
4090,2034-03-13,Toys,397.35,5,1986.75
4091,2034-03-14,Clothing,232.44,2,464.88
4092,2034-03-15,Home,157.81,4,631.24
4093,2034-03-16,Electronics,198.17,1,198.17
4094,2034-03-17,Home,428.66,4,1714.64
4095,2034-03-18,Clothing,377.01,7,2639.0699999999997
4096,2034-03-19,Electronics,143.43,3,430.29
4097,2034-03-20,Electronics,67.58,8,540.64
4098,2034-03-21,Clothing,133.48,6,800.8799999999999
4099,2034-03-22,Clothing,461.17,6,2767.02
4100,2034-03-23,Clothing,294.98,1,294.98
4101,2034-03-24,Clothing,271.41,5,1357.0500000000002
4102,2034-03-25,Clothing,302.23,3,906.69
4103,2034-03-26,Electronics,189.35,1,189.35
4104,2034-03-27,Clothing,405.48,8,3243.84
4105,2034-03-28,Electronics,266.41,7,1864.8700000000001
4106,2034-03-29,Electronics,67.21,7,470.46999999999997
4107,2034-03-30,Clothing,73.24,4,292.96
4108,2034-03-31,Clothing,273.06,6,1638.3600000000001
4109,2034-04-01,Toys,468.92,9,4220.28
4110,2034-04-02,Electronics,161.09,3,483.27
4111,2034-04-03,Clothing,436.08,9,3924.72
4112,2034-04-04,Clothing,384.41,4,1537.64
4113,2034-04-05,Clothing,131.43,5,657.1500000000001
4114,2034-04-06,Toys,27.81,7,194.67
4115,2034-04-07,Toys,59.91,6,359.46
4116,2034-04-08,Home,366.96,8,2935.68
4117,2034-04-09,Electronics,107.84,8,862.72
4118,2034-04-10,Home,191.92,8,1535.36
4119,2034-04-11,Clothing,255.83,3,767.49
4120,2034-04-12,Toys,365.48,6,2192.88
4121,2034-04-13,Toys,65.48,7,458.36
4122,2034-04-14,Home,209.12,9,1882.08
4123,2034-04-15,Toys,247.69,4,990.76
4124,2034-04-16,Clothing,275.01,5,1375.05
4125,2034-04-17,Toys,411.0,8,3288.0
4126,2034-04-18,Home,94.12,1,94.12
4127,2034-04-19,Clothing,405.84,6,2435.04
4128,2034-04-20,Home,349.51,4,1398.04
4129,2034-04-21,Toys,282.38,5,1411.9
4130,2034-04-22,Home,352.77,5,1763.85
4131,2034-04-23,Home,211.89,2,423.78
4132,2034-04-24,Electronics,77.81,8,622.48
4133,2034-04-25,Toys,336.22,2,672.44
4134,2034-04-26,Toys,267.09,4,1068.36
4135,2034-04-27,Home,323.29,5,1616.45
4136,2034-04-28,Electronics,175.62,1,175.62
4137,2034-04-29,Toys,454.36,6,2726.16
4138,2034-04-30,Clothing,297.81,2,595.62
4139,2034-05-01,Home,51.85,5,259.25
4140,2034-05-02,Toys,230.4,6,1382.4
4141,2034-05-03,Clothing,380.61,8,3044.88
4142,2034-05-04,Toys,399.13,9,3592.17
4143,2034-05-05,Clothing,252.35,6,1514.1
4144,2034-05-06,Home,448.43,5,2242.15
4145,2034-05-07,Toys,141.16,4,564.64
4146,2034-05-08,Toys,211.19,2,422.38
4147,2034-05-09,Electronics,450.31,2,900.62
4148,2034-05-10,Home,449.17,7,3144.19
4149,2034-05-11,Clothing,346.0,5,1730.0
4150,2034-05-12,Toys,430.9,7,3016.2999999999997
4151,2034-05-13,Toys,53.5,1,53.5
4152,2034-05-14,Clothing,433.85,1,433.85
4153,2034-05-15,Home,167.1,5,835.5
4154,2034-05-16,Electronics,97.38,2,194.76
4155,2034-05-17,Electronics,127.29,8,1018.32
4156,2034-05-18,Toys,214.8,3,644.4000000000001
4157,2034-05-19,Clothing,133.08,1,133.08
4158,2034-05-20,Toys,167.08,2,334.16
4159,2034-05-21,Clothing,76.14,7,532.98
4160,2034-05-22,Electronics,155.13,6,930.78
4161,2034-05-23,Home,290.42,8,2323.36
4162,2034-05-24,Clothing,226.51,7,1585.57
4163,2034-05-25,Electronics,179.89,8,1439.12
4164,2034-05-26,Toys,375.76,3,1127.28
4165,2034-05-27,Clothing,447.82,6,2686.92
4166,2034-05-28,Home,380.83,7,2665.81
4167,2034-05-29,Toys,172.68,1,172.68
4168,2034-05-30,Toys,374.78,1,374.78
4169,2034-05-31,Electronics,84.47,7,591.29
4170,2034-06-01,Clothing,73.86,3,221.57999999999998
4171,2034-06-02,Toys,179.36,3,538.08
4172,2034-06-03,Home,405.77,5,2028.85
4173,2034-06-04,Clothing,130.71,6,784.26
4174,2034-06-05,Home,40.99,2,81.98
4175,2034-06-06,Toys,74.54,3,223.62
4176,2034-06-07,Home,430.79,6,2584.7400000000002
4177,2034-06-08,Electronics,320.55,3,961.6500000000001
4178,2034-06-09,Home,134.07,5,670.3499999999999
4179,2034-06-10,Clothing,282.09,9,2538.81
4180,2034-06-11,Home,268.51,3,805.53
4181,2034-06-12,Home,331.16,6,1986.96
4182,2034-06-13,Electronics,124.26,5,621.3000000000001
4183,2034-06-14,Home,433.56,5,2167.8
4184,2034-06-15,Home,161.59,6,969.54
4185,2034-06-16,Toys,350.12,6,2100.7200000000003
4186,2034-06-17,Toys,17.9,1,17.9
4187,2034-06-18,Clothing,192.6,9,1733.3999999999999
4188,2034-06-19,Toys,182.34,5,911.7
4189,2034-06-20,Toys,276.31,1,276.31
4190,2034-06-21,Toys,45.64,8,365.12
4191,2034-06-22,Toys,397.16,7,2780.1200000000003
4192,2034-06-23,Electronics,116.71,7,816.9699999999999
4193,2034-06-24,Toys,341.75,5,1708.75
4194,2034-06-25,Electronics,403.57,1,403.57
4195,2034-06-26,Electronics,285.32,9,2567.88
4196,2034-06-27,Toys,373.03,9,3357.2699999999995
4197,2034-06-28,Home,334.31,8,2674.48
4198,2034-06-29,Electronics,184.21,5,921.0500000000001
4199,2034-06-30,Home,406.34,3,1219.02
4200,2034-07-01,Home,154.4,8,1235.2
4201,2034-07-02,Toys,289.89,1,289.89
4202,2034-07-03,Clothing,375.24,3,1125.72
4203,2034-07-04,Toys,195.69,7,1369.83
4204,2034-07-05,Clothing,158.36,4,633.44
4205,2034-07-06,Clothing,235.08,7,1645.5600000000002
4206,2034-07-07,Toys,410.8,5,2054.0
4207,2034-07-08,Toys,465.66,6,2793.96
4208,2034-07-09,Clothing,277.09,7,1939.6299999999999
4209,2034-07-10,Toys,334.12,7,2338.84
4210,2034-07-11,Clothing,452.6,7,3168.2000000000003
4211,2034-07-12,Home,58.29,7,408.03
4212,2034-07-13,Toys,123.72,7,866.04
4213,2034-07-14,Home,357.36,3,1072.08
4214,2034-07-15,Electronics,413.63,3,1240.8899999999999
4215,2034-07-16,Home,429.94,7,3009.58
4216,2034-07-17,Home,213.4,2,426.8
4217,2034-07-18,Clothing,53.78,2,107.56
4218,2034-07-19,Home,224.51,3,673.53
4219,2034-07-20,Toys,123.06,4,492.24
4220,2034-07-21,Clothing,152.69,6,916.14
4221,2034-07-22,Electronics,388.41,8,3107.28
4222,2034-07-23,Toys,47.01,7,329.07
4223,2034-07-24,Electronics,415.51,4,1662.04
4224,2034-07-25,Home,219.56,2,439.12
4225,2034-07-26,Toys,302.07,2,604.14
4226,2034-07-27,Toys,53.93,4,215.72
4227,2034-07-28,Electronics,175.31,6,1051.8600000000001
4228,2034-07-29,Toys,53.95,3,161.85000000000002
4229,2034-07-30,Toys,481.16,6,2886.96
4230,2034-07-31,Toys,405.56,5,2027.8
4231,2034-08-01,Home,235.22,5,1176.1
4232,2034-08-02,Electronics,119.57,2,239.14
4233,2034-08-03,Toys,467.39,8,3739.12
4234,2034-08-04,Clothing,178.85,5,894.25
4235,2034-08-05,Clothing,88.88,2,177.76
4236,2034-08-06,Clothing,285.95,7,2001.6499999999999
4237,2034-08-07,Clothing,472.45,9,4252.05
4238,2034-08-08,Home,11.88,9,106.92
4239,2034-08-09,Toys,126.68,1,126.68
4240,2034-08-10,Electronics,469.84,7,3288.8799999999997
4241,2034-08-11,Toys,93.83,9,844.47
4242,2034-08-12,Home,65.49,6,392.93999999999994
4243,2034-08-13,Clothing,289.39,1,289.39
4244,2034-08-14,Home,432.3,2,864.6
4245,2034-08-15,Toys,243.78,4,975.12
4246,2034-08-16,Electronics,497.34,4,1989.36
4247,2034-08-17,Home,342.79,2,685.58
4248,2034-08-18,Electronics,46.3,8,370.4
4249,2034-08-19,Home,496.49,2,992.98
4250,2034-08-20,Electronics,209.87,3,629.61
4251,2034-08-21,Electronics,150.83,4,603.32
4252,2034-08-22,Clothing,283.36,9,2550.2400000000002
4253,2034-08-23,Electronics,159.11,1,159.11
4254,2034-08-24,Clothing,52.36,8,418.88
4255,2034-08-25,Toys,10.7,5,53.5
4256,2034-08-26,Toys,230.3,7,1612.1000000000001
4257,2034-08-27,Clothing,420.06,8,3360.48
4258,2034-08-28,Clothing,290.43,5,1452.15
4259,2034-08-29,Home,499.61,8,3996.88
4260,2034-08-30,Home,150.55,8,1204.4
4261,2034-08-31,Home,147.42,9,1326.78
4262,2034-09-01,Toys,88.28,2,176.56
4263,2034-09-02,Home,90.39,3,271.17
4264,2034-09-03,Electronics,149.74,1,149.74
4265,2034-09-04,Electronics,398.49,4,1593.96
4266,2034-09-05,Home,453.82,5,2269.1
4267,2034-09-06,Electronics,487.79,1,487.79
4268,2034-09-07,Toys,123.82,8,990.56
4269,2034-09-08,Electronics,441.84,2,883.68
4270,2034-09-09,Toys,170.84,1,170.84
4271,2034-09-10,Clothing,65.29,2,130.58
4272,2034-09-11,Clothing,436.31,5,2181.55
4273,2034-09-12,Clothing,321.69,9,2895.21
4274,2034-09-13,Clothing,90.72,9,816.48
4275,2034-09-14,Electronics,220.62,2,441.24
4276,2034-09-15,Home,150.76,2,301.52
4277,2034-09-16,Electronics,371.03,3,1113.09
4278,2034-09-17,Toys,232.17,7,1625.1899999999998
4279,2034-09-18,Electronics,494.75,3,1484.25
4280,2034-09-19,Electronics,36.83,1,36.83
4281,2034-09-20,Toys,183.96,6,1103.76
4282,2034-09-21,Clothing,246.13,3,738.39
4283,2034-09-22,Clothing,256.54,1,256.54
4284,2034-09-23,Clothing,164.81,4,659.24
4285,2034-09-24,Home,367.33,1,367.33
4286,2034-09-25,Toys,438.63,1,438.63
4287,2034-09-26,Toys,469.97,2,939.94
4288,2034-09-27,Electronics,404.5,8,3236.0
4289,2034-09-28,Home,426.78,2,853.56
4290,2034-09-29,Clothing,279.77,2,559.54
4291,2034-09-30,Home,414.69,8,3317.52
4292,2034-10-01,Toys,158.72,6,952.3199999999999
4293,2034-10-02,Toys,205.25,4,821.0
4294,2034-10-03,Electronics,165.29,3,495.87
4295,2034-10-04,Electronics,239.02,1,239.02
4296,2034-10-05,Toys,149.93,3,449.79
4297,2034-10-06,Clothing,481.19,9,4330.71
4298,2034-10-07,Clothing,163.29,5,816.4499999999999
4299,2034-10-08,Home,58.04,6,348.24
4300,2034-10-09,Toys,268.14,5,1340.6999999999998
4301,2034-10-10,Toys,37.98,1,37.98
4302,2034-10-11,Clothing,64.17,1,64.17
4303,2034-10-12,Clothing,117.5,4,470.0
4304,2034-10-13,Toys,237.53,3,712.59
4305,2034-10-14,Electronics,222.29,8,1778.32
4306,2034-10-15,Toys,401.85,7,2812.9500000000003
4307,2034-10-16,Toys,372.34,7,2606.3799999999997
4308,2034-10-17,Clothing,218.9,8,1751.2
4309,2034-10-18,Clothing,173.52,7,1214.64
4310,2034-10-19,Electronics,165.07,2,330.14
4311,2034-10-20,Electronics,389.26,4,1557.04
4312,2034-10-21,Home,35.52,6,213.12
4313,2034-10-22,Toys,16.28,3,48.84
4314,2034-10-23,Clothing,399.82,3,1199.46
4315,2034-10-24,Electronics,243.8,6,1462.8000000000002
4316,2034-10-25,Home,74.13,1,74.13
4317,2034-10-26,Home,125.43,1,125.43
4318,2034-10-27,Clothing,466.93,5,2334.65
4319,2034-10-28,Clothing,431.16,1,431.16
4320,2034-10-29,Home,357.79,8,2862.32
4321,2034-10-30,Electronics,246.29,2,492.58
4322,2034-10-31,Home,264.96,6,1589.7599999999998
4323,2034-11-01,Toys,487.87,5,2439.35
4324,2034-11-02,Toys,483.23,4,1932.92
4325,2034-11-03,Clothing,115.48,1,115.48
4326,2034-11-04,Electronics,407.44,3,1222.32
4327,2034-11-05,Electronics,106.65,4,426.6
4328,2034-11-06,Toys,114.63,2,229.26
4329,2034-11-07,Home,341.29,2,682.58
4330,2034-11-08,Clothing,208.45,2,416.9
4331,2034-11-09,Home,466.46,1,466.46
4332,2034-11-10,Home,53.61,2,107.22
4333,2034-11-11,Home,260.65,6,1563.8999999999999
4334,2034-11-12,Electronics,460.08,3,1380.24
4335,2034-11-13,Toys,453.02,5,2265.1
4336,2034-11-14,Electronics,86.7,1,86.7
4337,2034-11-15,Toys,189.65,8,1517.2
4338,2034-11-16,Clothing,313.37,4,1253.48
4339,2034-11-17,Clothing,88.1,9,792.9
4340,2034-11-18,Home,484.33,4,1937.32
4341,2034-11-19,Toys,458.23,2,916.46
4342,2034-11-20,Toys,91.81,3,275.43
4343,2034-11-21,Toys,69.37,5,346.85
4344,2034-11-22,Home,51.85,6,311.1
4345,2034-11-23,Home,455.63,7,3189.41
4346,2034-11-24,Clothing,104.88,4,419.52
4347,2034-11-25,Electronics,213.98,7,1497.86
4348,2034-11-26,Toys,229.94,3,689.8199999999999
4349,2034-11-27,Toys,303.52,7,2124.64
4350,2034-11-28,Electronics,45.15,4,180.6
4351,2034-11-29,Toys,121.11,8,968.88
4352,2034-11-30,Home,466.43,9,4197.87
4353,2034-12-01,Home,455.12,7,3185.84
4354,2034-12-02,Toys,392.83,8,3142.64
4355,2034-12-03,Home,19.51,8,156.08
4356,2034-12-04,Home,170.23,2,340.46
4357,2034-12-05,Toys,317.7,9,2859.2999999999997
4358,2034-12-06,Clothing,144.84,6,869.04
4359,2034-12-07,Electronics,455.7,4,1822.8
4360,2034-12-08,Home,320.61,5,1603.0500000000002
4361,2034-12-09,Clothing,45.23,5,226.14999999999998
4362,2034-12-10,Home,455.41,7,3187.8700000000003
4363,2034-12-11,Home,479.31,9,4313.79
4364,2034-12-12,Electronics,48.08,7,336.56
4365,2034-12-13,Home,270.86,9,2437.7400000000002
4366,2034-12-14,Electronics,158.65,4,634.6
4367,2034-12-15,Electronics,202.49,4,809.96
4368,2034-12-16,Electronics,98.03,6,588.1800000000001
4369,2034-12-17,Clothing,293.26,8,2346.08
4370,2034-12-18,Toys,479.41,9,4314.6900000000005
4371,2034-12-19,Clothing,256.51,1,256.51
4372,2034-12-20,Toys,50.63,1,50.63
4373,2034-12-21,Toys,313.8,8,2510.4
4374,2034-12-22,Electronics,176.71,7,1236.97
4375,2034-12-23,Home,429.4,9,3864.6
4376,2034-12-24,Electronics,222.99,3,668.97
4377,2034-12-25,Home,104.49,5,522.4499999999999
4378,2034-12-26,Toys,103.64,3,310.92
4379,2034-12-27,Electronics,386.69,5,1933.45
4380,2034-12-28,Home,140.14,1,140.14
4381,2034-12-29,Clothing,385.94,4,1543.76
4382,2034-12-30,Home,110.88,6,665.28
4383,2034-12-31,Electronics,167.63,2,335.26
4384,2035-01-01,Clothing,238.09,7,1666.63
4385,2035-01-02,Home,472.17,8,3777.36
4386,2035-01-03,Home,466.55,1,466.55
4387,2035-01-04,Home,111.37,4,445.48
4388,2035-01-05,Home,185.53,4,742.12
4389,2035-01-06,Home,83.21,5,416.04999999999995
4390,2035-01-07,Clothing,259.89,4,1039.56
4391,2035-01-08,Toys,235.69,9,2121.21
4392,2035-01-09,Clothing,451.37,7,3159.59
4393,2035-01-10,Clothing,465.7,2,931.4
4394,2035-01-11,Clothing,197.95,1,197.95
4395,2035-01-12,Toys,250.95,9,2258.5499999999997
4396,2035-01-13,Electronics,449.16,1,449.16
4397,2035-01-14,Toys,405.29,6,2431.7400000000002
4398,2035-01-15,Clothing,11.79,2,23.58
4399,2035-01-16,Home,166.83,4,667.32
4400,2035-01-17,Home,216.67,6,1300.02
4401,2035-01-18,Clothing,122.56,5,612.8
4402,2035-01-19,Home,107.79,6,646.74
4403,2035-01-20,Clothing,28.51,3,85.53
4404,2035-01-21,Home,325.25,5,1626.25
4405,2035-01-22,Toys,138.63,2,277.26
4406,2035-01-23,Electronics,35.65,7,249.54999999999998
4407,2035-01-24,Electronics,123.18,3,369.54
4408,2035-01-25,Toys,402.94,1,402.94
4409,2035-01-26,Toys,427.23,8,3417.84
4410,2035-01-27,Clothing,246.7,8,1973.6
4411,2035-01-28,Clothing,213.87,3,641.61
4412,2035-01-29,Clothing,489.15,7,3424.0499999999997
4413,2035-01-30,Home,108.28,9,974.52
4414,2035-01-31,Clothing,115.53,8,924.24
4415,2035-02-01,Toys,153.01,3,459.03
4416,2035-02-02,Electronics,94.65,2,189.3
4417,2035-02-03,Home,195.89,7,1371.23
4418,2035-02-04,Clothing,456.31,7,3194.17
4419,2035-02-05,Home,311.52,9,2803.68
4420,2035-02-06,Home,211.85,5,1059.25
4421,2035-02-07,Clothing,467.86,4,1871.44
4422,2035-02-08,Home,33.75,8,270.0
4423,2035-02-09,Electronics,113.04,4,452.16
4424,2035-02-10,Toys,287.29,4,1149.16
4425,2035-02-11,Toys,311.62,2,623.24
4426,2035-02-12,Electronics,29.38,1,29.38
4427,2035-02-13,Home,207.49,4,829.96
4428,2035-02-14,Clothing,328.09,7,2296.6299999999997
4429,2035-02-15,Home,352.05,9,3168.4500000000003
4430,2035-02-16,Electronics,322.69,9,2904.21
4431,2035-02-17,Home,167.08,1,167.08
4432,2035-02-18,Toys,55.82,5,279.1
4433,2035-02-19,Home,219.29,7,1535.03
4434,2035-02-20,Electronics,73.09,7,511.63
4435,2035-02-21,Toys,474.34,6,2846.04
4436,2035-02-22,Home,242.83,4,971.32
4437,2035-02-23,Home,165.46,3,496.38
4438,2035-02-24,Toys,385.49,9,3469.41
4439,2035-02-25,Clothing,253.99,4,1015.96
4440,2035-02-26,Toys,161.92,8,1295.36
4441,2035-02-27,Clothing,407.86,1,407.86
4442,2035-02-28,Electronics,434.9,7,3044.2999999999997
4443,2035-03-01,Electronics,339.77,6,2038.62
4444,2035-03-02,Toys,33.01,1,33.01
4445,2035-03-03,Toys,287.5,4,1150.0
4446,2035-03-04,Electronics,384.01,5,1920.05
4447,2035-03-05,Clothing,76.89,8,615.12
4448,2035-03-06,Electronics,122.05,4,488.2
4449,2035-03-07,Toys,442.42,3,1327.26
4450,2035-03-08,Electronics,19.86,2,39.72
4451,2035-03-09,Toys,378.84,4,1515.36
4452,2035-03-10,Toys,242.15,4,968.6
4453,2035-03-11,Electronics,228.92,5,1144.6
4454,2035-03-12,Clothing,13.48,7,94.36
4455,2035-03-13,Home,411.51,9,3703.59
4456,2035-03-14,Electronics,186.31,2,372.62
4457,2035-03-15,Home,274.98,5,1374.9
4458,2035-03-16,Electronics,341.88,9,3076.92
4459,2035-03-17,Home,354.29,3,1062.8700000000001
4460,2035-03-18,Clothing,478.43,1,478.43
4461,2035-03-19,Clothing,270.36,2,540.72
4462,2035-03-20,Electronics,205.86,6,1235.16
4463,2035-03-21,Toys,477.31,5,2386.55
4464,2035-03-22,Home,324.63,1,324.63
4465,2035-03-23,Toys,156.09,1,156.09
4466,2035-03-24,Toys,71.97,4,287.88
4467,2035-03-25,Toys,422.85,4,1691.4
4468,2035-03-26,Clothing,187.47,6,1124.82
4469,2035-03-27,Electronics,333.63,6,2001.78
4470,2035-03-28,Electronics,240.7,6,1444.1999999999998
4471,2035-03-29,Clothing,107.48,1,107.48
4472,2035-03-30,Clothing,304.83,9,2743.47
4473,2035-03-31,Electronics,39.73,7,278.10999999999996
4474,2035-04-01,Toys,212.54,7,1487.78
4475,2035-04-02,Home,277.84,7,1944.8799999999999
4476,2035-04-03,Home,223.66,2,447.32
4477,2035-04-04,Home,376.85,2,753.7
4478,2035-04-05,Toys,415.68,6,2494.08
4479,2035-04-06,Electronics,387.91,7,2715.3700000000003
4480,2035-04-07,Clothing,29.02,3,87.06
4481,2035-04-08,Electronics,105.12,4,420.48
4482,2035-04-09,Toys,272.94,3,818.8199999999999
4483,2035-04-10,Clothing,468.06,7,3276.42
4484,2035-04-11,Toys,419.13,7,2933.91
4485,2035-04-12,Home,422.84,4,1691.36
4486,2035-04-13,Home,158.57,7,1109.99
4487,2035-04-14,Toys,220.43,5,1102.15
4488,2035-04-15,Clothing,240.65,1,240.65
4489,2035-04-16,Clothing,87.11,4,348.44
4490,2035-04-17,Electronics,25.22,7,176.54
4491,2035-04-18,Home,473.98,2,947.96
4492,2035-04-19,Electronics,127.95,2,255.9
4493,2035-04-20,Electronics,127.57,1,127.57
4494,2035-04-21,Toys,50.86,2,101.72
4495,2035-04-22,Toys,464.97,8,3719.76
4496,2035-04-23,Electronics,294.07,8,2352.56
4497,2035-04-24,Home,336.85,8,2694.8
4498,2035-04-25,Toys,456.67,1,456.67
4499,2035-04-26,Electronics,179.35,1,179.35
4500,2035-04-27,Electronics,314.54,4,1258.16
4501,2035-04-28,Electronics,29.01,6,174.06
4502,2035-04-29,Electronics,101.52,8,812.16
4503,2035-04-30,Electronics,417.31,2,834.62
4504,2035-05-01,Electronics,385.72,3,1157.16
4505,2035-05-02,Toys,181.81,6,1090.8600000000001
4506,2035-05-03,Home,194.64,4,778.56
4507,2035-05-04,Electronics,271.44,2,542.88
4508,2035-05-05,Clothing,10.12,7,70.83999999999999
4509,2035-05-06,Toys,128.21,4,512.84
4510,2035-05-07,Toys,112.03,8,896.24
4511,2035-05-08,Electronics,132.74,8,1061.92
4512,2035-05-09,Toys,404.89,7,2834.23
4513,2035-05-10,Electronics,147.04,9,1323.36
4514,2035-05-11,Home,103.85,4,415.4
4515,2035-05-12,Home,257.09,7,1799.6299999999999
4516,2035-05-13,Toys,434.17,1,434.17
4517,2035-05-14,Toys,128.26,4,513.04
4518,2035-05-15,Clothing,48.48,2,96.96
4519,2035-05-16,Toys,184.64,9,1661.7599999999998
4520,2035-05-17,Clothing,376.35,5,1881.75
4521,2035-05-18,Home,279.84,3,839.52
4522,2035-05-19,Home,410.23,4,1640.92
4523,2035-05-20,Electronics,480.2,6,2881.2
4524,2035-05-21,Home,398.4,1,398.4
4525,2035-05-22,Clothing,305.86,7,2141.02
4526,2035-05-23,Toys,251.74,8,2013.92
4527,2035-05-24,Electronics,29.63,7,207.41
4528,2035-05-25,Clothing,492.32,7,3446.24
4529,2035-05-26,Toys,197.91,9,1781.19
4530,2035-05-27,Electronics,84.59,4,338.36
4531,2035-05-28,Home,336.69,7,2356.83
4532,2035-05-29,Clothing,149.3,9,1343.7
4533,2035-05-30,Toys,297.03,5,1485.1499999999999
4534,2035-05-31,Electronics,297.52,2,595.04
4535,2035-06-01,Electronics,228.41,5,1142.05
4536,2035-06-02,Home,419.7,4,1678.8
4537,2035-06-03,Toys,139.83,8,1118.64
4538,2035-06-04,Home,229.83,5,1149.15
4539,2035-06-05,Home,273.47,9,2461.2300000000005
4540,2035-06-06,Toys,335.18,9,3016.62
4541,2035-06-07,Toys,394.15,3,1182.4499999999998
4542,2035-06-08,Toys,203.46,6,1220.76
4543,2035-06-09,Clothing,326.56,6,1959.3600000000001
4544,2035-06-10,Toys,83.8,4,335.2
4545,2035-06-11,Electronics,467.0,3,1401.0
4546,2035-06-12,Home,197.7,1,197.7
4547,2035-06-13,Clothing,367.47,7,2572.29
4548,2035-06-14,Toys,19.97,5,99.85
4549,2035-06-15,Clothing,110.54,7,773.7800000000001
4550,2035-06-16,Toys,248.67,1,248.67
4551,2035-06-17,Clothing,440.34,8,3522.72
4552,2035-06-18,Home,268.36,3,805.08
4553,2035-06-19,Home,465.64,7,3259.48
4554,2035-06-20,Electronics,247.06,3,741.1800000000001
4555,2035-06-21,Electronics,250.32,3,750.96
4556,2035-06-22,Toys,68.68,9,618.1200000000001
4557,2035-06-23,Home,403.3,2,806.6
4558,2035-06-24,Clothing,131.01,4,524.04
4559,2035-06-25,Clothing,450.81,6,2704.86
4560,2035-06-26,Clothing,456.3,3,1368.9
4561,2035-06-27,Electronics,472.22,7,3305.54
4562,2035-06-28,Clothing,264.91,7,1854.3700000000001
4563,2035-06-29,Electronics,341.78,5,1708.8999999999999
4564,2035-06-30,Electronics,391.47,3,1174.41
4565,2035-07-01,Toys,74.2,2,148.4
4566,2035-07-02,Clothing,304.47,4,1217.88
4567,2035-07-03,Clothing,26.81,4,107.24
4568,2035-07-04,Home,253.81,8,2030.48
4569,2035-07-05,Toys,85.87,8,686.96
4570,2035-07-06,Home,99.63,5,498.15
4571,2035-07-07,Toys,188.87,6,1133.22
4572,2035-07-08,Clothing,221.89,8,1775.12
4573,2035-07-09,Electronics,315.35,1,315.35
4574,2035-07-10,Electronics,46.47,5,232.35
4575,2035-07-11,Electronics,256.81,4,1027.24
4576,2035-07-12,Electronics,99.49,4,397.96
4577,2035-07-13,Electronics,291.25,2,582.5
4578,2035-07-14,Home,322.33,1,322.33
4579,2035-07-15,Toys,282.79,6,1696.7400000000002
4580,2035-07-16,Clothing,371.76,7,2602.3199999999997
4581,2035-07-17,Home,174.45,5,872.25
4582,2035-07-18,Toys,384.9,8,3079.2
4583,2035-07-19,Electronics,222.06,9,1998.54
4584,2035-07-20,Toys,247.25,2,494.5
4585,2035-07-21,Toys,327.57,4,1310.28
4586,2035-07-22,Electronics,19.0,9,171.0
4587,2035-07-23,Electronics,330.46,5,1652.3
4588,2035-07-24,Electronics,313.11,3,939.33
4589,2035-07-25,Clothing,161.83,6,970.98
4590,2035-07-26,Electronics,52.04,3,156.12
4591,2035-07-27,Clothing,54.56,5,272.8
4592,2035-07-28,Electronics,462.38,3,1387.1399999999999
4593,2035-07-29,Clothing,347.75,6,2086.5
4594,2035-07-30,Toys,72.28,5,361.4
4595,2035-07-31,Home,184.79,9,1663.11
4596,2035-08-01,Toys,300.32,3,900.96
4597,2035-08-02,Toys,419.43,6,2516.58
4598,2035-08-03,Electronics,31.39,8,251.12
4599,2035-08-04,Clothing,125.95,7,881.65
4600,2035-08-05,Home,445.98,6,2675.88
4601,2035-08-06,Electronics,14.49,2,28.98
4602,2035-08-07,Electronics,108.69,7,760.8299999999999
4603,2035-08-08,Electronics,479.92,8,3839.36
4604,2035-08-09,Toys,310.57,1,310.57
4605,2035-08-10,Clothing,138.22,9,1243.98
4606,2035-08-11,Clothing,42.83,4,171.32
4607,2035-08-12,Home,23.81,8,190.48
4608,2035-08-13,Clothing,129.93,7,909.51
4609,2035-08-14,Clothing,441.93,7,3093.51
4610,2035-08-15,Electronics,213.8,2,427.6
4611,2035-08-16,Electronics,362.96,1,362.96
4612,2035-08-17,Toys,459.96,4,1839.84
4613,2035-08-18,Electronics,209.94,2,419.88
4614,2035-08-19,Electronics,103.73,8,829.84
4615,2035-08-20,Electronics,263.39,7,1843.73
4616,2035-08-21,Electronics,454.96,8,3639.68
4617,2035-08-22,Toys,404.14,6,2424.84
4618,2035-08-23,Electronics,42.26,1,42.26
4619,2035-08-24,Home,349.36,9,3144.2400000000002
4620,2035-08-25,Home,290.23,6,1741.38
4621,2035-08-26,Home,454.66,1,454.66
4622,2035-08-27,Home,70.02,1,70.02
4623,2035-08-28,Electronics,271.68,8,2173.44
4624,2035-08-29,Home,440.94,6,2645.64
4625,2035-08-30,Electronics,210.91,8,1687.28
4626,2035-08-31,Toys,246.18,8,1969.44
4627,2035-09-01,Home,44.53,8,356.24
4628,2035-09-02,Clothing,146.29,7,1024.03
4629,2035-09-03,Home,169.01,7,1183.07
4630,2035-09-04,Home,473.11,4,1892.44
4631,2035-09-05,Electronics,148.51,9,1336.59
4632,2035-09-06,Home,235.83,2,471.66
4633,2035-09-07,Clothing,338.94,9,3050.46
4634,2035-09-08,Electronics,89.47,3,268.40999999999997
4635,2035-09-09,Electronics,248.36,2,496.72
4636,2035-09-10,Toys,371.88,4,1487.52
4637,2035-09-11,Toys,434.76,5,2173.8
4638,2035-09-12,Home,316.87,2,633.74
4639,2035-09-13,Toys,337.84,1,337.84
4640,2035-09-14,Toys,71.88,5,359.4
4641,2035-09-15,Toys,473.43,9,4260.87
4642,2035-09-16,Electronics,74.96,5,374.79999999999995
4643,2035-09-17,Electronics,389.59,9,3506.31
4644,2035-09-18,Electronics,139.76,6,838.56
4645,2035-09-19,Toys,467.46,3,1402.3799999999999
4646,2035-09-20,Electronics,362.78,4,1451.12
4647,2035-09-21,Toys,379.37,4,1517.48
4648,2035-09-22,Electronics,117.34,1,117.34
4649,2035-09-23,Electronics,227.09,3,681.27
4650,2035-09-24,Clothing,312.73,3,938.19
4651,2035-09-25,Home,387.29,1,387.29
4652,2035-09-26,Toys,60.94,9,548.46
4653,2035-09-27,Clothing,481.56,1,481.56
4654,2035-09-28,Electronics,446.21,9,4015.89
4655,2035-09-29,Toys,142.47,1,142.47
4656,2035-09-30,Electronics,413.15,2,826.3
4657,2035-10-01,Home,263.98,2,527.96
4658,2035-10-02,Clothing,236.29,6,1417.74
4659,2035-10-03,Home,164.07,7,1148.49
4660,2035-10-04,Clothing,294.67,1,294.67
4661,2035-10-05,Electronics,367.65,3,1102.9499999999998
4662,2035-10-06,Home,211.36,2,422.72
4663,2035-10-07,Home,318.32,8,2546.56
4664,2035-10-08,Electronics,352.66,9,3173.94
4665,2035-10-09,Home,358.45,2,716.9
4666,2035-10-10,Toys,35.46,2,70.92
4667,2035-10-11,Clothing,431.28,9,3881.5199999999995
4668,2035-10-12,Clothing,234.54,4,938.16
4669,2035-10-13,Clothing,138.58,5,692.9000000000001
4670,2035-10-14,Toys,128.46,9,1156.14
4671,2035-10-15,Clothing,246.68,6,1480.08
4672,2035-10-16,Electronics,444.55,9,4000.9500000000003
4673,2035-10-17,Home,195.39,9,1758.5099999999998
4674,2035-10-18,Toys,377.37,7,2641.59
4675,2035-10-19,Clothing,57.44,9,516.96
4676,2035-10-20,Electronics,243.27,5,1216.3500000000001
4677,2035-10-21,Home,495.93,5,2479.65
4678,2035-10-22,Home,387.51,8,3100.08
4679,2035-10-23,Toys,113.16,4,452.64
4680,2035-10-24,Toys,255.71,9,2301.39
4681,2035-10-25,Toys,124.48,7,871.36
4682,2035-10-26,Electronics,210.68,7,1474.76
4683,2035-10-27,Electronics,392.24,3,1176.72
4684,2035-10-28,Toys,387.9,4,1551.6
4685,2035-10-29,Clothing,121.77,7,852.39
4686,2035-10-30,Home,461.89,5,2309.45
4687,2035-10-31,Home,300.36,3,901.08
4688,2035-11-01,Electronics,196.16,1,196.16
4689,2035-11-02,Home,255.95,7,1791.6499999999999
4690,2035-11-03,Clothing,306.48,6,1838.88
4691,2035-11-04,Home,284.35,7,1990.4500000000003
4692,2035-11-05,Electronics,248.34,2,496.68
4693,2035-11-06,Electronics,257.42,4,1029.68
4694,2035-11-07,Clothing,96.44,2,192.88
4695,2035-11-08,Clothing,408.24,8,3265.92
4696,2035-11-09,Home,275.46,7,1928.2199999999998
4697,2035-11-10,Home,74.23,1,74.23
4698,2035-11-11,Electronics,385.42,2,770.84
4699,2035-11-12,Clothing,466.9,2,933.8
4700,2035-11-13,Clothing,474.18,4,1896.72
4701,2035-11-14,Clothing,190.82,3,572.46
4702,2035-11-15,Home,76.4,1,76.4
4703,2035-11-16,Clothing,264.02,2,528.04
4704,2035-11-17,Electronics,65.18,9,586.6200000000001
4705,2035-11-18,Electronics,467.65,1,467.65
4706,2035-11-19,Home,99.95,9,899.5500000000001
4707,2035-11-20,Toys,133.86,7,937.0200000000001
4708,2035-11-21,Home,209.25,2,418.5
4709,2035-11-22,Toys,197.75,2,395.5
4710,2035-11-23,Clothing,399.38,5,1996.9
4711,2035-11-24,Home,233.6,5,1168.0
4712,2035-11-25,Electronics,93.68,4,374.72
4713,2035-11-26,Clothing,140.93,3,422.79
4714,2035-11-27,Electronics,259.47,4,1037.88
4715,2035-11-28,Clothing,82.25,4,329.0
4716,2035-11-29,Home,309.71,2,619.42
4717,2035-11-30,Toys,287.22,5,1436.1000000000001
4718,2035-12-01,Clothing,360.2,5,1801.0
4719,2035-12-02,Toys,469.48,5,2347.4
4720,2035-12-03,Clothing,457.0,1,457.0
4721,2035-12-04,Electronics,473.58,6,2841.48
4722,2035-12-05,Electronics,129.91,2,259.82
4723,2035-12-06,Clothing,74.47,7,521.29
4724,2035-12-07,Toys,158.12,4,632.48
4725,2035-12-08,Home,448.59,5,2242.95
4726,2035-12-09,Home,486.31,5,2431.55
4727,2035-12-10,Electronics,431.07,5,2155.35
4728,2035-12-11,Home,63.91,2,127.82
4729,2035-12-12,Electronics,474.24,5,2371.2
4730,2035-12-13,Home,217.45,3,652.3499999999999
4731,2035-12-14,Clothing,14.56,4,58.24
4732,2035-12-15,Electronics,226.77,2,453.54
4733,2035-12-16,Electronics,32.57,4,130.28
4734,2035-12-17,Clothing,276.5,9,2488.5
4735,2035-12-18,Electronics,175.89,8,1407.12
4736,2035-12-19,Home,241.98,3,725.9399999999999
4737,2035-12-20,Home,310.45,1,310.45
4738,2035-12-21,Electronics,435.71,1,435.71
4739,2035-12-22,Home,334.33,6,2005.98
4740,2035-12-23,Toys,222.68,3,668.04
4741,2035-12-24,Electronics,411.52,4,1646.08
4742,2035-12-25,Clothing,453.74,1,453.74
4743,2035-12-26,Toys,68.68,8,549.44
4744,2035-12-27,Electronics,270.65,1,270.65
4745,2035-12-28,Clothing,149.41,5,747.05
4746,2035-12-29,Home,33.06,6,198.36
4747,2035-12-30,Clothing,337.59,2,675.18
4748,2035-12-31,Toys,432.76,7,3029.3199999999997
4749,2036-01-01,Home,89.82,7,628.74
4750,2036-01-02,Electronics,408.08,1,408.08
4751,2036-01-03,Home,428.16,4,1712.64
4752,2036-01-04,Electronics,458.03,4,1832.12
4753,2036-01-05,Electronics,139.99,5,699.95
4754,2036-01-06,Clothing,452.94,1,452.94
4755,2036-01-07,Clothing,167.12,1,167.12
4756,2036-01-08,Clothing,280.65,7,1964.5499999999997
4757,2036-01-09,Toys,34.75,9,312.75
4758,2036-01-10,Toys,31.5,1,31.5
4759,2036-01-11,Clothing,362.98,2,725.96
4760,2036-01-12,Toys,227.8,6,1366.8000000000002
4761,2036-01-13,Home,135.58,6,813.48
4762,2036-01-14,Home,103.3,2,206.6
4763,2036-01-15,Toys,338.28,9,3044.5199999999995
4764,2036-01-16,Toys,10.2,4,40.8
4765,2036-01-17,Home,404.89,7,2834.23
4766,2036-01-18,Electronics,48.83,6,292.98
4767,2036-01-19,Home,103.83,3,311.49
4768,2036-01-20,Home,199.26,8,1594.08
4769,2036-01-21,Toys,247.58,7,1733.0600000000002
4770,2036-01-22,Home,183.95,9,1655.55
4771,2036-01-23,Toys,167.15,3,501.45000000000005
4772,2036-01-24,Toys,482.32,1,482.32
4773,2036-01-25,Clothing,324.37,2,648.74
4774,2036-01-26,Home,21.48,1,21.48
4775,2036-01-27,Electronics,220.79,5,1103.95
4776,2036-01-28,Clothing,438.75,2,877.5
4777,2036-01-29,Toys,157.71,3,473.13
4778,2036-01-30,Toys,56.33,8,450.64
4779,2036-01-31,Electronics,381.61,5,1908.0500000000002
4780,2036-02-01,Toys,306.95,4,1227.8
4781,2036-02-02,Home,289.45,5,1447.25
4782,2036-02-03,Clothing,36.25,6,217.5
4783,2036-02-04,Toys,78.84,7,551.88
4784,2036-02-05,Toys,315.05,9,2835.4500000000003
4785,2036-02-06,Electronics,111.83,1,111.83
4786,2036-02-07,Home,256.99,4,1027.96
4787,2036-02-08,Toys,276.99,9,2492.91
4788,2036-02-09,Electronics,148.92,5,744.5999999999999
4789,2036-02-10,Toys,474.73,8,3797.84
4790,2036-02-11,Electronics,422.81,1,422.81
4791,2036-02-12,Electronics,363.96,4,1455.84
4792,2036-02-13,Home,48.22,9,433.98
4793,2036-02-14,Toys,62.0,1,62.0
4794,2036-02-15,Home,251.46,1,251.46
4795,2036-02-16,Electronics,88.75,4,355.0
4796,2036-02-17,Clothing,489.35,3,1468.0500000000002
4797,2036-02-18,Toys,87.67,7,613.69
4798,2036-02-19,Clothing,248.86,3,746.58
4799,2036-02-20,Toys,188.42,1,188.42
4800,2036-02-21,Home,323.3,2,646.6
4801,2036-02-22,Home,73.23,4,292.92
4802,2036-02-23,Home,220.86,1,220.86
4803,2036-02-24,Home,144.61,1,144.61
4804,2036-02-25,Home,445.0,8,3560.0
4805,2036-02-26,Clothing,29.89,7,209.23000000000002
4806,2036-02-27,Home,457.73,8,3661.84
4807,2036-02-28,Electronics,418.17,4,1672.68
4808,2036-02-29,Electronics,155.81,6,934.86
4809,2036-03-01,Clothing,396.75,3,1190.25
4810,2036-03-02,Toys,25.29,8,202.32
4811,2036-03-03,Electronics,483.76,4,1935.04
4812,2036-03-04,Toys,268.03,3,804.0899999999999
4813,2036-03-05,Clothing,158.61,4,634.44
4814,2036-03-06,Toys,187.67,6,1126.02
4815,2036-03-07,Toys,42.54,7,297.78
4816,2036-03-08,Toys,494.78,7,3463.46
4817,2036-03-09,Toys,29.25,4,117.0
4818,2036-03-10,Clothing,330.9,8,2647.2
4819,2036-03-11,Electronics,226.94,7,1588.58
4820,2036-03-12,Home,474.97,2,949.94
4821,2036-03-13,Toys,130.54,8,1044.32
4822,2036-03-14,Electronics,270.72,9,2436.4800000000005
4823,2036-03-15,Electronics,246.35,5,1231.75
4824,2036-03-16,Clothing,354.4,4,1417.6
4825,2036-03-17,Electronics,43.33,4,173.32
4826,2036-03-18,Clothing,104.96,4,419.84
4827,2036-03-19,Toys,115.14,6,690.84
4828,2036-03-20,Toys,371.69,4,1486.76
4829,2036-03-21,Home,102.68,7,718.76
4830,2036-03-22,Home,291.01,7,2037.07
4831,2036-03-23,Home,115.47,5,577.35
4832,2036-03-24,Electronics,432.2,5,2161.0
4833,2036-03-25,Toys,471.67,8,3773.36
4834,2036-03-26,Clothing,264.06,7,1848.42
4835,2036-03-27,Home,182.63,7,1278.4099999999999
4836,2036-03-28,Clothing,124.69,6,748.14
4837,2036-03-29,Clothing,34.39,7,240.73000000000002
4838,2036-03-30,Home,141.57,7,990.99
4839,2036-03-31,Toys,330.58,2,661.16
4840,2036-04-01,Home,271.47,2,542.94
4841,2036-04-02,Clothing,472.58,7,3308.06
4842,2036-04-03,Home,204.18,7,1429.26
4843,2036-04-04,Clothing,349.99,7,2449.9300000000003
4844,2036-04-05,Clothing,249.77,5,1248.8500000000001
4845,2036-04-06,Home,261.16,1,261.16
4846,2036-04-07,Electronics,141.21,2,282.42
4847,2036-04-08,Home,232.93,9,2096.37
4848,2036-04-09,Electronics,240.68,8,1925.44
4849,2036-04-10,Clothing,356.25,8,2850.0
4850,2036-04-11,Clothing,470.91,1,470.91
4851,2036-04-12,Electronics,171.37,6,1028.22
4852,2036-04-13,Clothing,30.68,9,276.12
4853,2036-04-14,Electronics,253.18,8,2025.44
4854,2036-04-15,Electronics,276.79,3,830.3700000000001
4855,2036-04-16,Clothing,92.54,4,370.16
4856,2036-04-17,Toys,382.63,3,1147.8899999999999
4857,2036-04-18,Electronics,492.62,6,2955.7200000000003
4858,2036-04-19,Home,473.43,9,4260.87
4859,2036-04-20,Home,106.58,8,852.64
4860,2036-04-21,Clothing,438.93,4,1755.72
4861,2036-04-22,Toys,355.2,2,710.4
4862,2036-04-23,Clothing,232.38,8,1859.04
4863,2036-04-24,Toys,274.9,8,2199.2
4864,2036-04-25,Electronics,426.3,6,2557.8
4865,2036-04-26,Electronics,245.27,8,1962.16
4866,2036-04-27,Electronics,192.87,9,1735.83
4867,2036-04-28,Electronics,251.69,1,251.69
4868,2036-04-29,Home,293.77,9,2643.93
4869,2036-04-30,Home,102.65,2,205.3
4870,2036-05-01,Clothing,451.44,1,451.44
4871,2036-05-02,Toys,340.35,8,2722.8
4872,2036-05-03,Electronics,320.3,8,2562.4
4873,2036-05-04,Electronics,58.75,4,235.0
4874,2036-05-05,Toys,306.05,8,2448.4
4875,2036-05-06,Toys,69.27,7,484.89
4876,2036-05-07,Clothing,48.56,2,97.12
4877,2036-05-08,Toys,268.38,5,1341.9
4878,2036-05-09,Electronics,207.36,4,829.44
4879,2036-05-10,Electronics,298.52,3,895.56
4880,2036-05-11,Electronics,53.72,1,53.72
4881,2036-05-12,Electronics,221.18,5,1105.9
4882,2036-05-13,Electronics,95.65,8,765.2
4883,2036-05-14,Clothing,493.68,9,4443.12
4884,2036-05-15,Electronics,284.96,7,1994.7199999999998
4885,2036-05-16,Clothing,346.84,1,346.84
4886,2036-05-17,Electronics,169.45,1,169.45
4887,2036-05-18,Home,56.42,1,56.42
4888,2036-05-19,Home,488.18,2,976.36
4889,2036-05-20,Home,150.27,1,150.27
4890,2036-05-21,Home,217.67,4,870.68
4891,2036-05-22,Clothing,328.43,9,2955.87
4892,2036-05-23,Clothing,22.1,4,88.4
4893,2036-05-24,Toys,407.03,4,1628.12
4894,2036-05-25,Electronics,272.92,7,1910.44
4895,2036-05-26,Home,146.33,9,1316.97
4896,2036-05-27,Clothing,40.19,7,281.33
4897,2036-05-28,Electronics,89.62,1,89.62
4898,2036-05-29,Electronics,448.57,1,448.57
4899,2036-05-30,Clothing,346.15,4,1384.6
4900,2036-05-31,Home,132.45,4,529.8
4901,2036-06-01,Toys,42.14,1,42.14
4902,2036-06-02,Electronics,348.4,6,2090.3999999999996
4903,2036-06-03,Toys,290.48,2,580.96
4904,2036-06-04,Home,208.21,5,1041.05
4905,2036-06-05,Home,188.17,8,1505.36
4906,2036-06-06,Toys,116.24,3,348.71999999999997
4907,2036-06-07,Home,338.11,9,3042.9900000000002
4908,2036-06-08,Electronics,485.63,7,3399.41
4909,2036-06-09,Toys,96.1,9,864.9
4910,2036-06-10,Home,302.59,1,302.59
4911,2036-06-11,Toys,217.85,5,1089.25
4912,2036-06-12,Electronics,228.88,3,686.64
4913,2036-06-13,Home,134.53,4,538.12
4914,2036-06-14,Electronics,414.32,4,1657.28
4915,2036-06-15,Home,247.78,7,1734.46
4916,2036-06-16,Clothing,276.27,8,2210.16
4917,2036-06-17,Home,159.33,5,796.6500000000001
4918,2036-06-18,Toys,99.09,7,693.63
4919,2036-06-19,Home,52.1,3,156.3
4920,2036-06-20,Electronics,359.92,3,1079.76
4921,2036-06-21,Electronics,106.15,3,318.45000000000005
4922,2036-06-22,Home,348.14,4,1392.56
4923,2036-06-23,Toys,201.28,6,1207.68
4924,2036-06-24,Clothing,213.73,5,1068.6499999999999
4925,2036-06-25,Toys,239.9,8,1919.2
4926,2036-06-26,Clothing,190.18,5,950.9000000000001
4927,2036-06-27,Electronics,59.3,5,296.5
4928,2036-06-28,Toys,161.72,2,323.44
4929,2036-06-29,Clothing,335.23,5,1676.15
4930,2036-06-30,Home,336.23,7,2353.61
4931,2036-07-01,Electronics,150.25,2,300.5
4932,2036-07-02,Home,235.45,6,1412.6999999999998
4933,2036-07-03,Electronics,104.79,7,733.5300000000001
4934,2036-07-04,Toys,113.08,5,565.4
4935,2036-07-05,Toys,21.29,9,191.60999999999999
4936,2036-07-06,Electronics,449.41,4,1797.64
4937,2036-07-07,Electronics,113.25,1,113.25
4938,2036-07-08,Electronics,121.49,8,971.92
4939,2036-07-09,Toys,147.0,8,1176.0
4940,2036-07-10,Clothing,72.43,7,507.01000000000005
4941,2036-07-11,Home,323.24,8,2585.92
4942,2036-07-12,Home,46.82,2,93.64
4943,2036-07-13,Toys,75.76,3,227.28000000000003
4944,2036-07-14,Home,325.93,9,2933.37
4945,2036-07-15,Electronics,176.43,1,176.43
4946,2036-07-16,Clothing,356.89,8,2855.12
4947,2036-07-17,Home,283.14,8,2265.12
4948,2036-07-18,Clothing,135.45,7,948.1499999999999
4949,2036-07-19,Electronics,328.91,5,1644.5500000000002
4950,2036-07-20,Home,66.97,4,267.88
4951,2036-07-21,Toys,272.84,6,1637.04
4952,2036-07-22,Clothing,224.2,1,224.2
4953,2036-07-23,Electronics,141.26,5,706.3
4954,2036-07-24,Clothing,305.96,4,1223.84
4955,2036-07-25,Home,436.95,4,1747.8
4956,2036-07-26,Home,499.46,7,3496.22
4957,2036-07-27,Toys,307.8,9,2770.2000000000003
4958,2036-07-28,Electronics,208.31,8,1666.48
4959,2036-07-29,Electronics,120.35,8,962.8
4960,2036-07-30,Toys,135.98,5,679.9
4961,2036-07-31,Toys,244.93,6,1469.58
4962,2036-08-01,Electronics,189.97,2,379.94
4963,2036-08-02,Clothing,457.77,3,1373.31
4964,2036-08-03,Clothing,190.46,5,952.3000000000001
4965,2036-08-04,Toys,192.99,2,385.98
4966,2036-08-05,Clothing,197.93,3,593.79
4967,2036-08-06,Electronics,419.94,4,1679.76
4968,2036-08-07,Home,328.89,6,1973.34
4969,2036-08-08,Home,310.94,5,1554.7
4970,2036-08-09,Clothing,173.73,4,694.92
4971,2036-08-10,Toys,410.77,2,821.54
4972,2036-08-11,Toys,28.8,5,144.0
4973,2036-08-12,Toys,436.69,5,2183.45
4974,2036-08-13,Toys,261.25,7,1828.75
4975,2036-08-14,Toys,205.14,1,205.14
4976,2036-08-15,Clothing,253.61,4,1014.44
4977,2036-08-16,Home,337.03,5,1685.1499999999999
4978,2036-08-17,Home,16.26,8,130.08
4979,2036-08-18,Clothing,437.06,8,3496.48
4980,2036-08-19,Toys,228.9,1,228.9
4981,2036-08-20,Clothing,178.05,5,890.25
4982,2036-08-21,Home,77.74,1,77.74
4983,2036-08-22,Electronics,225.34,1,225.34
4984,2036-08-23,Clothing,253.2,2,506.4
4985,2036-08-24,Toys,207.79,2,415.58
4986,2036-08-25,Home,342.54,9,3082.86
4987,2036-08-26,Home,216.24,4,864.96
4988,2036-08-27,Home,481.09,3,1443.27
4989,2036-08-28,Home,303.65,1,303.65
4990,2036-08-29,Toys,405.66,2,811.32
4991,2036-08-30,Electronics,63.58,6,381.48
4992,2036-08-31,Home,204.67,9,1842.03
4993,2036-09-01,Clothing,175.06,5,875.3
4994,2036-09-02,Electronics,289.05,4,1156.2
4995,2036-09-03,Home,431.95,5,2159.75
4996,2036-09-04,Electronics,48.39,9,435.51
4997,2036-09-05,Clothing,45.56,7,318.92
4998,2036-09-06,Home,426.66,8,3413.28
4999,2036-09-07,Clothing,114.3,4,457.2
5000,2036-09-08,Toys,337.69,8,2701.52
